/*-----------------------------------------------------------------------------------------------------------------------|
| MIT License (MIT)                                                                                                      |
| Copyright (C) 2026      by Michel Braz de Morais  <michel.braz.morais@gmail.com>                                       |
|                                                                                                                        |
| Permission is hereby granted, free of charge, to any person obtaining a copy of this software and associated           |
| documentation files (the "Software"), to deal in the Software without restriction, including without limitation      |
| the rights to use, copy, modify, merge, publish, distribute, sublicense, and/or sell copies of the Software, and       |
| to permit persons to whom the Software is furnished to do so, subject to the following conditions:                     |
|                                                                                                                        |
| The above copyright notice and this permission notice shall be included in all copies or substantial portions of       |
| the Software.                                                                                                          |
|                                                                                                                        |
| THE SOFTWARE IS PROVIDED "AS IS", WITHOUT WARRANTY OF ANY KIND, EXPRESS OR IMPLIED, INCLUDING BUT NOT LIMITED TO THE |
| WARRANTIES OF MERCHANTABILITY, FITNESS FOR A PARTICULAR PURPOSE AND NONINFRINGEMENT. IN NO EVENT SHALL THE AUTHORS OR  |
| COPYRIGHT HOLDERS BE LIABLE FOR ANY CLAIM, DAMAGES OR OTHER LIABILITY, WHETHER IN AN ACTION OF CONTRACT, TORT OR       |
| OTHERWISE, ARISING FROM, OUT OF OR IN CONNECTION WITH THE SOFTWARE OR THE USE OR OTHER DEALINGS IN THE SOFTWARE.       |
|                                                                                                                        |
|-----------------------------------------------------------------------------------------------------------------------*/

#ifndef MY_RESOUCE_particle_H
#define MY_RESOUCE_particle_H

    #include <core_mbm/image-resource.h>

    constexpr char * nickNameImageFromResource_particle  = "__particle\0";
    constexpr uint32_t widthImageFromResource_particle  = 256;
    constexpr uint32_t heightImageFromResource_particle = 256;
    constexpr uint32_t sizeImageFromResource_particle = 65536;
    constexpr uint32_t alphaImageFromResource_particle = 0xffffffff;

    static constexpr uint32_t imageFromResource_particle [] = {
0x100ff,0xff,0x10100ff,0xff,0xff,0xff,0xff,0xff,0xff,0xff,0xff,0xff,0xff,0xff,0xff,0xff,0xff,0xff,0x1ff,0xff,0xff,0xff,
0xff,0x1ff,0xff,0xff,0x100ff,0xff,0xff,0xff,0xff,0xff,0xff,0xff,0xff,0xff,0xff,0xff,0x100ff,0xff,0xff,0xff,0x10000ff,0xff,
0x100ff,0x1ff,0xff,0x10000ff,0xff,0xff,0x10000ff,0xff,0xff,0xff,0xff,0xff,0xff,0xff,0x1ff,0xff,0xff,0xff,0xff,0xff,0xff,0xff,
0xff,0xff,0xff,0x100ff,0x1ff,0xff,0xff,0x10000ff,0xff,0xff,0xff,0xff,0xff,0xff,0xff,0xff,0xff,0xff,0xff,0x101ff,0xff,0xff,
0xff,0xff,0xff,0xff,0xff,0xff,0xff,0x100ff,0xff,0xff,0xff,0xff,0x100ff,0x1ff,0x10000ff,0xff,0xff,0xff,0x100ff,0xff,0x10000ff,0xff,
0xff,0xff,0xff,0x100ff,0x10001ff,0x100ff,0x10101ff,0x10101ff,0x10101ff,0x10101ff,0x10101ff,0x10202ff,0x10202ff,0x10101ff,0x20102ff,0x20102ff,0x20202ff,0x10101ff,0x10201ff,0x20101ff,0x20202ff,0x10201ff,
0x20102ff,0x10201ff,0x10101ff,0x10101ff,0x10101ff,0x10101ff,0x10101ff,0x10100ff,0x100ff,0x10101ff,0x10100ff,0xff,0xff,0xff,0xff,0xff,0xff,0x100ff,0xff,0xff,0xff,0x10000ff,
0x100ff,0xff,0xff,0xff,0xff,0xff,0x101ff,0xff,0xff,0xff,0xff,0xff,0xff,0xff,0xff,0xff,0x10000ff,0xff,0xff,0xff,0xff,0x1ff,
0xff,0xff,0xff,0xff,0xff,0xff,0xff,0xff,0xff,0x100ff,0x100ff,0xff,0xff,0xff,0xff,0xff,0xff,0xff,0xff,0x1ff,0xff,0xff,
0xff,0x1ff,0xff,0xff,0xff,0xff,0xff,0xff,0xff,0xff,0xff,0xff,0xff,0xff,0xff,0xff,0xff,0x1ff,0xff,0xff,0x1ff,0xff,
0xff,0xff,0xff,0xff,0xff,0x1ff,0xff,0xff,0xff,0xff,0x10000ff,0xff,0x100ff,0xff,0xff,0xff,0xff,0x1ff,0x10000ff,0xff,0xff,0xff,
0xff,0xff,0x100ff,0xff,0xff,0xff,0x100ff,0xff,0x10000ff,0xff,0x1ff,0xff,0xff,0xff,0xff,0xff,0xff,0xff,0x100ff,0xff,0xff,0xff,
0xff,0xff,0xff,0xff,0xff,0xff,0xff,0xff,0x100ff,0xff,0x100ff,0xff,0x10000ff,0xff,0xff,0x1ff,0x1ff,0xff,0x1ff,0xff,0xff,0xff,
0xff,0xff,0xff,0x100ff,0xff,0x100ff,0xff,0xff,0x10001ff,0xff,0xff,0xff,0xff,0xff,0xff,0xff,0xff,0xff,0xff,0xff,0xff,0xff,
0xff,0xff,0xff,0xff,0xff,0xff,0x10000ff,0x100ff,0xff,0xff,0xff,0xff,0x10000ff,0xff,0xff,0xff,0xff,0xff,0xff,0xff,0xff,0xff,
0xff,0xff,0xff,0xff,0xff,0xff,0xff,0xff,0xff,0xff,0xff,0xff,0xff,0x1ff,0x1ff,0xff,0x10000ff,0xff,0x10000ff,0xff,0xff,0xff,
0xff,0xff,0xff,0xff,0xff,0x1ff,0xff,0xff,0x100ff,0xff,0x10101ff,0x10100ff,0x10001ff,0x10101ff,0x10201ff,0x20101ff,0x20202ff,0x20202ff,0x20202ff,0x20202ff,0x20202ff,0x20202ff,
0x30303ff,0x30302ff,0x30203ff,0x20203ff,0x20303ff,0x30303ff,0x30303ff,0x30303ff,0x30303ff,0x30303ff,0x30303ff,0x30303ff,0x30303ff,0x30303ff,0x20203ff,0x30303ff,0x30203ff,0x20303ff,0x20203ff,0x20203ff,0x20202ff,0x20202ff,
0x20202ff,0x20202ff,0x20202ff,0x20102ff,0x10101ff,0x10101ff,0x10101ff,0x10101ff,0x1ff,0xff,0xff,0xff,0xff,0xff,0x100ff,0xff,0x10000ff,0xff,0xff,0xff,0xff,0x1ff,
0xff,0xff,0xff,0xff,0xff,0xff,0xff,0xff,0xff,0x100ff,0xff,0xff,0xff,0xff,0xff,0xff,0xff,0xff,0x1ff,0xff,0xff,0xff,
0xff,0xff,0xff,0xff,0xff,0x1ff,0x100ff,0xff,0xff,0xff,0xff,0xff,0x10000ff,0xff,0x1ff,0xff,0xff,0xff,0xff,0x100ff,0x1ff,0xff,
0xff,0x10000ff,0xff,0xff,0xff,0x1ff,0xff,0xff,0xff,0xff,0xff,0xff,0xff,0x100ff,0xff,0xff,0x10000ff,0xff,0xff,0xff,0xff,0xff,
0x100ff,0x10001ff,0xff,0xff,0xff,0x100ff,0xff,0xff,0xff,0xff,0xff,0xff,0x1ff,0x100ff,0xff,0xff,0x1ff,0xff,0x1ff,0xff,0xff,0xff,
0xff,0x100ff,0x1ff,0xff,0xff,0x100ff,0xff,0xff,0xff,0xff,0xff,0xff,0xff,0x10000ff,0xff,0x100ff,0xff,0xff,0x1ff,0xff,0xff,0xff,
0xff,0xff,0xff,0xff,0xff,0xff,0xff,0x10000ff,0xff,0xff,0x10000ff,0x10000ff,0xff,0xff,0x10101ff,0x1ff,0xff,0xff,0xff,0x10000ff,0x1ff,0xff,
0xff,0xff,0xff,0xff,0xff,0xff,0xff,0xff,0xff,0xff,0x10001ff,0xff,0xff,0xff,0xff,0xff,0xff,0xff,0xff,0xff,0xff,0xff,
0xff,0xff,0xff,0xff,0xff,0xff,0xff,0xff,0xff,0xff,0xff,0xff,0xff,0xff,0xff,0xff,0xff,0x10000ff,0xff,0xff,0xff,0xff,
0xff,0xff,0xff,0xff,0xff,0x100ff,0xff,0x1ff,0xff,0xff,0xff,0xff,0xff,0xff,0xff,0xff,0xff,0xff,0xff,0x1ff,0x10100ff,0x10201ff,
0x10102ff,0x10202ff,0x20202ff,0x20202ff,0x20202ff,0x20302ff,0x20303ff,0x30303ff,0x30304ff,0x30403ff,0x30403ff,0x40403ff,0x40403ff,0x40404ff,0x40404ff,0x40404ff,0x40504ff,0x40404ff,0x40404ff,0x40404ff,0x40404ff,0x50405ff,
0x40404ff,0x40504ff,0x50504ff,0x50505ff,0x40405ff,0x50404ff,0x50404ff,0x40404ff,0x40404ff,0x40404ff,0x40404ff,0x40404ff,0x40404ff,0x40303ff,0x30404ff,0x30303ff,0x30303ff,0x30303ff,0x30303ff,0x30303ff,0x20302ff,0x30202ff,
0x20202ff,0x20201ff,0x10201ff,0x10101ff,0x10001ff,0x10101ff,0xff,0x1ff,0xff,0xff,0xff,0xff,0x1ff,0xff,0xff,0xff,0xff,0x100ff,0xff,0x100ff,0x10000ff,0xff,
0xff,0xff,0xff,0xff,0xff,0x1ff,0xff,0xff,0x100ff,0xff,0xff,0xff,0xff,0x100ff,0xff,0xff,0xff,0x1ff,0xff,0xff,0x1ff,0xff,
0xff,0xff,0xff,0xff,0xff,0xff,0xff,0xff,0xff,0xff,0xff,0xff,0xff,0xff,0xff,0xff,0xff,0x101ff,0x100ff,0xff,0xff,0xff,
0xff,0xff,0x100ff,0x10001ff,0xff,0x10000ff,0x1ff,0xff,0xff,0xff,0xff,0xff,0x10000ff,0xff,0xff,0xff,0xff,0xff,0x100ff,0xff,0x10000ff,0xff,
0xff,0xff,0xff,0xff,0xff,0xff,0x10000ff,0xff,0xff,0xff,0xff,0xff,0xff,0xff,0xff,0xff,0xff,0xff,0xff,0xff,0xff,0xff,
0xff,0xff,0xff,0xff,0x10100ff,0xff,0xff,0x1ff,0xff,0xff,0x100ff,0xff,0xff,0xff,0xff,0xff,0xff,0xff,0xff,0xff,0xff,0xff,
0xff,0xff,0xff,0xff,0xff,0xff,0xff,0x10000ff,0x100ff,0xff,0xff,0xff,0xff,0xff,0xff,0x1ff,0xff,0xff,0xff,0xff,0xff,0xff,
0xff,0xff,0x10000ff,0xff,0xff,0xff,0xff,0xff,0xff,0xff,0xff,0xff,0x100ff,0x10000ff,0xff,0x10000ff,0xff,0xff,0x1ff,0x100ff,0xff,0xff,
0xff,0x10000ff,0xff,0xff,0xff,0xff,0xff,0xff,0xff,0xff,0x1ff,0xff,0xff,0xff,0xff,0x10000ff,0xff,0x10000ff,0x100ff,0xff,0x1ff,0xff,
0x1ff,0xff,0x100ff,0xff,0xff,0xff,0x1ff,0x10100ff,0x10101ff,0x10101ff,0x20202ff,0x20202ff,0x20203ff,0x30303ff,0x30303ff,0x30303ff,0x30303ff,0x30303ff,0x40404ff,0x40504ff,0x40405ff,0x40404ff,
0x50404ff,0x50505ff,0x50505ff,0x50505ff,0x50505ff,0x60605ff,0x60506ff,0x60506ff,0x50506ff,0x60606ff,0x60505ff,0x60506ff,0x60606ff,0x60606ff,0x60606ff,0x60606ff,0x60606ff,0x60606ff,0x60606ff,0x60606ff,0x60606ff,0x60606ff,
0x60606ff,0x60606ff,0x60605ff,0x60605ff,0x60505ff,0x50506ff,0x50505ff,0x50405ff,0x40405ff,0x50504ff,0x40505ff,0x40404ff,0x40304ff,0x30304ff,0x30404ff,0x30303ff,0x20203ff,0x20303ff,0x20203ff,0x20202ff,0x20102ff,0x10101ff,
0x10102ff,0x1ff,0x101ff,0xff,0xff,0x100ff,0xff,0xff,0xff,0xff,0xff,0xff,0xff,0x100ff,0xff,0xff,0xff,0x1ff,0x100ff,0xff,0xff,0x10000ff,
0xff,0xff,0xff,0xff,0x10000ff,0x10000ff,0xff,0x100ff,0x100ff,0xff,0xff,0xff,0xff,0xff,0xff,0xff,0xff,0x1ff,0xff,0x100ff,0xff,0xff,
0xff,0xff,0x1ff,0xff,0xff,0xff,0x1ff,0xff,0xff,0xff,0xff,0x10000ff,0xff,0xff,0xff,0xff,0xff,0xff,0xff,0xff,0xff,0x10001ff,
0xff,0x10000ff,0xff,0xff,0xff,0xff,0xff,0x10100ff,0xff,0xff,0xff,0xff,0x10000ff,0xff,0xff,0xff,0xff,0xff,0xff,0xff,0xff,0x100ff,
0xff,0xff,0x10000ff,0xff,0xff,0xff,0xff,0xff,0xff,0xff,0xff,0x1ff,0xff,0xff,0xff,0xff,0x100ff,0xff,0xff,0xff,0xff,0xff,
0xff,0xff,0xff,0xff,0xff,0x1ff,0xff,0xff,0xff,0xff,0xff,0xff,0xff,0xff,0xff,0xff,0xff,0x10000ff,0xff,0x10000ff,0x1ff,0x100ff,
0xff,0xff,0x10000ff,0xff,0x1ff,0xff,0xff,0xff,0x100ff,0x1ff,0xff,0xff,0xff,0xff,0xff,0xff,0xff,0xff,0x10000ff,0xff,0xff,0xff,
0x10000ff,0xff,0xff,0xff,0x100ff,0xff,0xff,0xff,0xff,0xff,0xff,0x1ff,0xff,0xff,0xff,0xff,0xff,0xff,0xff,0xff,0xff,0xff,
0xff,0xff,0xff,0xff,0xff,0xff,0xff,0xff,0xff,0xff,0x10000ff,0xff,0xff,0xff,0xff,0xff,0xff,0x10101ff,0x10101ff,0x10202ff,0x20102ff,0x20202ff,
0x20203ff,0x30203ff,0x30303ff,0x30303ff,0x30403ff,0x40404ff,0x40404ff,0x40405ff,0x40505ff,0x50505ff,0x60506ff,0x60505ff,0x60605ff,0x60506ff,0x60606ff,0x60607ff,0x70706ff,0x70707ff,0x70707ff,0x70707ff,0x70707ff,0x70807ff,
0x70707ff,0x80807ff,0x70808ff,0x80708ff,0x80707ff,0x70807ff,0x80707ff,0x70808ff,0x70707ff,0x80707ff,0x70708ff,0x70707ff,0x70807ff,0x80707ff,0x70807ff,0x70707ff,0x70707ff,0x70707ff,0x60707ff,0x70707ff,0x60607ff,0x60606ff,
0x60607ff,0x60606ff,0x60606ff,0x50505ff,0x60506ff,0x60505ff,0x50505ff,0x50505ff,0x50404ff,0x40404ff,0x30404ff,0x30403ff,0x40403ff,0x30303ff,0x20203ff,0x20203ff,0x20201ff,0x10201ff,0x10101ff,0x10101ff,0xff,0xff,
0xff,0x1ff,0x10000ff,0xff,0x10000ff,0xff,0x100ff,0xff,0x1ff,0xff,0xff,0xff,0xff,0x1ff,0xff,0xff,0xff,0xff,0xff,0x1ff,0xff,0xff,
0xff,0xff,0xff,0x1ff,0x1ff,0xff,0xff,0xff,0xff,0xff,0xff,0xff,0xff,0xff,0xff,0x1ff,0xff,0x101ff,0x10000ff,0xff,0xff,0xff,
0xff,0xff,0x1ff,0xff,0xff,0xff,0xff,0xff,0xff,0xff,0xff,0xff,0xff,0xff,0x1ff,0xff,0xff,0xff,0xff,0x1ff,0xff,0xff,
0x10000ff,0xff,0xff,0xff,0xff,0xff,0x10000ff,0xff,0xff,0xff,0xff,0xff,0xff,0xff,0xff,0xff,0xff,0xff,0xff,0xff,0x10000ff,0x10000ff,
0xff,0xff,0xff,0xff,0x10000ff,0xff,0xff,0xff,0xff,0xff,0xff,0xff,0xff,0xff,0xff,0xff,0xff,0xff,0xff,0xff,0xff,0xff,
0xff,0xff,0xff,0xff,0xff,0xff,0x100ff,0x10000ff,0x100ff,0xff,0xff,0xff,0xff,0x100ff,0xff,0xff,0xff,0xff,0xff,0xff,0xff,0xff,
0xff,0xff,0xff,0xff,0xff,0xff,0x100ff,0xff,0xff,0xff,0xff,0xff,0x10000ff,0xff,0xff,0xff,0x10000ff,0xff,0xff,0xff,0xff,0x100ff,
0xff,0xff,0xff,0x101ff,0x1ff,0xff,0xff,0x10000ff,0xff,0xff,0xff,0xff,0xff,0x1ff,0xff,0xff,0x100ff,0xff,0xff,0xff,0x1ff,0xff,
0xff,0xff,0xff,0xff,0xff,0xff,0x10101ff,0x10101ff,0x20202ff,0x20202ff,0x30203ff,0x20303ff,0x30303ff,0x40403ff,0x40404ff,0x40504ff,0x40404ff,0x50505ff,0x50505ff,0x60505ff,0x60506ff,0x60606ff,
0x60706ff,0x60707ff,0x70607ff,0x70707ff,0x70707ff,0x70707ff,0x70808ff,0x70807ff,0x80808ff,0x80808ff,0x80808ff,0x80808ff,0x90808ff,0x80808ff,0x80909ff,0x80809ff,0x80909ff,0x80809ff,0x90909ff,0x90909ff,0x90909ff,0x90809ff,
0x90909ff,0x90908ff,0x90909ff,0x90909ff,0x90909ff,0x90909ff,0x90908ff,0x80909ff,0x80808ff,0x80908ff,0x80809ff,0x90808ff,0x80808ff,0x70807ff,0x80707ff,0x80708ff,0x80708ff,0x70707ff,0x70707ff,0x60606ff,0x70606ff,0x60606ff,
0x60606ff,0x50505ff,0x50505ff,0x50505ff,0x40404ff,0x50404ff,0x40403ff,0x40404ff,0x30304ff,0x30303ff,0x20302ff,0x20202ff,0x10201ff,0x10101ff,0x10101ff,0x10100ff,0xff,0xff,0xff,0xff,0xff,0xff,
0x10000ff,0xff,0xff,0x100ff,0x100ff,0xff,0xff,0xff,0xff,0xff,0xff,0xff,0x1ff,0xff,0x10000ff,0xff,0xff,0xff,0xff,0xff,0xff,0xff,
0xff,0xff,0xff,0xff,0xff,0xff,0xff,0x100ff,0x10000ff,0xff,0xff,0xff,0xff,0x1ff,0xff,0xff,0xff,0x1ff,0xff,0xff,0x100ff,0xff,
0xff,0xff,0xff,0xff,0xff,0x10001ff,0x10000ff,0xff,0xff,0xff,0xff,0x1ff,0xff,0xff,0xff,0xff,0xff,0xff,0xff,0xff,0xff,0xff,
0xff,0xff,0x10000ff,0xff,0xff,0xff,0x10000ff,0xff,0xff,0xff,0xff,0xff,0xff,0x1ff,0xff,0xff,0xff,0x10100ff,0xff,0xff,0xff,0xff,
0xff,0xff,0xff,0xff,0xff,0xff,0x100ff,0xff,0x10000ff,0xff,0xff,0xff,0xff,0xff,0xff,0xff,0xff,0x1ff,0xff,0xff,0xff,0xff,
0xff,0x100ff,0xff,0xff,0xff,0xff,0xff,0xff,0xff,0xff,0xff,0xff,0x10000ff,0xff,0xff,0xff,0xff,0xff,0xff,0xff,0xff,0xff,
0x10001ff,0xff,0xff,0xff,0xff,0x10000ff,0xff,0xff,0xff,0xff,0xff,0xff,0xff,0xff,0xff,0xff,0xff,0x10000ff,0xff,0xff,0xff,0xff,
0xff,0xff,0xff,0xff,0xff,0xff,0xff,0xff,0xff,0xff,0xff,0x1ff,0xff,0xff,0xff,0xff,0xff,0x10101ff,0x10101ff,0x10102ff,0x20202ff,0x30302ff,
0x30303ff,0x30403ff,0x30404ff,0x40404ff,0x50504ff,0x50505ff,0x60505ff,0x60605ff,0x60606ff,0x60606ff,0x70606ff,0x70707ff,0x70807ff,0x80708ff,0x70808ff,0x80808ff,0x80809ff,0x90808ff,0x90809ff,0x90909ff,0x90909ff,0x90a09ff,
0x90a09ff,0x90a09ff,0x90a09ff,0xa0a09ff,0xa0a0aff,0xa0a0aff,0xa0a0aff,0xa0a0aff,0xa0a0bff,0xa0a0aff,0xa0b0bff,0xa0a0aff,0xa0b0aff,0xb0b0bff,0xb0b0bff,0xa0a0bff,0xa0a0aff,0xa0a0aff,0xb0b0bff,0xa0a0aff,0xa0a0aff,0xa0a0aff,
0xa0a0aff,0xa0a09ff,0x9090aff,0x90909ff,0x90a09ff,0x90a09ff,0xa0909ff,0x90908ff,0x90809ff,0x80808ff,0x80808ff,0x80807ff,0x80808ff,0x80707ff,0x80807ff,0x70707ff,0x60707ff,0x60706ff,0x60606ff,0x50506ff,0x60505ff,0x50505ff,
0x40505ff,0x40404ff,0x40404ff,0x40403ff,0x30303ff,0x20203ff,0x30202ff,0x20202ff,0x10101ff,0x101ff,0x101ff,0xff,0xff,0xff,0xff,0xff,0x100ff,0x10000ff,0xff,0xff,0xff,0xff,
0xff,0xff,0xff,0xff,0xff,0xff,0xff,0xff,0xff,0xff,0x10000ff,0xff,0xff,0xff,0xff,0xff,0xff,0xff,0x10000ff,0xff,0x10000ff,0xff,
0xff,0xff,0x10000ff,0xff,0xff,0xff,0xff,0xff,0xff,0x100ff,0xff,0xff,0xff,0xff,0xff,0xff,0xff,0x100ff,0xff,0xff,0xff,0xff,
0xff,0xff,0xff,0xff,0xff,0x100ff,0xff,0x100ff,0xff,0xff,0xff,0xff,0xff,0xff,0xff,0x1ff,0x10000ff,0x10000ff,0xff,0x100ff,0xff,0xff,
0x10001ff,0xff,0x100ff,0xff,0xff,0x100ff,0xff,0xff,0xff,0x1ff,0xff,0x1ff,0xff,0xff,0xff,0xff,0xff,0xff,0xff,0xff,0xff,0x1ff,
0x100ff,0xff,0xff,0x10000ff,0xff,0xff,0x1ff,0xff,0xff,0x1ff,0xff,0xff,0xff,0xff,0xff,0x10000ff,0xff,0x10100ff,0xff,0xff,0xff,0xff,
0xff,0xff,0x10000ff,0xff,0xff,0xff,0x100ff,0xff,0xff,0xff,0xff,0xff,0x10000ff,0xff,0xff,0xff,0xff,0xff,0x1ff,0x100ff,0xff,0xff,
0xff,0xff,0xff,0xff,0xff,0xff,0x100ff,0xff,0xff,0xff,0xff,0xff,0xff,0xff,0xff,0xff,0x100ff,0xff,0xff,0xff,0xff,0x10000ff,
0xff,0xff,0xff,0xff,0xff,0xff,0x10000ff,0x20201ff,0x20202ff,0x30202ff,0x30303ff,0x30304ff,0x40404ff,0x40505ff,0x50505ff,0x50505ff,0x50605ff,0x50606ff,0x60606ff,0x60606ff,0x60706ff,0x70707ff,
0x70808ff,0x80808ff,0x80808ff,0x80808ff,0x90909ff,0x90909ff,0x90909ff,0xa0a09ff,0x90a0aff,0xa0a0aff,0xa0a0bff,0xa0a0aff,0xa0b0bff,0xa0b0bff,0xb0b0bff,0xb0b0bff,0xb0b0bff,0xc0b0bff,0xb0b0bff,0xb0c0bff,0xc0c0bff,0xc0b0cff,
0xc0c0cff,0xc0b0cff,0xc0c0cff,0xc0c0bff,0xc0c0cff,0xc0c0cff,0xc0b0cff,0xb0c0cff,0xc0b0cff,0xc0b0bff,0xc0c0bff,0xb0b0cff,0xc0c0bff,0xc0b0cff,0xc0b0cff,0xb0b0bff,0xb0b0bff,0xb0b0aff,0xb0b0bff,0xa0a0aff,0xb0a0bff,0xa0a0aff,
0xa0a0aff,0xa0a0aff,0xa090aff,0x90909ff,0x90909ff,0x90909ff,0x80909ff,0x90808ff,0x80808ff,0x80808ff,0x80707ff,0x70707ff,0x60607ff,0x60706ff,0x60606ff,0x50606ff,0x50505ff,0x50505ff,0x40504ff,0x40404ff,0x30404ff,0x30303ff,
0x30303ff,0x30202ff,0x20202ff,0x10102ff,0x10101ff,0xff,0xff,0xff,0xff,0xff,0xff,0xff,0xff,0xff,0xff,0xff,0xff,0xff,0xff,0xff,0xff,0xff,
0xff,0xff,0x10000ff,0xff,0xff,0xff,0xff,0xff,0xff,0xff,0xff,0xff,0xff,0xff,0xff,0xff,0xff,0xff,0xff,0xff,0xff,0xff,
0xff,0x1ff,0x10100ff,0xff,0xff,0xff,0x1ff,0xff,0x10000ff,0xff,0xff,0xff,0xff,0xff,0xff,0xff,0xff,0xff,0x10000ff,0xff,0xff,0xff,
0xff,0xff,0xff,0xff,0xff,0xff,0xff,0xff,0xff,0xff,0xff,0xff,0xff,0xff,0x10000ff,0xff,0x10000ff,0x1ff,0xff,0x1ff,0xff,0xff,
0xff,0x10000ff,0x1ff,0xff,0xff,0xff,0xff,0xff,0xff,0xff,0xff,0x10000ff,0xff,0xff,0x10000ff,0xff,0xff,0xff,0xff,0xff,0xff,0xff,
0xff,0x1ff,0xff,0xff,0xff,0xff,0xff,0xff,0x10000ff,0xff,0xff,0x10000ff,0xff,0x10000ff,0xff,0xff,0xff,0xff,0xff,0xff,0xff,0xff,
0xff,0xff,0xff,0xff,0xff,0xff,0xff,0xff,0x100ff,0xff,0xff,0xff,0xff,0xff,0xff,0x100ff,0xff,0x10000ff,0xff,0xff,0xff,0xff,
0xff,0xff,0xff,0xff,0xff,0xff,0xff,0xff,0xff,0xff,0x1ff,0xff,0xff,0x100ff,0xff,0xff,0xff,0x10101ff,0x10101ff,0x10201ff,0x20202ff,0x30203ff,
0x30303ff,0x40403ff,0x40404ff,0x50404ff,0x50505ff,0x60606ff,0x60606ff,0x60706ff,0x70706ff,0x70708ff,0x70808ff,0x70808ff,0x80808ff,0x80808ff,0x80809ff,0x90909ff,0xa0a09ff,0xa0a0aff,0xa0a0aff,0xb0b0aff,0xb0a0aff,0xa0b0bff,
0xb0b0bff,0xb0b0bff,0xb0b0bff,0xb0b0bff,0xb0c0cff,0xc0c0cff,0xc0c0cff,0xd0d0cff,0xd0c0cff,0xd0d0cff,0xd0d0cff,0xd0d0dff,0xd0e0dff,0xd0d0dff,0xd0d0dff,0xd0d0dff,0xe0d0dff,0xd0d0eff,0xe0e0eff,0xd0d0dff,0xd0d0eff,0xe0e0eff,
0xd0d0eff,0xd0d0dff,0xd0e0dff,0xd0e0dff,0xd0d0dff,0xd0d0dff,0xd0d0dff,0xc0d0cff,0xd0c0dff,0xc0c0cff,0xc0c0cff,0xc0c0cff,0xc0c0bff,0xb0b0cff,0xb0c0cff,0xb0c0bff,0xb0c0cff,0xb0b0bff,0xb0b0bff,0xa0b0aff,0xa0a0aff,0xa090aff,
0xa0a0aff,0x90909ff,0x90909ff,0x80809ff,0x80808ff,0x80808ff,0x80807ff,0x70707ff,0x70706ff,0x60707ff,0x60606ff,0x50505ff,0x50505ff,0x40504ff,0x40404ff,0x40404ff,0x30403ff,0x30303ff,0x20202ff,0x10101ff,0x20101ff,0x10100ff,
0xff,0x1ff,0xff,0x10000ff,0x1ff,0xff,0xff,0xff,0x1ff,0x100ff,0x101ff,0xff,0xff,0xff,0xff,0xff,0xff,0xff,0x100ff,0xff,0xff,0xff,
0xff,0xff,0xff,0xff,0xff,0xff,0xff,0xff,0xff,0x1ff,0xff,0xff,0xff,0x1ff,0xff,0xff,0xff,0xff,0x100ff,0xff,0xff,0xff,
0xff,0xff,0xff,0x1ff,0xff,0xff,0xff,0xff,0xff,0x1ff,0xff,0xff,0xff,0xff,0xff,0xff,0xff,0x10100ff,0xff,0x1ff,0xff,0xff,
0xff,0xff,0xff,0xff,0xff,0xff,0xff,0x100ff,0xff,0xff,0xff,0x10000ff,0xff,0xff,0xff,0xff,0xff,0x1ff,0xff,0xff,0x100ff,0x100ff,
0xff,0xff,0xff,0xff,0xff,0xff,0x10000ff,0xff,0xff,0xff,0x1ff,0xff,0x100ff,0xff,0xff,0xff,0xff,0xff,0xff,0xff,0xff,0xff,
0xff,0xff,0xff,0xff,0xff,0xff,0xff,0xff,0xff,0x100ff,0xff,0xff,0xff,0xff,0xff,0xff,0xff,0xff,0xff,0xff,0xff,0xff,
0xff,0x1ff,0xff,0xff,0xff,0xff,0xff,0xff,0xff,0x10000ff,0xff,0xff,0xff,0xff,0xff,0x10000ff,0xff,0xff,0xff,0xff,0xff,0xff,
0xff,0xff,0xff,0xff,0xff,0xff,0x10101ff,0x10101ff,0x20102ff,0x30202ff,0x30202ff,0x30303ff,0x40304ff,0x50404ff,0x50504ff,0x50505ff,0x60605ff,0x60606ff,0x70606ff,0x70707ff,0x70807ff,0x80808ff,
0x80808ff,0x80909ff,0x80909ff,0x9090aff,0xa0909ff,0xa0a0aff,0xa0a0aff,0xa0a0aff,0xb0b0bff,0xb0b0bff,0xb0c0bff,0xc0c0cff,0xc0c0cff,0xd0c0cff,0xc0c0dff,0xd0d0cff,0xd0d0dff,0xe0e0dff,0xd0d0eff,0xd0e0dff,0xd0e0dff,0xe0e0eff,
0xe0e0eff,0xe0e0eff,0xe0f0eff,0xf0e0eff,0xf0e0fff,0xf0e0fff,0xe0e0fff,0xf0f0eff,0xf0e0fff,0xf0f0eff,0xf0f0fff,0xf0f0eff,0xf0e0fff,0xe0f0fff,0xf0e0eff,0xe0f0eff,0xf0f0fff,0xf0e0fff,0xe0f0eff,0xe0e0fff,0xf0e0eff,0xf0e0eff,
0xe0e0eff,0xe0e0eff,0xd0d0eff,0xe0d0dff,0xd0d0dff,0xd0d0dff,0xd0d0dff,0xd0d0dff,0xd0d0dff,0xd0d0cff,0xc0d0cff,0xc0c0cff,0xb0b0bff,0xc0b0bff,0xb0b0bff,0xa0b0aff,0xa0a0aff,0xa0a0aff,0xa0a09ff,0xa090aff,0x80909ff,0x80808ff,
0x90808ff,0x80808ff,0x80807ff,0x70707ff,0x60706ff,0x60606ff,0x50605ff,0x50505ff,0x40405ff,0x40504ff,0x40404ff,0x40303ff,0x30302ff,0x20202ff,0x20101ff,0x10101ff,0x1ff,0xff,0xff,0xff,0xff,0xff,
0xff,0x100ff,0xff,0xff,0xff,0x10000ff,0xff,0xff,0xff,0xff,0xff,0xff,0xff,0xff,0xff,0xff,0xff,0x1ff,0xff,0xff,0xff,0xff,
0xff,0xff,0xff,0xff,0xff,0x100ff,0xff,0xff,0xff,0xff,0xff,0xff,0xff,0xff,0x100ff,0x1ff,0xff,0xff,0x1ff,0x100ff,0xff,0xff,
0xff,0x10001ff,0xff,0x100ff,0xff,0x10000ff,0xff,0xff,0xff,0xff,0xff,0xff,0xff,0xff,0xff,0xff,0xff,0xff,0xff,0xff,0xff,0xff,
0x100ff,0xff,0xff,0xff,0xff,0xff,0xff,0xff,0xff,0xff,0xff,0xff,0xff,0xff,0xff,0x1ff,0xff,0xff,0xff,0x1ff,0xff,0xff,
0xff,0xff,0xff,0xff,0xff,0xff,0xff,0xff,0xff,0xff,0xff,0xff,0xff,0xff,0xff,0x1ff,0xff,0xff,0xff,0xff,0xff,0xff,
0xff,0x100ff,0xff,0xff,0xff,0xff,0xff,0xff,0xff,0xff,0xff,0xff,0xff,0xff,0xff,0xff,0xff,0xff,0xff,0xff,0xff,0xff,
0xff,0xff,0xff,0xff,0xff,0xff,0xff,0xff,0x1ff,0xff,0x1ff,0x10000ff,0xff,0xff,0x10000ff,0xff,0x100ff,0xff,0x1ff,0x10101ff,0x10201ff,0x20302ff,
0x30303ff,0x40304ff,0x40404ff,0x40504ff,0x50505ff,0x50605ff,0x60606ff,0x60707ff,0x70707ff,0x80808ff,0x80808ff,0x90808ff,0x90909ff,0x90909ff,0x90a09ff,0xa0a0aff,0xb0a0aff,0xb0b0aff,0xb0b0bff,0xc0c0bff,0xc0b0cff,0xc0d0cff,
0xc0c0cff,0xc0d0dff,0xd0d0dff,0xd0d0dff,0xe0d0dff,0xe0e0dff,0xe0e0eff,0xe0e0eff,0xe0f0eff,0xf0e0fff,0xf0f0fff,0xf0f0fff,0xf0f10ff,0xf100fff,0x10100fff,0x101010ff,0x101010ff,0x100f0fff,0x101010ff,0x101010ff,0x101010ff,0x101010ff,
0x101110ff,0x101010ff,0x111110ff,0x111010ff,0x101011ff,0x101010ff,0x101010ff,0x101010ff,0x111010ff,0x101010ff,0x101010ff,0xf1010ff,0x100f10ff,0x10100fff,0x101010ff,0x100f0fff,0xf0f0fff,0xf0f0fff,0xf0f0fff,0xf0f0fff,0xe0e0eff,0xf0e0eff,
0xe0e0eff,0xd0e0dff,0xe0e0eff,0xd0d0eff,0xd0d0dff,0xd0d0dff,0xc0c0cff,0xc0c0cff,0xc0c0bff,0xb0c0bff,0xb0b0bff,0xb0b0bff,0xb0a0aff,0xa090aff,0x90909ff,0x90909ff,0x90909ff,0x90808ff,0x80808ff,0x80708ff,0x70707ff,0x70706ff,
0x60606ff,0x60605ff,0x50505ff,0x50404ff,0x40404ff,0x40304ff,0x30303ff,0x30202ff,0x20202ff,0x10101ff,0x10101ff,0xff,0x10000ff,0x10000ff,0xff,0x100ff,0xff,0xff,0xff,0x100ff,0xff,0xff,
0xff,0xff,0x1ff,0xff,0xff,0xff,0xff,0xff,0xff,0xff,0xff,0xff,0x10000ff,0xff,0xff,0x10000ff,0xff,0xff,0x10000ff,0x1ff,0xff,0xff,
0xff,0xff,0xff,0x10000ff,0xff,0xff,0xff,0xff,0xff,0xff,0xff,0xff,0xff,0x1ff,0xff,0xff,0xff,0xff,0xff,0x10000ff,0xff,0xff,
0xff,0xff,0xff,0xff,0xff,0xff,0xff,0xff,0xff,0xff,0xff,0xff,0xff,0xff,0xff,0xff,0xff,0xff,0xff,0xff,0xff,0x100ff,
0xff,0xff,0xff,0xff,0xff,0xff,0xff,0xff,0xff,0xff,0x10100ff,0xff,0xff,0x10000ff,0xff,0xff,0xff,0xff,0xff,0xff,0xff,0xff,
0xff,0xff,0xff,0xff,0xff,0xff,0xff,0xff,0xff,0x10000ff,0xff,0xff,0xff,0xff,0x10000ff,0xff,0xff,0xff,0xff,0xff,0xff,0xff,
0xff,0x100ff,0xff,0xff,0x10000ff,0xff,0x10001ff,0xff,0xff,0x100ff,0xff,0xff,0xff,0xff,0xff,0xff,0xff,0xff,0xff,0x10000ff,0xff,0x100ff,
0xff,0xff,0xff,0xff,0x10000ff,0xff,0xff,0xff,0x10001ff,0x10201ff,0x20202ff,0x30302ff,0x30404ff,0x40404ff,0x40504ff,0x40505ff,0x50505ff,0x60606ff,0x60706ff,0x70707ff,0x70707ff,0x80808ff,
0x90808ff,0x90909ff,0x90909ff,0x90a09ff,0xa0a0aff,0xb0b0bff,0xb0b0bff,0xb0b0cff,0xb0b0cff,0xc0c0cff,0xc0d0cff,0xd0c0dff,0xd0d0dff,0xd0d0eff,0xe0e0eff,0xe0e0eff,0xf0e0eff,0xe0e0fff,0xf0f0fff,0xf100fff,0xf100fff,0x101010ff,
0x101010ff,0x101110ff,0x101011ff,0x111010ff,0x111111ff,0x111111ff,0x111111ff,0x111111ff,0x111111ff,0x121212ff,0x121111ff,0x121211ff,0x121112ff,0x111111ff,0x111212ff,0x121212ff,0x111212ff,0x121211ff,0x111212ff,0x111211ff,0x111111ff,0x121211ff,
0x121112ff,0x121211ff,0x121111ff,0x111111ff,0x111111ff,0x121111ff,0x111111ff,0x111111ff,0x111110ff,0x111111ff,0x101011ff,0x101110ff,0x101010ff,0xf0f10ff,0x100f0fff,0xf0f0fff,0xf0f0fff,0xe0e0eff,0xf0e0eff,0xe0e0eff,0xe0d0eff,0xe0d0dff,
0xd0e0dff,0xd0d0dff,0xd0d0cff,0xc0c0cff,0xc0c0bff,0xb0b0bff,0xb0b0bff,0xa0a0aff,0xa0a0bff,0xa0a0aff,0x90a09ff,0x90909ff,0x90808ff,0x80808ff,0x70807ff,0x70707ff,0x70606ff,0x60606ff,0x50505ff,0x50405ff,0x40404ff,0x30303ff,
0x40303ff,0x30303ff,0x20202ff,0x10101ff,0xff,0xff,0xff,0xff,0xff,0x10100ff,0xff,0x10000ff,0x10000ff,0x1ff,0xff,0xff,0xff,0x100ff,0xff,0xff,0xff,0x100ff,
0xff,0xff,0xff,0xff,0xff,0x10000ff,0xff,0x10001ff,0xff,0xff,0xff,0xff,0xff,0x1ff,0xff,0xff,0xff,0xff,0xff,0xff,0x1ff,0xff,
0xff,0x1ff,0xff,0xff,0xff,0xff,0xff,0xff,0x10000ff,0xff,0xff,0xff,0x100ff,0xff,0xff,0xff,0xff,0xff,0xff,0xff,0xff,0xff,
0xff,0xff,0xff,0xff,0xff,0xff,0xff,0xff,0xff,0xff,0xff,0xff,0xff,0xff,0x100ff,0xff,0x10000ff,0xff,0xff,0xff,0xff,0xff,
0xff,0xff,0xff,0xff,0xff,0xff,0xff,0xff,0xff,0xff,0x100ff,0x10000ff,0x100ff,0x100ff,0xff,0xff,0xff,0xff,0xff,0xff,0xff,0xff,
0x1ff,0xff,0xff,0xff,0xff,0xff,0xff,0xff,0xff,0xff,0x1ff,0x100ff,0xff,0xff,0xff,0x100ff,0xff,0x10100ff,0x10000ff,0xff,0x100ff,0xff,
0xff,0xff,0x100ff,0xff,0xff,0xff,0xff,0x10000ff,0xff,0xff,0xff,0x100ff,0x1ff,0xff,0xff,0xff,0xff,0xff,0xff,0xff,0x10101ff,0x20102ff,
0x20302ff,0x30303ff,0x40403ff,0x30403ff,0x40405ff,0x50605ff,0x60505ff,0x60706ff,0x70707ff,0x70707ff,0x80808ff,0x80809ff,0x90809ff,0x90a09ff,0x90a0aff,0xa0b0bff,0xa0b0bff,0xb0b0bff,0xb0c0bff,0xc0c0cff,0xc0d0cff,0xd0c0dff,
0xd0d0dff,0xd0d0dff,0xe0e0dff,0xe0e0eff,0xf0f0eff,0xf0f0eff,0xf0f0fff,0xf100fff,0x101010ff,0x101010ff,0x101011ff,0x111010ff,0x111111ff,0x111111ff,0x121112ff,0x121211ff,0x121112ff,0x121211ff,0x121212ff,0x131212ff,0x131312ff,0x131213ff,
0x131313ff,0x131313ff,0x131312ff,0x131313ff,0x131313ff,0x131313ff,0x131313ff,0x131313ff,0x131314ff,0x131413ff,0x131313ff,0x131313ff,0x131313ff,0x131313ff,0x131313ff,0x131313ff,0x131312ff,0x131213ff,0x121313ff,0x131313ff,0x121212ff,0x121312ff,
0x131212ff,0x121212ff,0x121212ff,0x111111ff,0x111111ff,0x111111ff,0x111111ff,0x101111ff,0x101011ff,0x111010ff,0x101010ff,0xf0f0fff,0xf0f0fff,0xf0f0fff,0xf0e0fff,0xf0e0fff,0xe0e0eff,0xe0e0eff,0xd0d0dff,0xd0c0cff,0xc0d0dff,0xc0c0cff,
0xb0b0cff,0xb0c0bff,0xb0a0aff,0xa0b0aff,0xa0a0aff,0x90909ff,0x80909ff,0x90908ff,0x80807ff,0x70707ff,0x70606ff,0x60706ff,0x50605ff,0x50505ff,0x40404ff,0x40404ff,0x40304ff,0x30303ff,0x20203ff,0x20201ff,0x10101ff,0x100ff,
0xff,0xff,0xff,0xff,0xff,0xff,0xff,0xff,0x10000ff,0xff,0x10000ff,0xff,0xff,0xff,0xff,0xff,0xff,0xff,0xff,0xff,0xff,0xff,
0xff,0xff,0xff,0xff,0xff,0xff,0xff,0xff,0xff,0x10000ff,0x10000ff,0xff,0xff,0xff,0xff,0xff,0x100ff,0xff,0xff,0x100ff,0xff,0xff,
0x100ff,0xff,0xff,0xff,0xff,0xff,0x100ff,0xff,0xff,0xff,0xff,0xff,0x10000ff,0xff,0x10000ff,0xff,0xff,0xff,0xff,0xff,0x10100ff,0xff,
0x10000ff,0xff,0xff,0xff,0xff,0xff,0xff,0x10000ff,0xff,0xff,0xff,0xff,0xff,0x10000ff,0x1ff,0xff,0x1ff,0xff,0xff,0xff,0x10000ff,0xff,
0x100ff,0xff,0xff,0x1ff,0x10000ff,0xff,0xff,0x100ff,0x10000ff,0xff,0x100ff,0xff,0xff,0x10000ff,0xff,0xff,0x100ff,0xff,0x10000ff,0xff,0xff,0xff,
0xff,0xff,0xff,0xff,0xff,0xff,0xff,0x101ff,0xff,0xff,0xff,0xff,0x100ff,0xff,0xff,0xff,0xff,0xff,0xff,0xff,0xff,0xff,
0x100ff,0xff,0xff,0x10000ff,0xff,0xff,0xff,0x10000ff,0xff,0xff,0x10101ff,0x10101ff,0x20202ff,0x30303ff,0x40403ff,0x40404ff,0x40505ff,0x50505ff,0x60606ff,0x70706ff,0x70707ff,0x80808ff,
0x80808ff,0x80909ff,0x90909ff,0x90a09ff,0xa0a0bff,0xa0b0bff,0xb0b0bff,0xc0c0bff,0xc0c0cff,0xd0d0dff,0xd0d0dff,0xd0d0dff,0xe0e0eff,0xe0f0eff,0xe0e0eff,0xf0f0eff,0xf0f0fff,0x100f0fff,0x101010ff,0x101010ff,0x111110ff,0x111111ff,
0x111211ff,0x111211ff,0x121212ff,0x121312ff,0x131313ff,0x121312ff,0x131313ff,0x131313ff,0x131313ff,0x131313ff,0x131414ff,0x131414ff,0x141413ff,0x141414ff,0x141514ff,0x141415ff,0x141414ff,0x151515ff,0x141515ff,0x141415ff,0x141515ff,0x141515ff,
0x151514ff,0x151515ff,0x151515ff,0x141414ff,0x141514ff,0x151514ff,0x141514ff,0x141414ff,0x151414ff,0x141514ff,0x141414ff,0x141414ff,0x141413ff,0x141414ff,0x131414ff,0x141413ff,0x131313ff,0x131313ff,0x131313ff,0x121313ff,0x121213ff,0x121212ff,
0x121212ff,0x111211ff,0x121111ff,0x111111ff,0x111111ff,0x111010ff,0x101010ff,0xf1010ff,0xf100fff,0xf0f0fff,0xe0e0fff,0xe0e0fff,0xe0e0eff,0xe0d0dff,0xd0d0dff,0xc0d0dff,0xc0c0cff,0xc0c0bff,0xb0b0bff,0xb0b0aff,0xa0a0aff,0x9090aff,
0xa0909ff,0x80809ff,0x80909ff,0x70808ff,0x70707ff,0x60706ff,0x60506ff,0x50605ff,0x40505ff,0x40404ff,0x30304ff,0x30303ff,0x20202ff,0x10101ff,0x10101ff,0xff,0xff,0xff,0xff,0xff,0xff,0xff,
0xff,0xff,0xff,0xff,0x10000ff,0xff,0xff,0x10100ff,0xff,0xff,0xff,0xff,0xff,0xff,0xff,0xff,0x10001ff,0x1ff,0xff,0xff,0xff,0xff,
0xff,0xff,0xff,0x10000ff,0xff,0xff,0xff,0xff,0x10100ff,0xff,0xff,0x1ff,0xff,0x1ff,0xff,0x10001ff,0xff,0x1ff,0x100ff,0xff,0xff,0xff,
0xff,0xff,0x1ff,0xff,0xff,0xff,0xff,0xff,0xff,0xff,0xff,0x10000ff,0xff,0xff,0x1ff,0xff,0xff,0x1ff,0xff,0xff,0xff,0x10000ff,
0xff,0xff,0xff,0xff,0xff,0xff,0xff,0xff,0xff,0x1ff,0x10000ff,0xff,0xff,0xff,0x100ff,0xff,0xff,0x1ff,0xff,0xff,0xff,0xff,
0xff,0xff,0xff,0xff,0xff,0x100ff,0xff,0x1ff,0x10000ff,0xff,0xff,0xff,0xff,0xff,0xff,0x1ff,0xff,0xff,0xff,0xff,0xff,0xff,
0xff,0xff,0xff,0xff,0xff,0x100ff,0xff,0x10000ff,0xff,0xff,0xff,0xff,0xff,0x100ff,0x1ff,0xff,0xff,0xff,0xff,0xff,0xff,0xff,
0x10101ff,0x10202ff,0x20202ff,0x30202ff,0x30404ff,0x40405ff,0x50405ff,0x60605ff,0x60606ff,0x60606ff,0x70707ff,0x70808ff,0x80909ff,0x90909ff,0x90a0aff,0xa0a0aff,0xa0a0bff,0xc0b0bff,0xb0b0cff,0xc0c0bff,0xc0d0dff,0xd0d0dff,
0xd0d0eff,0xe0e0dff,0xe0f0eff,0xf0f0fff,0xf100fff,0x10100fff,0x101010ff,0x101111ff,0x101110ff,0x111111ff,0x121112ff,0x121211ff,0x121212ff,0x121313ff,0x131213ff,0x131313ff,0x141413ff,0x141313ff,0x131414ff,0x141414ff,0x151415ff,0x141515ff,
0x151415ff,0x151415ff,0x151515ff,0x151515ff,0x161515ff,0x161516ff,0x161516ff,0x161616ff,0x161516ff,0x161616ff,0x161616ff,0x161716ff,0x161616ff,0x171616ff,0x161616ff,0x161616ff,0x161616ff,0x171616ff,0x171616ff,0x161616ff,0x161616ff,0x151616ff,
0x161616ff,0x161616ff,0x161616ff,0x151616ff,0x161615ff,0x151615ff,0x151515ff,0x151515ff,0x151515ff,0x151415ff,0x141414ff,0x141414ff,0x141414ff,0x141413ff,0x131413ff,0x131312ff,0x121313ff,0x121312ff,0x121212ff,0x121212ff,0x111111ff,0x111111ff,
0x111011ff,0x101110ff,0x101010ff,0x101010ff,0xf0f0fff,0xf0f0fff,0xe0e0eff,0xe0e0eff,0xd0d0eff,0xd0d0dff,0xc0c0dff,0xc0c0cff,0xb0c0bff,0xb0b0bff,0xa0b0aff,0xa0a0aff,0x90a0aff,0x90909ff,0x90909ff,0x80808ff,0x70707ff,0x70707ff,
0x60606ff,0x50506ff,0x50405ff,0x40405ff,0x40404ff,0x20303ff,0x20302ff,0x10202ff,0x10101ff,0xff,0x100ff,0xff,0xff,0xff,0xff,0xff,0xff,0xff,0xff,0xff,0xff,0x1ff,
0x10000ff,0xff,0xff,0xff,0xff,0xff,0x10000ff,0xff,0xff,0xff,0x100ff,0xff,0xff,0x1ff,0xff,0xff,0xff,0xff,0x1ff,0xff,0xff,0x100ff,
0xff,0xff,0x1ff,0xff,0x1ff,0xff,0xff,0x10000ff,0xff,0xff,0xff,0x100ff,0xff,0x10000ff,0xff,0xff,0xff,0xff,0xff,0xff,0xff,0xff,
0xff,0xff,0xff,0x100ff,0x1ff,0xff,0xff,0x10000ff,0xff,0xff,0xff,0xff,0xff,0xff,0xff,0xff,0xff,0xff,0x1ff,0xff,0xff,0x1ff,
0x100ff,0x100ff,0xff,0x1ff,0xff,0xff,0xff,0x10000ff,0xff,0x100ff,0xff,0xff,0xff,0xff,0xff,0xff,0xff,0xff,0x100ff,0xff,0xff,0xff,
0x100ff,0xff,0xff,0xff,0x100ff,0xff,0xff,0xff,0xff,0xff,0x100ff,0x1ff,0x1ff,0x1ff,0xff,0xff,0xff,0x100ff,0xff,0xff,0xff,0x100ff,
0xff,0xff,0xff,0xff,0xff,0xff,0xff,0x1ff,0xff,0xff,0x10000ff,0xff,0x10101ff,0x10202ff,0x30202ff,0x20303ff,0x40404ff,0x40404ff,0x50404ff,0x60506ff,0x60706ff,0x70606ff,
0x70707ff,0x80808ff,0x80809ff,0x90909ff,0xa090aff,0xa0a0aff,0xb0b0bff,0xb0c0bff,0xc0c0cff,0xd0c0cff,0xd0d0dff,0xe0d0dff,0xe0e0eff,0xe0e0eff,0xe0f0fff,0xf0f0fff,0x101010ff,0x101111ff,0x111111ff,0x111111ff,0x121111ff,0x111211ff,
0x121212ff,0x121312ff,0x131313ff,0x131314ff,0x141414ff,0x141414ff,0x141414ff,0x141514ff,0x141414ff,0x151615ff,0x151515ff,0x161615ff,0x161616ff,0x161615ff,0x161617ff,0x161617ff,0x161617ff,0x171616ff,0x171616ff,0x171717ff,0x171717ff,0x171717ff,
0x171717ff,0x181717ff,0x181717ff,0x171818ff,0x171817ff,0x181717ff,0x181718ff,0x171818ff,0x181718ff,0x171818ff,0x171718ff,0x171717ff,0x181818ff,0x171818ff,0x171717ff,0x171717ff,0x171718ff,0x171717ff,0x171617ff,0x161717ff,0x161617ff,0x161616ff,
0x161616ff,0x161616ff,0x161515ff,0x151616ff,0x151615ff,0x151515ff,0x141515ff,0x141415ff,0x141414ff,0x141414ff,0x131314ff,0x131313ff,0x131313ff,0x121312ff,0x121212ff,0x121112ff,0x111112ff,0x111111ff,0x101010ff,0x101110ff,0x100f10ff,0xf1010ff,
0xf0f0fff,0xe0f0fff,0xe0e0eff,0xe0d0dff,0xd0d0dff,0xc0c0dff,0xc0c0bff,0xb0b0cff,0xb0b0bff,0xa0b0aff,0xa0a0aff,0xa0909ff,0x80909ff,0x80808ff,0x80807ff,0x70707ff,0x60606ff,0x60506ff,0x50504ff,0x50404ff,0x30304ff,0x30202ff,
0x30202ff,0x20201ff,0x10100ff,0xff,0xff,0xff,0xff,0xff,0xff,0xff,0xff,0xff,0x100ff,0xff,0x10000ff,0xff,0xff,0x10000ff,0xff,0xff,0xff,0xff,
0xff,0xff,0xff,0xff,0xff,0x100ff,0xff,0xff,0xff,0xff,0xff,0xff,0xff,0x1ff,0x10000ff,0xff,0xff,0x10000ff,0x1ff,0xff,0xff,0x1ff,
0xff,0xff,0xff,0xff,0x10000ff,0xff,0x100ff,0x10000ff,0xff,0xff,0xff,0xff,0xff,0xff,0xff,0x10000ff,0xff,0xff,0xff,0xff,0xff,0x100ff,
0x1ff,0xff,0x10000ff,0xff,0xff,0xff,0xff,0xff,0xff,0x10000ff,0x10000ff,0x10000ff,0x100ff,0xff,0xff,0x100ff,0xff,0xff,0xff,0xff,0xff,0xff,
0xff,0xff,0xff,0xff,0xff,0x10000ff,0xff,0x1ff,0xff,0xff,0xff,0xff,0xff,0x10001ff,0x100ff,0xff,0xff,0x10000ff,0xff,0x10000ff,0xff,0xff,
0xff,0xff,0xff,0xff,0xff,0xff,0xff,0xff,0xff,0xff,0xff,0xff,0xff,0x100ff,0xff,0xff,0xff,0xff,0x100ff,0xff,0xff,0x10000ff,
0xff,0xff,0x10101ff,0x20102ff,0x20202ff,0x30303ff,0x30403ff,0x40404ff,0x40404ff,0x50605ff,0x60606ff,0x70706ff,0x80808ff,0x80808ff,0x90809ff,0xa0a09ff,0xa0a0aff,0xb0b0aff,0xb0c0bff,0xc0c0bff,0xc0d0cff,0xd0d0dff,
0xe0e0dff,0xd0e0eff,0xe0e0eff,0xf0f0fff,0x100f0fff,0x101010ff,0x101011ff,0x101111ff,0x121111ff,0x121212ff,0x121212ff,0x121212ff,0x131313ff,0x131413ff,0x141414ff,0x141414ff,0x141414ff,0x141514ff,0x151515ff,0x161515ff,0x161515ff,0x161615ff,
0x161616ff,0x161717ff,0x171716ff,0x171717ff,0x171717ff,0x181718ff,0x181718ff,0x181817ff,0x181818ff,0x191818ff,0x191918ff,0x191918ff,0x191918ff,0x191919ff,0x191919ff,0x191919ff,0x191919ff,0x191919ff,0x191919ff,0x191919ff,0x191919ff,0x191919ff,
0x191919ff,0x191919ff,0x1a1919ff,0x191919ff,0x191919ff,0x191819ff,0x191918ff,0x191919ff,0x191918ff,0x181819ff,0x181918ff,0x181819ff,0x181818ff,0x181818ff,0x171717ff,0x171717ff,0x171717ff,0x171717ff,0x171616ff,0x161616ff,0x161616ff,0x151616ff,
0x161516ff,0x161516ff,0x151515ff,0x141415ff,0x151415ff,0x141414ff,0x141414ff,0x131413ff,0x121213ff,0x121312ff,0x121212ff,0x121212ff,0x111111ff,0x111111ff,0x101010ff,0x101010ff,0x100f0fff,0xe0f0fff,0xf0e0eff,0xe0e0dff,0xe0e0dff,0xd0d0dff,
0xc0d0cff,0xc0c0cff,0xb0b0bff,0xb0a0aff,0xa0a0aff,0xa0909ff,0x90908ff,0x80808ff,0x80707ff,0x60707ff,0x60606ff,0x50605ff,0x50504ff,0x40405ff,0x30404ff,0x30303ff,0x20202ff,0x20101ff,0x10100ff,0xff,0xff,0xff,
0xff,0x10100ff,0xff,0xff,0xff,0x1ff,0xff,0xff,0xff,0xff,0xff,0xff,0xff,0xff,0xff,0xff,0x100ff,0xff,0xff,0xff,0xff,0xff,
0xff,0x1ff,0xff,0xff,0x10000ff,0x10000ff,0xff,0xff,0xff,0xff,0xff,0xff,0xff,0xff,0x100ff,0xff,0xff,0xff,0x100ff,0xff,0xff,0x1ff,
0xff,0xff,0xff,0xff,0xff,0x1ff,0xff,0xff,0xff,0xff,0xff,0xff,0x100ff,0xff,0xff,0x100ff,0xff,0xff,0xff,0xff,0xff,0xff,
0x100ff,0xff,0xff,0xff,0xff,0xff,0xff,0x10000ff,0xff,0x1ff,0xff,0x1ff,0x100ff,0xff,0xff,0xff,0xff,0xff,0xff,0x10000ff,0xff,0xff,
0xff,0x10000ff,0xff,0xff,0xff,0x100ff,0xff,0xff,0xff,0xff,0xff,0xff,0xff,0x10000ff,0xff,0xff,0xff,0xff,0xff,0xff,0xff,0xff,
0xff,0xff,0xff,0x10000ff,0xff,0x10000ff,0xff,0xff,0xff,0xff,0x100ff,0x100ff,0xff,0x100ff,0xff,0x10201ff,0x20202ff,0x20302ff,0x30304ff,0x40404ff,0x50405ff,0x50505ff,
0x70606ff,0x70707ff,0x70707ff,0x80908ff,0x80909ff,0x90909ff,0xa0a0aff,0xa0a0bff,0xb0b0cff,0xc0c0cff,0xd0d0cff,0xd0d0dff,0xd0e0dff,0xe0e0eff,0xf0f0fff,0xf100fff,0x100f10ff,0x101010ff,0x101110ff,0x111111ff,0x111212ff,0x121212ff,
0x121313ff,0x131313ff,0x141413ff,0x141313ff,0x141414ff,0x151515ff,0x151515ff,0x151615ff,0x161615ff,0x161616ff,0x161716ff,0x171717ff,0x171717ff,0x171817ff,0x181817ff,0x181818ff,0x181818ff,0x181918ff,0x191918ff,0x191919ff,0x191919ff,0x191919ff,
0x1a1a19ff,0x191a1aff,0x1a1919ff,0x1a1a19ff,0x1a1a1aff,0x1a1b1bff,0x1a1a1aff,0x1a1a1aff,0x1a1b1bff,0x1b1b1aff,0x1b1a1aff,0x1b1a1bff,0x1b1a1aff,0x1b1a1bff,0x1a1a1aff,0x1a1b1bff,0x1a1b1bff,0x1b1b1aff,0x1a1a1aff,0x1a1a1bff,0x1a1a1aff,0x1a1a1aff,
0x1a1b1aff,0x1a1a19ff,0x191a1aff,0x1a1a1aff,0x191a19ff,0x1a1a19ff,0x191919ff,0x181918ff,0x181918ff,0x191819ff,0x181818ff,0x181818ff,0x171718ff,0x171717ff,0x171717ff,0x171616ff,0x161617ff,0x161616ff,0x161516ff,0x151616ff,0x151515ff,0x151514ff,
0x141414ff,0x141414ff,0x131414ff,0x131313ff,0x121212ff,0x121212ff,0x111111ff,0x121111ff,0x111111ff,0x101110ff,0x101010ff,0xf0f0fff,0xf0f0eff,0xe0e0eff,0xe0e0dff,0xd0d0cff,0xc0c0dff,0xc0c0cff,0xb0c0bff,0xb0b0bff,0xa0a0aff,0x90909ff,
0x90809ff,0x90808ff,0x80807ff,0x60707ff,0x60606ff,0x60605ff,0x50505ff,0x40404ff,0x30303ff,0x30303ff,0x20202ff,0x20202ff,0x100ff,0xff,0xff,0xff,0x100ff,0xff,0xff,0xff,0xff,0xff,
0x1ff,0xff,0xff,0x1ff,0x10001ff,0xff,0xff,0x1ff,0xff,0xff,0xff,0xff,0x1ff,0x100ff,0xff,0xff,0xff,0xff,0xff,0xff,0xff,0xff,
0x100ff,0x10000ff,0xff,0x1ff,0xff,0xff,0xff,0xff,0xff,0x100ff,0xff,0xff,0xff,0xff,0x10000ff,0x100ff,0xff,0xff,0xff,0xff,0xff,0xff,
0x100ff,0xff,0xff,0xff,0xff,0xff,0xff,0xff,0x10000ff,0xff,0x1ff,0xff,0xff,0xff,0xff,0xff,0xff,0x10000ff,0x100ff,0xff,0xff,0xff,
0x10000ff,0xff,0xff,0xff,0xff,0xff,0xff,0x100ff,0x10000ff,0xff,0xff,0x100ff,0xff,0x101ff,0xff,0xff,0xff,0xff,0x10000ff,0x100ff,0xff,0xff,
0x10000ff,0xff,0xff,0xff,0xff,0xff,0x1ff,0xff,0xff,0xff,0x10000ff,0xff,0xff,0x100ff,0xff,0xff,0xff,0xff,0xff,0xff,0xff,0xff,
0xff,0xff,0xff,0xff,0xff,0x10101ff,0x20102ff,0x30302ff,0x30303ff,0x40404ff,0x50505ff,0x50505ff,0x60606ff,0x70706ff,0x70708ff,0x80908ff,0x90909ff,0x9090aff,0xa0a0aff,0xb0b0bff,0xb0b0bff,0xb0c0cff,
0xc0d0dff,0xd0d0dff,0xe0e0eff,0xe0e0fff,0xf0f0fff,0xf100fff,0x101010ff,0x101011ff,0x111111ff,0x111112ff,0x121212ff,0x131313ff,0x131313ff,0x131314ff,0x141414ff,0x151514ff,0x151515ff,0x151615ff,0x161516ff,0x161616ff,0x161616ff,0x161717ff,
0x171817ff,0x181718ff,0x181818ff,0x181818ff,0x181918ff,0x191819ff,0x191919ff,0x191919ff,0x19191aff,0x1a1a1aff,0x1a1a1aff,0x1a1b1aff,0x1b1a1aff,0x1b1b1aff,0x1b1b1bff,0x1b1b1bff,0x1b1c1bff,0x1c1b1bff,0x1c1c1bff,0x1c1c1cff,0x1b1c1bff,0x1c1c1bff,
0x1c1c1cff,0x1c1c1cff,0x1c1d1bff,0x1c1c1cff,0x1c1c1cff,0x1c1c1cff,0x1c1c1cff,0x1c1c1cff,0x1c1c1cff,0x1c1c1cff,0x1c1c1cff,0x1c1c1cff,0x1c1c1cff,0x1b1c1bff,0x1c1c1cff,0x1b1b1cff,0x1c1b1bff,0x1b1b1bff,0x1b1b1bff,0x1b1b1aff,0x1a1b1bff,0x1a1a1aff,
0x1a1a1aff,0x1a1a1aff,0x191a1aff,0x191a1aff,0x191919ff,0x191819ff,0x191819ff,0x191818ff,0x181818ff,0x171818ff,0x171717ff,0x171717ff,0x161616ff,0x161616ff,0x161616ff,0x151515ff,0x151515ff,0x141414ff,0x141413ff,0x141313ff,0x131313ff,0x121313ff,
0x121212ff,0x121111ff,0x111111ff,0x111110ff,0x101010ff,0x10100fff,0xf0f0fff,0xf0f0eff,0xd0e0eff,0xd0d0dff,0xc0c0cff,0xc0c0cff,0xb0b0bff,0xb0b0aff,0xa0a0aff,0xa0909ff,0x90908ff,0x80808ff,0x80708ff,0x70607ff,0x60606ff,0x50505ff,
0x50504ff,0x40304ff,0x30403ff,0x20202ff,0x20202ff,0x10101ff,0xff,0x100ff,0xff,0xff,0xff,0xff,0x10000ff,0xff,0x10000ff,0xff,0xff,0xff,0xff,0xff,0xff,0xff,
0x101ff,0xff,0xff,0x10000ff,0xff,0xff,0xff,0xff,0x10000ff,0xff,0xff,0xff,0x100ff,0xff,0xff,0x100ff,0xff,0x1ff,0xff,0xff,0xff,0xff,
0xff,0xff,0xff,0xff,0xff,0xff,0x1ff,0xff,0x1ff,0xff,0xff,0xff,0x10100ff,0x10000ff,0xff,0xff,0x1ff,0xff,0xff,0x10000ff,0x100ff,0xff,
0xff,0x100ff,0xff,0xff,0xff,0xff,0xff,0xff,0x1ff,0xff,0x1ff,0xff,0xff,0x10000ff,0xff,0xff,0xff,0xff,0xff,0xff,0xff,0xff,
0xff,0xff,0xff,0x1ff,0xff,0xff,0xff,0x1ff,0xff,0xff,0xff,0xff,0xff,0xff,0xff,0xff,0xff,0xff,0xff,0xff,0xff,0x10001ff,
0xff,0xff,0x100ff,0xff,0xff,0x10000ff,0xff,0xff,0xff,0xff,0xff,0xff,0xff,0xff,0xff,0xff,0xff,0x10101ff,0x10202ff,0x20203ff,0x30303ff,0x40404ff,
0x50405ff,0x60605ff,0x60606ff,0x70707ff,0x70807ff,0x80808ff,0x90808ff,0x90a09ff,0xa0a0aff,0xb0b0aff,0xb0c0bff,0xc0c0cff,0xd0c0dff,0xd0d0dff,0xe0d0eff,0xe0f0fff,0xf0f0fff,0x10100fff,0x101111ff,0x111110ff,0x111111ff,0x121211ff,
0x121312ff,0x131312ff,0x131414ff,0x141414ff,0x151415ff,0x151515ff,0x161615ff,0x161615ff,0x161616ff,0x161716ff,0x171717ff,0x171718ff,0x181817ff,0x191918ff,0x191919ff,0x191919ff,0x1a1919ff,0x1a1a1aff,0x1a1a1aff,0x1a1a1bff,0x1a1a1bff,0x1b1b1bff,
0x1b1b1bff,0x1b1c1bff,0x1c1b1bff,0x1b1b1cff,0x1c1c1cff,0x1c1d1cff,0x1d1d1dff,0x1c1c1dff,0x1d1d1cff,0x1c1d1dff,0x1d1d1dff,0x1d1e1dff,0x1d1d1dff,0x1e1d1dff,0x1e1e1dff,0x1e1e1dff,0x1e1e1dff,0x1d1e1dff,0x1e1d1dff,0x1e1d1eff,0x1e1e1dff,0x1e1e1eff,
0x1d1e1dff,0x1d1e1dff,0x1d1d1dff,0x1e1e1eff,0x1d1d1eff,0x1d1d1dff,0x1d1d1dff,0x1c1d1dff,0x1d1d1dff,0x1d1c1cff,0x1c1d1cff,0x1c1c1cff,0x1c1c1cff,0x1c1c1cff,0x1c1b1cff,0x1b1c1bff,0x1b1b1bff,0x1b1b1bff,0x1b1b1aff,0x1b1b1aff,0x1a1a1aff,0x1a1a1aff,
0x1a191aff,0x191919ff,0x191919ff,0x181918ff,0x181818ff,0x171718ff,0x171717ff,0x171717ff,0x171616ff,0x161615ff,0x161515ff,0x151515ff,0x141415ff,0x141414ff,0x141313ff,0x131313ff,0x131212ff,0x121212ff,0x121211ff,0x111111ff,0x111010ff,0x100f0fff,
0xf0f0fff,0xe0f0eff,0xe0e0eff,0xd0e0dff,0xd0d0dff,0xc0c0cff,0xb0c0bff,0xa0b0bff,0xa0a0aff,0xa0a09ff,0x80909ff,0x80808ff,0x80807ff,0x70706ff,0x60606ff,0x50506ff,0x40404ff,0x40403ff,0x30303ff,0x30302ff,0x10101ff,0x10101ff,
0x10000ff,0xff,0xff,0xff,0xff,0xff,0xff,0xff,0x10000ff,0xff,0x1ff,0xff,0x101ff,0x10000ff,0xff,0xff,0xff,0x1ff,0xff,0xff,0xff,0xff,
0xff,0xff,0x10000ff,0x10000ff,0xff,0xff,0xff,0xff,0xff,0xff,0xff,0x1ff,0x100ff,0xff,0x10000ff,0x1ff,0xff,0xff,0xff,0x100ff,0xff,0xff,
0xff,0x100ff,0xff,0xff,0xff,0xff,0xff,0xff,0xff,0xff,0xff,0xff,0xff,0xff,0xff,0xff,0x100ff,0xff,0xff,0xff,0xff,0xff,
0xff,0xff,0x10000ff,0x1ff,0xff,0xff,0xff,0xff,0xff,0xff,0xff,0xff,0xff,0xff,0xff,0xff,0x10000ff,0xff,0xff,0xff,0xff,0xff,
0xff,0xff,0xff,0xff,0xff,0x1ff,0x100ff,0xff,0xff,0xff,0xff,0x10000ff,0x1ff,0xff,0xff,0xff,0x1ff,0xff,0xff,0xff,0xff,0xff,
0x100ff,0xff,0xff,0xff,0xff,0xff,0xff,0xff,0x10101ff,0x20202ff,0x20303ff,0x30303ff,0x50404ff,0x50505ff,0x60605ff,0x70707ff,0x80707ff,0x80808ff,0x90908ff,0x9090aff,0xa0a0aff,0xb0b0bff,
0xb0c0bff,0xc0c0cff,0xc0d0cff,0xe0d0dff,0xe0e0eff,0xf0f0fff,0xf0f0fff,0x101010ff,0x101110ff,0x111111ff,0x111111ff,0x121212ff,0x121313ff,0x131313ff,0x141414ff,0x141514ff,0x141515ff,0x161516ff,0x151616ff,0x161717ff,0x171617ff,0x181717ff,
0x171718ff,0x181818ff,0x191818ff,0x191818ff,0x191919ff,0x191a19ff,0x1a1b1aff,0x1a1a1aff,0x1a1a1bff,0x1b1b1bff,0x1b1b1bff,0x1c1c1bff,0x1c1c1cff,0x1c1c1cff,0x1d1c1cff,0x1d1d1dff,0x1d1e1dff,0x1e1d1dff,0x1e1d1eff,0x1e1e1dff,0x1e1e1dff,0x1e1e1eff,
0x1e1e1eff,0x1e1e1eff,0x1f1e1eff,0x1f1f1eff,0x1f1e1fff,0x1f1f1fff,0x1e1e1fff,0x1f1f1fff,0x1f1f1fff,0x1f1f1fff,0x1f1f1fff,0x1f1f1fff,0x1f1f1fff,0x1f1f1fff,0x1f1f1fff,0x1f1f1fff,0x1f1f1eff,0x1e1f1eff,0x1e1f1eff,0x1e1f1fff,0x1e1e1fff,0x1f1e1fff,
0x1e1e1eff,0x1e1e1eff,0x1d1e1dff,0x1e1e1eff,0x1d1d1eff,0x1d1e1dff,0x1d1d1dff,0x1d1c1dff,0x1c1d1dff,0x1c1c1cff,0x1c1c1bff,0x1c1c1bff,0x1c1b1bff,0x1b1c1bff,0x1b1b1bff,0x1a1a1bff,0x1b1a1aff,0x1a1a1aff,0x1a1919ff,0x191919ff,0x191918ff,0x181818ff,
0x181718ff,0x171717ff,0x171717ff,0x161616ff,0x161615ff,0x151615ff,0x151515ff,0x151414ff,0x141414ff,0x141413ff,0x121313ff,0x121312ff,0x121212ff,0x111111ff,0x111111ff,0x101010ff,0xf0f10ff,0xf0f0fff,0xe0e0eff,0xe0d0eff,0xc0c0cff,0xc0c0cff,
0xc0b0bff,0xb0b0bff,0xa0a0aff,0x90909ff,0x90809ff,0x80808ff,0x70707ff,0x70707ff,0x60605ff,0x50505ff,0x40505ff,0x40304ff,0x30203ff,0x20202ff,0x10101ff,0xff,0xff,0xff,0x100ff,0xff,0xff,0xff,
0x1ff,0x10000ff,0xff,0x100ff,0xff,0xff,0xff,0xff,0x100ff,0xff,0xff,0xff,0xff,0xff,0x100ff,0xff,0xff,0xff,0xff,0xff,0x100ff,0x100ff,
0xff,0xff,0xff,0xff,0xff,0x1ff,0xff,0xff,0xff,0x1ff,0x100ff,0xff,0x10100ff,0xff,0xff,0xff,0xff,0xff,0xff,0x100ff,0xff,0xff,
0x1ff,0xff,0xff,0xff,0xff,0xff,0xff,0xff,0xff,0x100ff,0xff,0xff,0xff,0xff,0x100ff,0xff,0xff,0xff,0xff,0xff,0xff,0x1ff,
0xff,0xff,0xff,0xff,0xff,0xff,0xff,0x1ff,0xff,0xff,0xff,0xff,0xff,0xff,0x1ff,0xff,0xff,0xff,0xff,0xff,0xff,0xff,
0xff,0xff,0xff,0xff,0xff,0xff,0xff,0xff,0xff,0xff,0xff,0xff,0xff,0xff,0xff,0xff,0xff,0xff,0xff,0xff,0x10101ff,0x20102ff,
0x20302ff,0x40303ff,0x40403ff,0x50505ff,0x60606ff,0x60606ff,0x70707ff,0x80808ff,0x90909ff,0x9090aff,0x90a0aff,0xa0a0aff,0xc0c0bff,0xc0c0cff,0xd0d0dff,0xd0e0dff,0xe0e0eff,0xf0e0fff,0x100f0fff,0x101010ff,0x101111ff,0x111111ff,
0x111212ff,0x131213ff,0x131313ff,0x141413ff,0x141414ff,0x151414ff,0x151615ff,0x161616ff,0x161617ff,0x171617ff,0x171817ff,0x181818ff,0x181918ff,0x191818ff,0x191919ff,0x1a191aff,0x1a1a1aff,0x1b1a1aff,0x1b1b1bff,0x1b1b1bff,0x1c1c1bff,0x1c1c1bff,
0x1d1c1cff,0x1c1d1cff,0x1d1d1dff,0x1d1d1dff,0x1e1e1dff,0x1e1e1eff,0x1e1e1eff,0x1e1e1fff,0x1e1e1eff,0x1f1f1eff,0x1f1f1fff,0x201f1fff,0x1f1f1fff,0x1f1f1fff,0x201f20ff,0x20201fff,0x202020ff,0x202020ff,0x202020ff,0x202020ff,0x212020ff,0x212020ff,
0x202020ff,0x212121ff,0x202120ff,0x212020ff,0x202120ff,0x202020ff,0x212020ff,0x202021ff,0x212020ff,0x212020ff,0x212020ff,0x202020ff,0x20201fff,0x202020ff,0x201f20ff,0x1f1f1fff,0x201f1fff,0x201f1fff,0x1f1f1fff,0x1e1e1fff,0x1f1f1fff,0x1e1e1fff,
0x1e1e1eff,0x1e1d1dff,0x1e1d1eff,0x1d1e1dff,0x1d1c1dff,0x1c1d1dff,0x1c1c1cff,0x1c1b1cff,0x1b1c1bff,0x1b1c1bff,0x1a1b1bff,0x1b1a1aff,0x1a1a19ff,0x1a1a19ff,0x191919ff,0x181919ff,0x181818ff,0x181818ff,0x171817ff,0x171717ff,0x161617ff,0x151616ff,
0x151615ff,0x151514ff,0x141414ff,0x131313ff,0x131313ff,0x131312ff,0x121111ff,0x111111ff,0x111011ff,0xf1010ff,0xf0f10ff,0xf0f0eff,0xe0e0eff,0xe0d0dff,0xd0d0dff,0xc0c0cff,0xb0b0bff,0xb0b0aff,0x90a0aff,0x90909ff,0x80908ff,0x80808ff,
0x70707ff,0x60607ff,0x60605ff,0x40505ff,0x40404ff,0x30303ff,0x20203ff,0x20102ff,0x101ff,0xff,0xff,0xff,0xff,0xff,0xff,0xff,0xff,0xff,0xff,0xff,0x10000ff,0x10000ff,
0xff,0x100ff,0xff,0xff,0xff,0x1ff,0xff,0xff,0xff,0xff,0xff,0xff,0xff,0x100ff,0xff,0x1ff,0xff,0xff,0xff,0xff,0x1ff,0xff,
0xff,0xff,0x10000ff,0xff,0xff,0xff,0xff,0xff,0xff,0xff,0x101ff,0xff,0xff,0xff,0xff,0x10000ff,0xff,0xff,0xff,0xff,0xff,0xff,
0x100ff,0xff,0xff,0xff,0xff,0xff,0x100ff,0xff,0xff,0xff,0xff,0xff,0xff,0xff,0xff,0xff,0xff,0xff,0xff,0xff,0xff,0x1ff,
0xff,0xff,0xff,0xff,0xff,0xff,0xff,0xff,0x100ff,0xff,0xff,0x1ff,0x10000ff,0xff,0xff,0xff,0xff,0xff,0xff,0xff,0xff,0xff,
0xff,0x10000ff,0xff,0xff,0xff,0xff,0xff,0x1ff,0xff,0xff,0xff,0x10102ff,0x20202ff,0x20303ff,0x30304ff,0x50505ff,0x50505ff,0x60606ff,0x70706ff,0x80807ff,0x90808ff,0x90909ff,
0xa0a0aff,0xb0a0bff,0xb0b0bff,0xc0c0bff,0xc0c0dff,0xe0d0dff,0xe0e0eff,0xf0f0fff,0xf0f10ff,0x101010ff,0x111110ff,0x121111ff,0x121212ff,0x131313ff,0x131313ff,0x131413ff,0x141414ff,0x151515ff,0x161516ff,0x161616ff,0x161616ff,0x171717ff,
0x181818ff,0x181818ff,0x181918ff,0x191919ff,0x1a1a19ff,0x1a1a1aff,0x1b1b1aff,0x1b1b1bff,0x1b1b1bff,0x1c1c1bff,0x1d1c1dff,0x1c1c1cff,0x1d1d1dff,0x1d1d1dff,0x1e1e1dff,0x1e1e1eff,0x1e1e1eff,0x1f1e1eff,0x1f1f1fff,0x1f1f1fff,0x1f1f1fff,0x1f2020ff,
0x202020ff,0x212020ff,0x202020ff,0x202121ff,0x212021ff,0x212121ff,0x212221ff,0x222121ff,0x222121ff,0x212221ff,0x222121ff,0x222122ff,0x222222ff,0x222222ff,0x222222ff,0x222222ff,0x222222ff,0x222222ff,0x222221ff,0x222222ff,0x222222ff,0x222222ff,
0x222222ff,0x222122ff,0x222121ff,0x222121ff,0x212121ff,0x212121ff,0x212121ff,0x212121ff,0x212121ff,0x212121ff,0x212020ff,0x202121ff,0x202020ff,0x1f2020ff,0x201f20ff,0x1f1f1fff,0x1f1f1fff,0x1f1e1eff,0x1e1e1fff,0x1e1e1eff,0x1e1d1eff,0x1d1d1dff,
0x1d1d1dff,0x1c1d1cff,0x1c1c1cff,0x1c1c1cff,0x1b1b1bff,0x1b1b1bff,0x1a1a1aff,0x1b1a1aff,0x1a1a19ff,0x1a1a19ff,0x181919ff,0x181818ff,0x181718ff,0x181817ff,0x171617ff,0x161616ff,0x161616ff,0x151515ff,0x151414ff,0x131413ff,0x131313ff,0x131212ff,
0x121212ff,0x111211ff,0x111011ff,0x101010ff,0xf0f0fff,0xf0f0eff,0xe0e0eff,0xe0d0eff,0xc0d0dff,0xc0c0cff,0xb0b0bff,0xa0b0aff,0xa0a09ff,0x90909ff,0x80808ff,0x80708ff,0x60707ff,0x60606ff,0x50506ff,0x50405ff,0x40303ff,0x20302ff,
0x20202ff,0x10101ff,0x10000ff,0xff,0xff,0xff,0xff,0xff,0x1ff,0xff,0x1ff,0x10000ff,0xff,0xff,0xff,0xff,0xff,0x1ff,0xff,0xff,0xff,0xff,
0xff,0xff,0xff,0xff,0xff,0x1ff,0xff,0xff,0xff,0xff,0xff,0xff,0xff,0xff,0xff,0xff,0xff,0xff,0xff,0xff,0xff,0xff,
0xff,0xff,0xff,0xff,0x10000ff,0xff,0xff,0xff,0xff,0xff,0xff,0xff,0x10000ff,0xff,0x1ff,0xff,0xff,0xff,0xff,0xff,0xff,0xff,
0x10000ff,0xff,0x10000ff,0xff,0xff,0xff,0xff,0xff,0xff,0xff,0x100ff,0xff,0xff,0xff,0x10000ff,0xff,0xff,0x100ff,0xff,0x10000ff,0xff,0xff,
0x10000ff,0xff,0xff,0xff,0x100ff,0xff,0x100ff,0xff,0xff,0xff,0x1ff,0xff,0xff,0xff,0xff,0xff,0x100ff,0x10000ff,0xff,0xff,0xff,0xff,
0xff,0x101ff,0x10102ff,0x20202ff,0x30403ff,0x40404ff,0x40505ff,0x60506ff,0x60607ff,0x70707ff,0x80808ff,0x80909ff,0xa0a09ff,0xa0a0aff,0xb0b0bff,0xc0c0cff,0xd0d0cff,0xd0d0dff,0xd0e0eff,0xf0e0eff,0x101010ff,0x101010ff,
0x111111ff,0x121111ff,0x121212ff,0x131313ff,0x131313ff,0x141413ff,0x141514ff,0x151515ff,0x161615ff,0x161616ff,0x171717ff,0x181817ff,0x181818ff,0x181918ff,0x191919ff,0x191a1aff,0x1a1a1aff,0x1b1a1aff,0x1b1b1bff,0x1b1c1bff,0x1c1c1cff,0x1d1c1dff,
0x1d1d1dff,0x1e1d1dff,0x1d1e1dff,0x1e1e1eff,0x1e1f1fff,0x1f1e1eff,0x1f1f1fff,0x1f201fff,0x202020ff,0x202020ff,0x202020ff,0x212121ff,0x212121ff,0x212121ff,0x212222ff,0x222121ff,0x222221ff,0x222222ff,0x222222ff,0x222222ff,0x232323ff,0x222323ff,
0x232223ff,0x232323ff,0x242323ff,0x232323ff,0x232323ff,0x232323ff,0x232423ff,0x232423ff,0x242423ff,0x242424ff,0x232424ff,0x242423ff,0x242424ff,0x232424ff,0x232324ff,0x242323ff,0x242323ff,0x232323ff,0x232323ff,0x232323ff,0x232323ff,0x232322ff,
0x222222ff,0x222222ff,0x222222ff,0x222222ff,0x212221ff,0x212221ff,0x212020ff,0x212120ff,0x212121ff,0x202020ff,0x202020ff,0x201f20ff,0x1f1f1fff,0x1e1e1eff,0x1f1e1eff,0x1e1e1dff,0x1d1e1dff,0x1d1d1dff,0x1c1d1dff,0x1c1c1cff,0x1c1c1cff,0x1c1b1bff,
0x1b1c1bff,0x1a1b1bff,0x1a1a1aff,0x191a19ff,0x191919ff,0x181819ff,0x181818ff,0x181718ff,0x161717ff,0x161717ff,0x161616ff,0x151515ff,0x141414ff,0x141413ff,0x131313ff,0x121312ff,0x121212ff,0x111112ff,0x111110ff,0x10100fff,0xf0f0fff,0xe0f0eff,
0xe0e0eff,0xd0d0dff,0xc0c0cff,0xc0c0bff,0xb0b0bff,0xa0a0aff,0xa090aff,0x80909ff,0x80808ff,0x70707ff,0x60606ff,0x50506ff,0x50505ff,0x40404ff,0x30303ff,0x30302ff,0x10201ff,0x10100ff,0xff,0xff,0xff,0xff,
0xff,0x1ff,0xff,0xff,0x1ff,0xff,0x1ff,0xff,0xff,0xff,0xff,0xff,0xff,0xff,0xff,0xff,0xff,0xff,0xff,0xff,0xff,0xff,
0xff,0xff,0xff,0xff,0xff,0xff,0xff,0xff,0xff,0xff,0x1ff,0xff,0xff,0xff,0xff,0xff,0xff,0xff,0x100ff,0x10000ff,0xff,0xff,
0xff,0x100ff,0xff,0xff,0xff,0xff,0xff,0xff,0xff,0xff,0xff,0xff,0xff,0xff,0xff,0xff,0xff,0xff,0xff,0xff,0xff,0x1ff,
0xff,0xff,0xff,0xff,0xff,0xff,0xff,0xff,0xff,0x1ff,0xff,0xff,0x100ff,0x1ff,0x100ff,0xff,0xff,0xff,0xff,0x100ff,0xff,0xff,
0xff,0xff,0xff,0xff,0xff,0xff,0xff,0xff,0xff,0xff,0xff,0xff,0xff,0xff,0x10101ff,0x20202ff,0x20202ff,0x40403ff,0x50504ff,0x50505ff,0x60606ff,0x70707ff,
0x70707ff,0x80809ff,0x90909ff,0xa0a0aff,0xb0a0bff,0xb0b0cff,0xc0c0cff,0xd0d0dff,0xd0e0dff,0xf0e0eff,0xf0f0fff,0x101010ff,0x101110ff,0x111111ff,0x111212ff,0x131313ff,0x131313ff,0x141414ff,0x141414ff,0x151515ff,0x161616ff,0x161717ff,
0x171717ff,0x181718ff,0x181818ff,0x191819ff,0x191a19ff,0x191a1aff,0x1b1a1aff,0x1b1b1bff,0x1b1c1bff,0x1b1c1cff,0x1d1d1dff,0x1d1c1dff,0x1e1e1dff,0x1e1e1eff,0x1e1e1fff,0x1e1f1fff,0x1f1f1fff,0x201f1fff,0x202020ff,0x202020ff,0x212121ff,0x212021ff,
0x222121ff,0x212221ff,0x222221ff,0x222222ff,0x222222ff,0x222322ff,0x232323ff,0x232323ff,0x242423ff,0x232323ff,0x242324ff,0x242424ff,0x252424ff,0x242424ff,0x252424ff,0x242424ff,0x242525ff,0x252525ff,0x252424ff,0x252425ff,0x252425ff,0x252525ff,
0x252525ff,0x252524ff,0x252424ff,0x252525ff,0x242525ff,0x252524ff,0x252525ff,0x252424ff,0x252424ff,0x242524ff,0x242424ff,0x242424ff,0x242424ff,0x242424ff,0x242324ff,0x232324ff,0x242424ff,0x232323ff,0x232323ff,0x222223ff,0x222222ff,0x222322ff,
0x222222ff,0x212121ff,0x222121ff,0x212120ff,0x212020ff,0x202020ff,0x1f201fff,0x202020ff,0x1f1f1fff,0x1f1f1eff,0x1e1e1fff,0x1d1e1dff,0x1d1e1dff,0x1d1d1dff,0x1c1c1dff,0x1c1c1cff,0x1c1c1bff,0x1b1b1bff,0x1a1a1aff,0x1a1a1aff,0x1a1919ff,0x191919ff,
0x181818ff,0x181818ff,0x171717ff,0x161616ff,0x161616ff,0x151515ff,0x151514ff,0x141414ff,0x131313ff,0x131313ff,0x121212ff,0x121211ff,0x111011ff,0x101010ff,0xf0f0fff,0xe0f0eff,0xd0e0eff,0xd0d0dff,0xd0c0cff,0xc0c0bff,0xa0b0bff,0xa0a0aff,
0x90909ff,0x90808ff,0x80807ff,0x70607ff,0x60606ff,0x60505ff,0x40404ff,0x40403ff,0x30303ff,0x10202ff,0x10101ff,0xff,0xff,0xff,0xff,0xff,0xff,0xff,0x100ff,0xff,0xff,0x100ff,
0xff,0xff,0xff,0x100ff,0x10000ff,0x10100ff,0xff,0xff,0xff,0xff,0xff,0xff,0xff,0x10000ff,0xff,0xff,0xff,0xff,0xff,0xff,0xff,0xff,
0xff,0xff,0x1ff,0xff,0x100ff,0xff,0xff,0xff,0x101ff,0xff,0xff,0xff,0xff,0x10000ff,0xff,0xff,0xff,0xff,0xff,0xff,0x100ff,0xff,
0xff,0xff,0xff,0x1ff,0x100ff,0xff,0x1ff,0xff,0xff,0xff,0xff,0xff,0x10000ff,0xff,0x100ff,0xff,0xff,0xff,0xff,0xff,0xff,0xff,
0xff,0xff,0x10000ff,0xff,0xff,0xff,0xff,0xff,0xff,0xff,0xff,0xff,0x100ff,0xff,0xff,0x10000ff,0x10000ff,0xff,0xff,0xff,0xff,0xff,
0xff,0xff,0xff,0xff,0x10001ff,0x10201ff,0x20202ff,0x30303ff,0x30404ff,0x50505ff,0x60506ff,0x60706ff,0x80807ff,0x80808ff,0x90909ff,0x90a0aff,0xa0b0aff,0xb0b0bff,0xc0c0cff,0xc0d0dff,0xe0e0dff,0xe0e0eff,
0xf0f0fff,0x101010ff,0x101111ff,0x121111ff,0x121212ff,0x131312ff,0x131314ff,0x141414ff,0x151514ff,0x161515ff,0x161616ff,0x171716ff,0x171717ff,0x171817ff,0x181818ff,0x191919ff,0x1a191aff,0x1a1a1aff,0x1b1b1aff,0x1b1b1bff,0x1c1b1cff,0x1d1c1cff,
0x1d1c1cff,0x1d1d1dff,0x1e1e1eff,0x1f1e1fff,0x1f1e1fff,0x1f1f1fff,0x201f20ff,0x202020ff,0x202120ff,0x212120ff,0x212121ff,0x222121ff,0x222222ff,0x222322ff,0x232323ff,0x232223ff,0x242324ff,0x242423ff,0x242324ff,0x242424ff,0x242425ff,0x252525ff,
0x252525ff,0x252525ff,0x262525ff,0x252625ff,0x262526ff,0x262525ff,0x262626ff,0x262626ff,0x262625ff,0x262626ff,0x262626ff,0x272627ff,0x262627ff,0x262626ff,0x272726ff,0x272727ff,0x272726ff,0x262626ff,0x272627ff,0x272727ff,0x262726ff,0x262626ff,
0x262626ff,0x262626ff,0x252626ff,0x262625ff,0x262626ff,0x262525ff,0x252525ff,0x252525ff,0x252524ff,0x242525ff,0x242424ff,0x242424ff,0x242423ff,0x242423ff,0x242323ff,0x232323ff,0x232223ff,0x222223ff,0x222222ff,0x222222ff,0x212122ff,0x202121ff,
0x202120ff,0x202020ff,0x201f1fff,0x1f1f1fff,0x1f1e1fff,0x1e1e1eff,0x1e1e1dff,0x1d1d1dff,0x1d1d1dff,0x1c1c1cff,0x1c1b1cff,0x1b1c1bff,0x1a1b1bff,0x1a1a1aff,0x1a1a1aff,0x191918ff,0x191918ff,0x171817ff,0x181717ff,0x161717ff,0x161615ff,0x151515ff,
0x151414ff,0x141414ff,0x131313ff,0x131313ff,0x121212ff,0x121111ff,0x111010ff,0xf0f10ff,0xf0f0fff,0xe0f0fff,0xd0d0dff,0xd0d0dff,0xc0c0cff,0xb0b0bff,0xa0b0aff,0xa0a0aff,0x90909ff,0x80808ff,0x80707ff,0x70606ff,0x50606ff,0x50405ff,
0x40403ff,0x30303ff,0x20202ff,0x10102ff,0x10000ff,0xff,0xff,0xff,0xff,0xff,0xff,0xff,0xff,0xff,0xff,0xff,0xff,0xff,0x10000ff,0xff,0xff,0xff,
0xff,0xff,0xff,0xff,0xff,0xff,0xff,0xff,0xff,0xff,0xff,0xff,0x100ff,0xff,0xff,0xff,0xff,0xff,0xff,0xff,0xff,0xff,
0x10000ff,0xff,0xff,0xff,0x1ff,0xff,0xff,0x1ff,0xff,0x10000ff,0x100ff,0xff,0xff,0x100ff,0x10000ff,0xff,0xff,0xff,0x100ff,0xff,0x10000ff,0xff,
0xff,0xff,0xff,0xff,0xff,0x1ff,0xff,0xff,0xff,0xff,0xff,0xff,0x1ff,0xff,0xff,0xff,0xff,0x10001ff,0xff,0xff,0xff,0xff,
0xff,0xff,0xff,0xff,0xff,0xff,0xff,0xff,0xff,0xff,0x101ff,0xff,0xff,0xff,0x100ff,0xff,0xff,0x1ff,0x10202ff,0x20202ff,0x40303ff,0x40404ff,
0x50505ff,0x60606ff,0x70707ff,0x70808ff,0x80908ff,0xa090aff,0xa0a0aff,0xb0b0bff,0xc0b0cff,0xc0c0dff,0xd0e0dff,0xe0e0eff,0xf0e0fff,0xf100fff,0x111011ff,0x111111ff,0x121211ff,0x131213ff,0x141313ff,0x141414ff,0x151515ff,0x151515ff,
0x161615ff,0x171716ff,0x171717ff,0x181817ff,0x181919ff,0x191919ff,0x19191aff,0x1a1b1aff,0x1b1b1bff,0x1c1c1cff,0x1c1c1cff,0x1d1c1dff,0x1d1d1dff,0x1e1e1eff,0x1f1e1eff,0x1f1f1eff,0x1f1f1fff,0x202020ff,0x202020ff,0x212121ff,0x212121ff,0x212221ff,
0x212222ff,0x222222ff,0x232323ff,0x232423ff,0x232423ff,0x242424ff,0x242424ff,0x242424ff,0x252525ff,0x252525ff,0x252525ff,0x262525ff,0x262526ff,0x262626ff,0x272626ff,0x262626ff,0x272726ff,0x272727ff,0x272827ff,0x272727ff,0x282728ff,0x282827ff,
0x282827ff,0x282728ff,0x282827ff,0x282828ff,0x282827ff,0x282828ff,0x282828ff,0x282828ff,0x282828ff,0x282828ff,0x282828ff,0x282828ff,0x282828ff,0x282827ff,0x282728ff,0x272827ff,0x282827ff,0x272727ff,0x272727ff,0x272727ff,0x262627ff,0x262627ff,
0x262626ff,0x272626ff,0x252626ff,0x262526ff,0x252625ff,0x252525ff,0x252424ff,0x242524ff,0x242424ff,0x242424ff,0x232424ff,0x232323ff,0x222223ff,0x222322ff,0x222222ff,0x212121ff,0x212120ff,0x212020ff,0x202020ff,0x201f20ff,0x1f1f1fff,0x1f1f1fff,
0x1e1e1eff,0x1e1d1dff,0x1d1d1dff,0x1d1d1dff,0x1c1c1cff,0x1c1b1bff,0x1b1b1bff,0x1a1b1aff,0x1a191aff,0x191919ff,0x181818ff,0x181818ff,0x171717ff,0x161716ff,0x161616ff,0x151515ff,0x151414ff,0x141414ff,0x141313ff,0x131313ff,0x121212ff,0x111111ff,
0x111010ff,0xf0f0fff,0xe0f0fff,0xe0e0eff,0xe0d0dff,0xc0c0dff,0xc0c0cff,0xb0b0bff,0xa0a0aff,0x90909ff,0x80808ff,0x80808ff,0x60707ff,0x60606ff,0x50505ff,0x40405ff,0x40304ff,0x20303ff,0x20101ff,0x101ff,0xff,0x10000ff,
0xff,0xff,0x1ff,0xff,0xff,0xff,0xff,0x1ff,0xff,0xff,0x10000ff,0xff,0xff,0xff,0x10000ff,0xff,0xff,0xff,0xff,0x101ff,0xff,0x1ff,
0xff,0xff,0xff,0xff,0xff,0xff,0xff,0xff,0xff,0xff,0xff,0xff,0x1ff,0xff,0x100ff,0xff,0xff,0xff,0xff,0x1ff,0xff,0xff,
0xff,0xff,0xff,0xff,0xff,0xff,0xff,0xff,0x100ff,0xff,0xff,0xff,0xff,0xff,0xff,0x1ff,0xff,0xff,0xff,0xff,0xff,0xff,
0xff,0xff,0xff,0xff,0xff,0xff,0xff,0xff,0xff,0xff,0xff,0xff,0xff,0xff,0xff,0xff,0x10000ff,0xff,0xff,0xff,0xff,0xff,
0xff,0xff,0xff,0xff,0xff,0x10000ff,0xff,0xff,0x10101ff,0x10201ff,0x30303ff,0x40303ff,0x50404ff,0x50505ff,0x60606ff,0x70707ff,0x80808ff,0x90909ff,0xa0a09ff,0xa0b0aff,0xb0b0cff,0xc0c0dff,
0xd0d0dff,0xe0e0eff,0xe0f0fff,0xf0f0fff,0x101010ff,0x111111ff,0x111111ff,0x131313ff,0x131313ff,0x141413ff,0x151514ff,0x151516ff,0x161616ff,0x171717ff,0x171717ff,0x181818ff,0x191919ff,0x191919ff,0x1a1a1aff,0x1a1b1bff,0x1b1b1bff,0x1c1c1cff,
0x1c1c1cff,0x1c1d1dff,0x1d1d1dff,0x1e1e1eff,0x1f1f1eff,0x1f1f1fff,0x20201fff,0x202020ff,0x212121ff,0x212121ff,0x222222ff,0x222222ff,0x232222ff,0x232323ff,0x242323ff,0x232424ff,0x252424ff,0x252425ff,0x252525ff,0x252525ff,0x262525ff,0x262626ff,
0x262626ff,0x262726ff,0x272727ff,0x272727ff,0x282728ff,0x282728ff,0x282728ff,0x282827ff,0x282928ff,0x292929ff,0x282928ff,0x292929ff,0x292929ff,0x292828ff,0x292a29ff,0x292929ff,0x292929ff,0x292929ff,0x2a2929ff,0x29292aff,0x2a292aff,0x292929ff,
0x2a2a2aff,0x292929ff,0x292a2aff,0x292929ff,0x292929ff,0x2a2929ff,0x292a29ff,0x292929ff,0x292929ff,0x292929ff,0x282828ff,0x282828ff,0x282828ff,0x282828ff,0x282828ff,0x282727ff,0x272827ff,0x272727ff,0x272727ff,0x262726ff,0x262626ff,0x262626ff,
0x262626ff,0x252626ff,0x252525ff,0x252424ff,0x252424ff,0x242423ff,0x232323ff,0x232322ff,0x222222ff,0x222222ff,0x222221ff,0x212221ff,0x212020ff,0x202020ff,0x1f1f20ff,0x1f1f1fff,0x1f1e1eff,0x1e1e1dff,0x1e1d1dff,0x1d1c1cff,0x1c1c1dff,0x1c1c1cff,
0x1b1b1bff,0x1a1a1aff,0x1a1a1aff,0x1a1919ff,0x191918ff,0x181817ff,0x181717ff,0x161717ff,0x161616ff,0x151516ff,0x141514ff,0x141414ff,0x131313ff,0x121212ff,0x111112ff,0x101111ff,0x101010ff,0x100f10ff,0xf0e0fff,0xe0d0dff,0xd0d0dff,0xc0c0cff,
0xb0b0bff,0xb0a0aff,0xa090aff,0x80909ff,0x80808ff,0x70707ff,0x60606ff,0x50506ff,0x50505ff,0x40403ff,0x30303ff,0x20201ff,0x10101ff,0xff,0x100ff,0xff,0xff,0xff,0xff,0xff,0xff,0xff,
0xff,0xff,0xff,0xff,0x10000ff,0xff,0xff,0xff,0x100ff,0xff,0x1ff,0x1ff,0x10000ff,0xff,0xff,0xff,0x10000ff,0xff,0xff,0xff,0xff,0xff,
0x1ff,0xff,0x100ff,0xff,0xff,0xff,0xff,0xff,0x100ff,0xff,0xff,0xff,0xff,0xff,0xff,0x100ff,0xff,0xff,0x100ff,0xff,0xff,0xff,
0xff,0xff,0xff,0xff,0xff,0x1ff,0xff,0x10000ff,0xff,0xff,0xff,0xff,0xff,0xff,0xff,0xff,0xff,0xff,0xff,0xff,0xff,0xff,
0xff,0xff,0xff,0xff,0xff,0xff,0xff,0xff,0xff,0x10000ff,0xff,0xff,0xff,0xff,0xff,0xff,0xff,0xff,0xff,0xff,0xff,0x10201ff,
0x20202ff,0x30302ff,0x40404ff,0x50505ff,0x60605ff,0x70606ff,0x70708ff,0x90908ff,0xa0909ff,0xa0a0aff,0xb0b0bff,0xb0c0bff,0xd0c0dff,0xd0d0dff,0xe0e0eff,0xf0f0fff,0x100f10ff,0x111110ff,0x121211ff,0x121212ff,0x131313ff,0x131314ff,
0x141414ff,0x151515ff,0x161616ff,0x161716ff,0x171717ff,0x181817ff,0x191819ff,0x1a1919ff,0x1a1a1aff,0x1b1a1bff,0x1c1b1bff,0x1c1b1cff,0x1d1d1cff,0x1d1d1dff,0x1e1e1eff,0x1f1e1eff,0x1f1e1fff,0x1f1f1fff,0x202020ff,0x212121ff,0x212120ff,0x222221ff,
0x222222ff,0x222222ff,0x232323ff,0x232324ff,0x232423ff,0x242424ff,0x252525ff,0x252625ff,0x262625ff,0x252626ff,0x272626ff,0x272627ff,0x272727ff,0x272727ff,0x282727ff,0x282828ff,0x282928ff,0x292928ff,0x292928ff,0x292929ff,0x292929ff,0x292a29ff,
0x2a2a2aff,0x2a2a2aff,0x2a2a2aff,0x2a2a2aff,0x2a2a2aff,0x2a2b2aff,0x2a2b2aff,0x2a2a2aff,0x2b2b2aff,0x2b2b2bff,0x2b2b2aff,0x2b2b2bff,0x2b2b2aff,0x2b2b2bff,0x2b2b2aff,0x2b2b2bff,0x2b2b2bff,0x2b2b2aff,0x2a2a2bff,0x2b2a2aff,0x2a2b2aff,0x2b2a2aff,
0x2a2a2aff,0x2a2a2aff,0x2a2a2aff,0x2a2a2aff,0x292929ff,0x292a29ff,0x292929ff,0x292928ff,0x292929ff,0x282928ff,0x282828ff,0x282828ff,0x282727ff,0x272727ff,0x272727ff,0x272627ff,0x262627ff,0x262626ff,0x252625ff,0x262525ff,0x252525ff,0x242524ff,
0x242424ff,0x232323ff,0x232322ff,0x232322ff,0x222222ff,0x212122ff,0x212120ff,0x202021ff,0x20201fff,0x1f1f1fff,0x1f1f1fff,0x1e1e1eff,0x1d1e1eff,0x1d1d1dff,0x1d1d1dff,0x1c1b1cff,0x1c1b1bff,0x1b1b1bff,0x1a1a1aff,0x191919ff,0x181819ff,0x181818ff,
0x171718ff,0x161617ff,0x161616ff,0x151515ff,0x141414ff,0x131413ff,0x131213ff,0x121212ff,0x111211ff,0x101111ff,0x101010ff,0xf0f0fff,0xe0e0eff,0xe0d0eff,0xc0c0cff,0xc0c0bff,0xb0b0bff,0xa0a0aff,0xa0909ff,0x80809ff,0x80707ff,0x70606ff,
0x60505ff,0x50505ff,0x40404ff,0x30303ff,0x20202ff,0x10101ff,0x10001ff,0xff,0xff,0xff,0xff,0x1ff,0x10000ff,0xff,0xff,0xff,0xff,0xff,0xff,0xff,0xff,0xff,
0xff,0xff,0xff,0xff,0xff,0xff,0xff,0xff,0xff,0xff,0xff,0xff,0xff,0xff,0xff,0xff,0xff,0xff,0x1ff,0xff,0xff,0xff,
0x1ff,0xff,0xff,0xff,0xff,0xff,0xff,0x1ff,0xff,0xff,0xff,0x10000ff,0x1ff,0xff,0x10000ff,0xff,0xff,0x10000ff,0xff,0xff,0xff,0xff,
0xff,0x10000ff,0xff,0xff,0xff,0xff,0xff,0xff,0x1ff,0xff,0xff,0xff,0xff,0xff,0xff,0x10000ff,0xff,0xff,0xff,0xff,0xff,0xff,
0xff,0xff,0xff,0xff,0xff,0xff,0xff,0xff,0xff,0x100ff,0xff,0x100ff,0x10101ff,0x20202ff,0x30403ff,0x40404ff,0x50505ff,0x60606ff,0x60707ff,0x70807ff,0x80909ff,0xa0909ff,
0xa0a0aff,0xb0b0bff,0xd0c0cff,0xd0d0dff,0xd0e0eff,0xf0e0fff,0x100f0fff,0x101010ff,0x111111ff,0x111211ff,0x131312ff,0x141313ff,0x141414ff,0x151515ff,0x161516ff,0x161716ff,0x171717ff,0x181818ff,0x191919ff,0x191919ff,0x1a1a1aff,0x1b1a1bff,
0x1b1b1bff,0x1c1c1cff,0x1d1d1dff,0x1d1d1dff,0x1e1e1eff,0x1f1e1eff,0x1f1f1fff,0x201f1fff,0x202020ff,0x212020ff,0x212221ff,0x222222ff,0x232222ff,0x222323ff,0x232423ff,0x242324ff,0x242424ff,0x252425ff,0x262525ff,0x262625ff,0x262726ff,0x262626ff,
0x272727ff,0x282727ff,0x282828ff,0x282828ff,0x282929ff,0x292929ff,0x292929ff,0x2a2929ff,0x2a2a29ff,0x2a2a29ff,0x2a2a2aff,0x2a2b2aff,0x2a2a2aff,0x2b2b2aff,0x2b2b2bff,0x2b2c2bff,0x2c2c2cff,0x2c2b2bff,0x2c2c2bff,0x2c2c2cff,0x2c2c2cff,0x2c2d2cff,
0x2c2c2cff,0x2c2c2cff,0x2d2c2cff,0x2d2d2cff,0x2d2d2cff,0x2c2d2cff,0x2c2c2cff,0x2d2c2cff,0x2d2c2cff,0x2c2c2dff,0x2d2c2cff,0x2c2c2cff,0x2c2c2bff,0x2c2c2bff,0x2c2c2cff,0x2b2b2bff,0x2b2b2bff,0x2c2b2bff,0x2b2b2bff,0x2b2b2bff,0x2b2b2bff,0x2b2b2aff,
0x2b2a2aff,0x2a2a2aff,0x2a2a2aff,0x292929ff,0x292929ff,0x292929ff,0x282928ff,0x282828ff,0x282828ff,0x282827ff,0x272727ff,0x262626ff,0x272726ff,0x262626ff,0x252525ff,0x252525ff,0x242524ff,0x242323ff,0x242424ff,0x232323ff,0x222222ff,0x222121ff,
0x212121ff,0x212120ff,0x202020ff,0x1f201fff,0x1f1f1fff,0x1e1e1eff,0x1e1d1dff,0x1d1d1dff,0x1d1c1dff,0x1c1c1cff,0x1c1b1bff,0x1b1b1bff,0x1a1a1aff,0x19191aff,0x181919ff,0x181817ff,0x171717ff,0x171617ff,0x161516ff,0x151414ff,0x141414ff,0x131413ff,
0x121313ff,0x121212ff,0x111111ff,0x111011ff,0xf0f10ff,0xe0f0fff,0xe0e0eff,0xd0d0dff,0xc0c0cff,0xb0b0bff,0xa0a0aff,0x90a09ff,0x90809ff,0x70808ff,0x70707ff,0x60606ff,0x50505ff,0x40404ff,0x30303ff,0x30302ff,0x20202ff,0x1ff,
0xff,0x1ff,0xff,0xff,0xff,0xff,0x10100ff,0xff,0xff,0xff,0xff,0xff,0xff,0xff,0xff,0xff,0xff,0xff,0xff,0xff,0xff,0xff,
0x1ff,0xff,0x10000ff,0xff,0xff,0xff,0xff,0xff,0xff,0xff,0xff,0x100ff,0x100ff,0xff,0xff,0xff,0xff,0xff,0xff,0xff,0xff,0xff,
0xff,0xff,0xff,0x10000ff,0xff,0xff,0x100ff,0xff,0x100ff,0xff,0x101ff,0xff,0x100ff,0x10000ff,0xff,0xff,0xff,0xff,0xff,0x100ff,0xff,0xff,
0xff,0xff,0xff,0xff,0xff,0xff,0xff,0xff,0xff,0x100ff,0xff,0xff,0x100ff,0xff,0xff,0xff,0xff,0xff,0xff,0xff,0xff,0xff,
0xff,0xff,0x10100ff,0x20202ff,0x30303ff,0x40303ff,0x40405ff,0x50505ff,0x60606ff,0x80707ff,0x80808ff,0x90909ff,0xa0a09ff,0xa0a0bff,0xc0c0bff,0xd0d0cff,0xd0d0dff,0xe0f0eff,0xf0f0fff,0x100f10ff,0x111111ff,0x121111ff,
0x131312ff,0x131313ff,0x141414ff,0x141514ff,0x161515ff,0x161616ff,0x161717ff,0x181818ff,0x181818ff,0x191919ff,0x191a1aff,0x1b1b1aff,0x1b1b1cff,0x1c1c1cff,0x1d1d1cff,0x1d1d1dff,0x1e1e1dff,0x1e1f1fff,0x1f1f1fff,0x1f1f20ff,0x202021ff,0x212121ff,
0x222122ff,0x222222ff,0x232323ff,0x242423ff,0x242424ff,0x252424ff,0x252525ff,0x252525ff,0x262625ff,0x272726ff,0x272727ff,0x272727ff,0x282727ff,0x282828ff,0x292828ff,0x282829ff,0x292929ff,0x2a2a2aff,0x2a2a2aff,0x2a2a2bff,0x2a2a2aff,0x2b2b2aff,
0x2b2c2bff,0x2b2b2cff,0x2c2c2cff,0x2c2c2cff,0x2c2c2cff,0x2c2c2cff,0x2c2d2cff,0x2d2d2cff,0x2d2d2dff,0x2e2d2dff,0x2d2e2dff,0x2d2e2eff,0x2e2d2eff,0x2d2e2dff,0x2d2d2dff,0x2e2e2eff,0x2d2d2eff,0x2e2e2eff,0x2e2d2dff,0x2e2e2eff,0x2e2e2eff,0x2e2e2eff,
0x2e2d2eff,0x2d2e2dff,0x2e2e2dff,0x2e2d2eff,0x2e2d2eff,0x2d2e2eff,0x2e2d2dff,0x2d2d2dff,0x2d2d2dff,0x2d2d2cff,0x2c2c2dff,0x2d2c2dff,0x2c2c2cff,0x2c2c2cff,0x2b2c2cff,0x2c2c2cff,0x2c2c2bff,0x2a2b2bff,0x2a2b2aff,0x2a2b2aff,0x2a2a29ff,0x292a29ff,
0x29292aff,0x282928ff,0x292828ff,0x282828ff,0x272728ff,0x272727ff,0x272727ff,0x272626ff,0x262626ff,0x262525ff,0x252525ff,0x242524ff,0x242324ff,0x232423ff,0x232323ff,0x222222ff,0x222122ff,0x212121ff,0x202120ff,0x20201fff,0x1f1f1fff,0x1f1e1fff,
0x1e1e1eff,0x1e1d1dff,0x1d1c1cff,0x1c1c1cff,0x1b1c1bff,0x1b1a1bff,0x191a1aff,0x191919ff,0x181818ff,0x181818ff,0x171617ff,0x161716ff,0x161515ff,0x151514ff,0x141414ff,0x131313ff,0x121212ff,0x111211ff,0x111011ff,0xf1010ff,0xf0f0eff,0xe0e0eff,
0xd0d0eff,0xc0c0cff,0xc0b0bff,0xb0b0aff,0x90a0aff,0x90909ff,0x80807ff,0x70707ff,0x60607ff,0x50505ff,0x40505ff,0x40403ff,0x20202ff,0x20202ff,0x100ff,0xff,0xff,0x10000ff,0xff,0xff,0xff,0xff,
0xff,0xff,0xff,0xff,0xff,0x10000ff,0xff,0xff,0xff,0xff,0xff,0xff,0xff,0xff,0xff,0xff,0x100ff,0xff,0xff,0xff,0xff,0xff,
0xff,0xff,0xff,0x1ff,0xff,0x10000ff,0xff,0xff,0x100ff,0xff,0xff,0xff,0x1ff,0x100ff,0xff,0xff,0x10000ff,0xff,0xff,0x100ff,0xff,0x100ff,
0xff,0xff,0xff,0xff,0xff,0xff,0x10000ff,0xff,0xff,0xff,0xff,0xff,0xff,0xff,0xff,0xff,0xff,0xff,0xff,0x1ff,0x10000ff,0x100ff,
0xff,0xff,0xff,0xff,0x1ff,0xff,0xff,0xff,0xff,0xff,0xff,0xff,0xff,0x100ff,0xff,0x10101ff,0x10202ff,0x30203ff,0x40403ff,0x50504ff,0x50606ff,0x60606ff,
0x70707ff,0x80809ff,0x90909ff,0xa0a0aff,0xb0b0bff,0xc0c0cff,0xd0d0dff,0xd0e0eff,0xe0f0eff,0xf0f0fff,0x101010ff,0x111111ff,0x121212ff,0x131212ff,0x141313ff,0x141514ff,0x151515ff,0x161616ff,0x171717ff,0x181818ff,0x181818ff,0x191918ff,
0x1a1919ff,0x1a1b1bff,0x1b1b1bff,0x1c1c1cff,0x1d1d1cff,0x1e1e1dff,0x1e1e1eff,0x1f1f1eff,0x1f201fff,0x202020ff,0x202020ff,0x212121ff,0x222122ff,0x222222ff,0x232322ff,0x232324ff,0x252423ff,0x242524ff,0x252525ff,0x252525ff,0x262726ff,0x272726ff,
0x272727ff,0x282728ff,0x282928ff,0x292928ff,0x292929ff,0x2a2929ff,0x2a2a2aff,0x2b2a2aff,0x2b2b2aff,0x2b2b2bff,0x2c2b2bff,0x2c2c2cff,0x2c2c2cff,0x2c2c2cff,0x2c2d2dff,0x2d2d2dff,0x2d2d2dff,0x2d2d2dff,0x2e2e2dff,0x2d2e2eff,0x2e2e2dff,0x2e2e2eff,
0x2e2f2eff,0x2f2f2eff,0x2f2f2fff,0x2f2f2eff,0x2f2f2fff,0x2f2f2fff,0x2f2f2fff,0x303030ff,0x2f2f2fff,0x2f2f2fff,0x2f2f30ff,0x2f2f2fff,0x30302fff,0x30302fff,0x2f2f2fff,0x2f2f2fff,0x302f2fff,0x2f2f2fff,0x2f2f2fff,0x2f2f2fff,0x2e2f2fff,0x2f2f2fff,
0x2e2e2eff,0x2f2e2eff,0x2e2e2dff,0x2e2e2eff,0x2e2d2dff,0x2d2d2dff,0x2d2d2dff,0x2d2d2dff,0x2d2c2dff,0x2c2d2cff,0x2c2d2cff,0x2c2c2bff,0x2b2b2bff,0x2b2b2aff,0x2a2b2bff,0x2b2b2aff,0x2a2a2aff,0x292a2aff,0x292929ff,0x282829ff,0x282828ff,0x282727ff,
0x272727ff,0x272726ff,0x262626ff,0x252626ff,0x252625ff,0x242524ff,0x242424ff,0x242424ff,0x232323ff,0x222222ff,0x212121ff,0x212221ff,0x202020ff,0x1f2020ff,0x20201fff,0x1e1f1fff,0x1d1e1eff,0x1d1d1eff,0x1c1c1cff,0x1b1b1bff,0x1b1c1bff,0x1b1a1aff,
0x1a1919ff,0x191918ff,0x181819ff,0x171718ff,0x171717ff,0x161616ff,0x151515ff,0x141414ff,0x141313ff,0x131313ff,0x111211ff,0x111111ff,0x101010ff,0xf0f0fff,0xf0f0eff,0xd0d0eff,0xd0d0cff,0xc0c0cff,0xb0b0bff,0xa0a0aff,0x9090aff,0x80908ff,
0x70807ff,0x60606ff,0x50606ff,0x50504ff,0x40304ff,0x30302ff,0x20202ff,0x10100ff,0xff,0x10000ff,0x1ff,0xff,0x101ff,0xff,0xff,0xff,0xff,0xff,0xff,0xff,0xff,0xff,
0xff,0xff,0xff,0xff,0xff,0xff,0xff,0x10000ff,0xff,0xff,0xff,0xff,0xff,0xff,0x1ff,0xff,0xff,0xff,0xff,0xff,0xff,0xff,
0x10000ff,0xff,0xff,0xff,0x1ff,0xff,0xff,0xff,0x100ff,0xff,0x1ff,0xff,0xff,0x100ff,0xff,0xff,0x100ff,0xff,0xff,0xff,0xff,0xff,
0xff,0x10000ff,0xff,0xff,0xff,0xff,0xff,0xff,0xff,0xff,0xff,0xff,0xff,0x1ff,0xff,0xff,0x10000ff,0x100ff,0xff,0xff,0xff,0xff,
0xff,0xff,0xff,0xff,0xff,0xff,0x10101ff,0x20202ff,0x30303ff,0x30303ff,0x50504ff,0x60606ff,0x70607ff,0x70807ff,0x80808ff,0x90909ff,0xb0a0aff,0xb0b0cff,0xc0c0cff,0xd0d0dff,0xe0e0eff,0xf0e0eff,
0x101010ff,0x101111ff,0x111211ff,0x131212ff,0x131312ff,0x141414ff,0x151515ff,0x161615ff,0x161716ff,0x181717ff,0x181818ff,0x191919ff,0x191a19ff,0x1a1a1aff,0x1b1b1aff,0x1c1c1cff,0x1c1c1dff,0x1d1d1dff,0x1e1e1eff,0x1e1f1fff,0x1f1f1fff,0x202020ff,
0x212021ff,0x212121ff,0x222221ff,0x232322ff,0x232323ff,0x242423ff,0x242425ff,0x252524ff,0x262626ff,0x262626ff,0x262726ff,0x272727ff,0x272727ff,0x292828ff,0x282928ff,0x292929ff,0x2a2a2aff,0x2a2a2aff,0x2a2a2bff,0x2b2b2bff,0x2b2c2bff,0x2c2c2cff,
0x2c2c2cff,0x2d2c2dff,0x2d2d2cff,0x2d2d2dff,0x2e2d2dff,0x2e2e2eff,0x2e2e2eff,0x2f2f2eff,0x2f2f2fff,0x2f2f2fff,0x2f2f2fff,0x302f2fff,0x30302fff,0x302f2fff,0x303030ff,0x303030ff,0x313031ff,0x313030ff,0x303030ff,0x313030ff,0x313131ff,0x313031ff,
0x313131ff,0x313131ff,0x313131ff,0x303130ff,0x313131ff,0x303131ff,0x313030ff,0x313131ff,0x313030ff,0x313131ff,0x303130ff,0x313130ff,0x313030ff,0x303130ff,0x30302fff,0x2f2f2fff,0x302f2fff,0x2f2f2fff,0x2f2f2eff,0x2f2f2fff,0x2e2e2fff,0x2e2e2eff,
0x2e2e2eff,0x2e2e2dff,0x2d2d2dff,0x2d2d2dff,0x2d2d2cff,0x2d2c2cff,0x2c2c2cff,0x2c2c2cff,0x2b2c2bff,0x2b2b2bff,0x2a2a2aff,0x2a2a2aff,0x292929ff,0x292929ff,0x292829ff,0x282828ff,0x282728ff,0x272727ff,0x262727ff,0x262626ff,0x262625ff,0x252525ff,
0x242524ff,0x242323ff,0x232323ff,0x232222ff,0x222222ff,0x222121ff,0x202120ff,0x202020ff,0x201f1fff,0x1e1e1fff,0x1e1e1eff,0x1d1d1dff,0x1d1d1cff,0x1b1b1cff,0x1b1b1bff,0x1a1a1aff,0x1a1a1aff,0x181919ff,0x181818ff,0x171717ff,0x161716ff,0x151615ff,
0x141415ff,0x141414ff,0x131313ff,0x121212ff,0x121111ff,0x111010ff,0x10100fff,0xf0f0fff,0xe0e0eff,0xd0d0dff,0xc0c0cff,0xb0b0bff,0xb0a0bff,0x9090aff,0x80809ff,0x80807ff,0x70707ff,0x60506ff,0x50505ff,0x30404ff,0x20202ff,0x20202ff,
0x101ff,0xff,0xff,0xff,0xff,0xff,0x1ff,0xff,0xff,0xff,0xff,0xff,0xff,0xff,0xff,0xff,0xff,0xff,0x10001ff,0xff,0x1ff,0xff,
0x100ff,0xff,0xff,0xff,0xff,0xff,0xff,0xff,0xff,0xff,0xff,0x10000ff,0xff,0x1ff,0xff,0x1ff,0xff,0xff,0x100ff,0xff,0xff,0xff,
0xff,0xff,0xff,0xff,0xff,0xff,0xff,0xff,0xff,0x10000ff,0xff,0xff,0xff,0x10000ff,0xff,0xff,0x100ff,0x1ff,0xff,0xff,0xff,0xff,
0x100ff,0xff,0xff,0xff,0xff,0xff,0xff,0x10000ff,0xff,0xff,0x10000ff,0xff,0xff,0xff,0xff,0xff,0xff,0x10000ff,0xff,0x10101ff,0x20202ff,0x30302ff,
0x40404ff,0x50505ff,0x60606ff,0x70707ff,0x80808ff,0x90809ff,0xa0a0aff,0xb0b0aff,0xc0b0bff,0xc0d0cff,0xd0d0eff,0xe0e0eff,0xf0f0fff,0xf1010ff,0x111111ff,0x121211ff,0x121312ff,0x141413ff,0x141415ff,0x151515ff,0x151616ff,0x161717ff,
0x181817ff,0x181918ff,0x191919ff,0x1a1a1aff,0x1b1b1aff,0x1c1c1bff,0x1c1c1cff,0x1c1d1dff,0x1e1e1dff,0x1f1e1eff,0x1f201fff,0x202020ff,0x202120ff,0x212121ff,0x222122ff,0x232222ff,0x232323ff,0x242423ff,0x252424ff,0x252524ff,0x262625ff,0x262626ff,
0x272727ff,0x272727ff,0x282827ff,0x282928ff,0x292928ff,0x2a2929ff,0x2b2a2aff,0x2a2a2aff,0x2b2b2bff,0x2b2b2bff,0x2c2b2cff,0x2d2c2cff,0x2d2d2dff,0x2d2d2dff,0x2d2d2dff,0x2d2e2eff,0x2e2e2fff,0x2f2f2fff,0x2f2f2eff,0x2f2f2fff,0x303030ff,0x30302fff,
0x303030ff,0x303030ff,0x303131ff,0x303131ff,0x313231ff,0x313131ff,0x313131ff,0x323131ff,0x323131ff,0x323232ff,0x323232ff,0x323332ff,0x323232ff,0x323233ff,0x323332ff,0x333232ff,0x323332ff,0x333332ff,0x333232ff,0x333233ff,0x323232ff,0x323232ff,
0x323232ff,0x323232ff,0x323231ff,0x323232ff,0x323231ff,0x323132ff,0x323231ff,0x313131ff,0x313131ff,0x313130ff,0x313130ff,0x303130ff,0x303030ff,0x302f2fff,0x2f2f2fff,0x2f2f2fff,0x2f2f2fff,0x2f2f2eff,0x2e2e2eff,0x2d2e2eff,0x2d2d2dff,0x2d2d2dff,
0x2d2d2dff,0x2c2c2cff,0x2c2c2bff,0x2c2c2bff,0x2b2b2bff,0x2a2a2aff,0x2a2a2aff,0x292a2aff,0x292929ff,0x282828ff,0x282828ff,0x272827ff,0x272626ff,0x262626ff,0x252625ff,0x252525ff,0x252424ff,0x242324ff,0x232323ff,0x232222ff,0x222221ff,0x212121ff,
0x212021ff,0x1f2020ff,0x1f1f1fff,0x1f1e1eff,0x1e1e1eff,0x1d1d1cff,0x1c1c1cff,0x1b1c1bff,0x1b1a1bff,0x1a1a1aff,0x19191aff,0x181918ff,0x181717ff,0x161717ff,0x161616ff,0x161515ff,0x141414ff,0x131414ff,0x131313ff,0x121211ff,0x111110ff,0x10100fff,
0xf0f0fff,0xe0e0fff,0xd0d0dff,0xd0d0dff,0xc0c0bff,0xb0a0bff,0xa0a0aff,0x90909ff,0x80807ff,0x70707ff,0x60506ff,0x50505ff,0x40404ff,0x30303ff,0x20202ff,0x10101ff,0xff,0xff,0xff,0xff,0xff,0xff,
0xff,0x100ff,0xff,0x1ff,0xff,0xff,0xff,0xff,0xff,0xff,0xff,0x10000ff,0xff,0xff,0xff,0xff,0xff,0x100ff,0xff,0xff,0x100ff,0x100ff,
0xff,0xff,0x101ff,0xff,0xff,0xff,0xff,0x100ff,0x10000ff,0xff,0xff,0xff,0xff,0xff,0xff,0xff,0xff,0x10000ff,0xff,0xff,0x100ff,0xff,
0xff,0xff,0xff,0xff,0x10000ff,0xff,0xff,0xff,0xff,0xff,0x10000ff,0xff,0xff,0xff,0xff,0xff,0xff,0x10000ff,0xff,0xff,0xff,0xff,
0xff,0xff,0xff,0xff,0xff,0x100ff,0xff,0xff,0xff,0xff,0x10101ff,0x20202ff,0x30303ff,0x40404ff,0x50505ff,0x60606ff,0x70707ff,0x80708ff,0x90908ff,0xa0a09ff,0xb0b0aff,0xb0c0bff,
0xc0d0dff,0xe0d0dff,0xf0e0eff,0xf0f0fff,0x101010ff,0x111111ff,0x121212ff,0x131313ff,0x141414ff,0x151415ff,0x161515ff,0x161616ff,0x171818ff,0x181818ff,0x191918ff,0x1a191aff,0x1b1a1bff,0x1b1b1bff,0x1c1c1cff,0x1d1c1dff,0x1e1d1eff,0x1e1e1eff,
0x1f1f1fff,0x1f2020ff,0x202020ff,0x212121ff,0x212222ff,0x232222ff,0x232323ff,0x242324ff,0x252424ff,0x252625ff,0x262625ff,0x262626ff,0x272727ff,0x272828ff,0x282828ff,0x282929ff,0x292a29ff,0x2a2a2aff,0x2a2b2aff,0x2b2b2bff,0x2b2b2cff,0x2b2c2cff,
0x2d2d2dff,0x2d2d2cff,0x2e2d2dff,0x2e2e2dff,0x2f2e2eff,0x2f2f2eff,0x2f2f2fff,0x2f2f2fff,0x302f30ff,0x303130ff,0x313130ff,0x313131ff,0x313131ff,0x313131ff,0x323231ff,0x313232ff,0x323232ff,0x323332ff,0x333332ff,0x333333ff,0x333333ff,0x343333ff,
0x343333ff,0x333333ff,0x333433ff,0x343333ff,0x333433ff,0x343334ff,0x343433ff,0x343434ff,0x333433ff,0x343434ff,0x343434ff,0x343433ff,0x343433ff,0x343433ff,0x343333ff,0x343333ff,0x343334ff,0x343333ff,0x333434ff,0x333333ff,0x333333ff,0x333232ff,
0x323332ff,0x323333ff,0x323232ff,0x323231ff,0x313131ff,0x313231ff,0x313131ff,0x303131ff,0x303030ff,0x303030ff,0x30302fff,0x302f2fff,0x2f2f2fff,0x2f2e2eff,0x2f2e2eff,0x2d2e2eff,0x2d2d2dff,0x2c2d2dff,0x2c2c2cff,0x2c2b2cff,0x2b2b2cff,0x2b2b2bff,
0x2a2a2aff,0x2a2a29ff,0x29292aff,0x292928ff,0x282828ff,0x272728ff,0x272727ff,0x272727ff,0x262625ff,0x262525ff,0x242524ff,0x232424ff,0x242324ff,0x232322ff,0x222121ff,0x212221ff,0x202020ff,0x202020ff,0x1f1f1fff,0x1e1f1eff,0x1e1e1dff,0x1d1d1dff,
0x1c1c1cff,0x1b1b1bff,0x1a1a1aff,0x19191aff,0x191919ff,0x181818ff,0x171818ff,0x161616ff,0x161616ff,0x151514ff,0x141313ff,0x131312ff,0x121212ff,0x111111ff,0x101010ff,0x100f0fff,0xf0f0eff,0xd0e0dff,0xc0d0cff,0xc0b0cff,0xb0a0aff,0x90a0aff,
0x90909ff,0x80808ff,0x70707ff,0x60606ff,0x50505ff,0x40404ff,0x30303ff,0x20202ff,0x10101ff,0xff,0xff,0xff,0xff,0xff,0x101ff,0xff,0xff,0xff,0xff,0x10000ff,0x1ff,0xff,
0xff,0xff,0x10000ff,0xff,0xff,0xff,0xff,0xff,0xff,0xff,0xff,0xff,0xff,0xff,0xff,0xff,0xff,0x10100ff,0x1ff,0xff,0xff,0xff,
0xff,0xff,0xff,0xff,0xff,0xff,0xff,0x10000ff,0xff,0xff,0x10000ff,0xff,0x100ff,0xff,0xff,0xff,0xff,0xff,0xff,0xff,0xff,0xff,
0x1ff,0x100ff,0xff,0x100ff,0xff,0xff,0xff,0x10001ff,0xff,0xff,0xff,0x100ff,0xff,0xff,0xff,0x10000ff,0xff,0xff,0x10000ff,0xff,0xff,0xff,
0xff,0x10101ff,0x20302ff,0x30403ff,0x40404ff,0x50605ff,0x60607ff,0x70707ff,0x80808ff,0x90909ff,0xa0a0aff,0xb0b0bff,0xc0c0cff,0xd0d0dff,0xe0e0eff,0xf0f0eff,0x100f0fff,0x111010ff,0x111112ff,0x121212ff,0x131413ff,0x141414ff,
0x151515ff,0x161616ff,0x161717ff,0x181817ff,0x191818ff,0x191919ff,0x1a1a1aff,0x1b1b1bff,0x1c1b1bff,0x1c1c1cff,0x1d1d1dff,0x1e1e1eff,0x1f1f1fff,0x201f1fff,0x202020ff,0x212121ff,0x222221ff,0x222222ff,0x232323ff,0x242424ff,0x242424ff,0x252625ff,
0x262626ff,0x262627ff,0x272827ff,0x282828ff,0x292829ff,0x292929ff,0x292a29ff,0x2a2a2aff,0x2b2b2bff,0x2b2b2bff,0x2c2c2cff,0x2c2c2cff,0x2d2d2dff,0x2e2d2dff,0x2e2e2eff,0x2f2e2eff,0x2f2f2eff,0x2f2f2fff,0x302f2fff,0x303030ff,0x313031ff,0x313030ff,
0x313131ff,0x313131ff,0x323232ff,0x323232ff,0x323232ff,0x333333ff,0x333333ff,0x333433ff,0x343433ff,0x333433ff,0x343434ff,0x343434ff,0x343435ff,0x353534ff,0x353435ff,0x353535ff,0x353535ff,0x353535ff,0x353535ff,0x363635ff,0x353535ff,0x353635ff,
0x353635ff,0x363536ff,0x363535ff,0x353635ff,0x363535ff,0x353635ff,0x353535ff,0x363535ff,0x353535ff,0x353535ff,0x353534ff,0x343435ff,0x353434ff,0x343434ff,0x343434ff,0x343434ff,0x343433ff,0x333334ff,0x333333ff,0x323332ff,0x323332ff,0x323232ff,
0x323132ff,0x323231ff,0x313131ff,0x313031ff,0x303130ff,0x30302fff,0x30302fff,0x2f2f2fff,0x2f2f2eff,0x2e2e2eff,0x2e2e2eff,0x2d2d2dff,0x2d2c2cff,0x2c2c2cff,0x2c2c2bff,0x2b2b2bff,0x2b2b2aff,0x2a2a29ff,0x2a2a29ff,0x292929ff,0x292928ff,0x272828ff,
0x272727ff,0x272627ff,0x262626ff,0x252525ff,0x242424ff,0x242424ff,0x232323ff,0x222222ff,0x222222ff,0x212221ff,0x212020ff,0x202020ff,0x1e1f1fff,0x1e1e1eff,0x1e1d1dff,0x1c1c1dff,0x1c1c1cff,0x1a1b1bff,0x1a1a1aff,0x191919ff,0x191818ff,0x181818ff,
0x161716ff,0x161615ff,0x161515ff,0x141414ff,0x141313ff,0x121212ff,0x121111ff,0x101110ff,0x100f10ff,0xf0f0fff,0xe0e0eff,0xd0d0dff,0xc0c0bff,0xb0b0bff,0xa0a0aff,0x90909ff,0x80808ff,0x70707ff,0x60606ff,0x50505ff,0x50404ff,0x30303ff,
0x30202ff,0x10101ff,0xff,0xff,0x1ff,0xff,0xff,0xff,0x10000ff,0xff,0xff,0xff,0x10000ff,0xff,0xff,0xff,0xff,0xff,0xff,0xff,0xff,0xff,
0xff,0xff,0xff,0xff,0xff,0x100ff,0xff,0x10100ff,0xff,0x1ff,0xff,0xff,0x100ff,0xff,0xff,0xff,0xff,0xff,0x1ff,0xff,0xff,0xff,
0xff,0xff,0xff,0xff,0xff,0xff,0x100ff,0x10000ff,0xff,0xff,0x100ff,0xff,0xff,0xff,0x10001ff,0xff,0xff,0xff,0x10000ff,0xff,0xff,0xff,
0xff,0xff,0xff,0xff,0xff,0xff,0xff,0xff,0xff,0xff,0xff,0x10000ff,0xff,0xff,0x10101ff,0x20202ff,0x30303ff,0x40404ff,0x50505ff,0x60607ff,0x70807ff,0x80808ff,
0x90909ff,0xa0a0aff,0xb0b0bff,0xc0c0cff,0xd0d0dff,0xe0e0eff,0xf0f0eff,0x100f10ff,0x111110ff,0x111211ff,0x121212ff,0x131313ff,0x151514ff,0x151515ff,0x161616ff,0x171717ff,0x181817ff,0x191818ff,0x1a1919ff,0x1a1a1aff,0x1b1c1bff,0x1c1c1cff,
0x1d1d1dff,0x1e1e1dff,0x1f1f1eff,0x201f1fff,0x202020ff,0x212121ff,0x212221ff,0x232322ff,0x232323ff,0x242424ff,0x252425ff,0x252625ff,0x262626ff,0x262726ff,0x272727ff,0x272828ff,0x292928ff,0x2a2929ff,0x2a292aff,0x2a2b2aff,0x2b2b2bff,0x2b2b2bff,
0x2c2c2cff,0x2d2d2cff,0x2d2d2dff,0x2e2e2dff,0x2e2e2eff,0x2f2f2fff,0x2f2f2fff,0x303030ff,0x303030ff,0x313030ff,0x313131ff,0x313231ff,0x323232ff,0x323232ff,0x323332ff,0x333333ff,0x343333ff,0x343434ff,0x343434ff,0x343434ff,0x343434ff,0x353535ff,
0x353535ff,0x353535ff,0x353535ff,0x363635ff,0x363636ff,0x363636ff,0x363736ff,0x363736ff,0x363636ff,0x363736ff,0x373736ff,0x373736ff,0x373737ff,0x373737ff,0x373736ff,0x363737ff,0x373637ff,0x373737ff,0x373736ff,0x373736ff,0x363636ff,0x363736ff,
0x363636ff,0x373636ff,0x363636ff,0x363636ff,0x363636ff,0x353635ff,0x363536ff,0x363535ff,0x353535ff,0x353434ff,0x353435ff,0x353534ff,0x343433ff,0x333434ff,0x343333ff,0x333333ff,0x333332ff,0x323232ff,0x323232ff,0x313131ff,0x313131ff,0x303131ff,
0x303030ff,0x2f302fff,0x2f2f2fff,0x2f2f2fff,0x2e2e2eff,0x2d2e2eff,0x2d2e2dff,0x2d2c2cff,0x2c2c2cff,0x2c2c2bff,0x2b2b2aff,0x2a2a2aff,0x2a292aff,0x292929ff,0x292928ff,0x272828ff,0x272827ff,0x262726ff,0x252625ff,0x252525ff,0x252524ff,0x242423ff,
0x232323ff,0x222222ff,0x212222ff,0x212121ff,0x202020ff,0x201f1fff,0x1e1e1fff,0x1e1d1eff,0x1d1d1dff,0x1c1c1cff,0x1b1c1cff,0x1b1b1aff,0x1a1a1aff,0x191919ff,0x181818ff,0x171717ff,0x161716ff,0x151515ff,0x141415ff,0x141413ff,0x121212ff,0x111111ff,
0x111110ff,0x101010ff,0xe0f0fff,0xe0e0eff,0xd0d0dff,0xc0c0cff,0xb0b0bff,0xa0b0aff,0x90a09ff,0x80908ff,0x70707ff,0x60706ff,0x60505ff,0x40404ff,0x30403ff,0x20202ff,0x20101ff,0xff,0xff,0xff,0xff,0xff,
0xff,0xff,0xff,0xff,0xff,0x10000ff,0xff,0xff,0xff,0xff,0xff,0xff,0xff,0x10000ff,0xff,0xff,0x1ff,0x100ff,0x1ff,0xff,0x10000ff,0xff,
0xff,0x1ff,0xff,0x10000ff,0xff,0xff,0xff,0xff,0xff,0x10000ff,0xff,0xff,0xff,0xff,0xff,0x10000ff,0x10001ff,0xff,0xff,0xff,0xff,0xff,
0x100ff,0xff,0xff,0xff,0x100ff,0x10000ff,0xff,0x10000ff,0xff,0x1ff,0xff,0xff,0xff,0x1ff,0x10000ff,0xff,0xff,0x100ff,0xff,0xff,0xff,0xff,
0xff,0xff,0xff,0xff,0x10001ff,0x10101ff,0x20202ff,0x40303ff,0x40404ff,0x60506ff,0x60606ff,0x70707ff,0x80908ff,0x90a09ff,0xa0a0bff,0xb0b0bff,0xc0d0dff,0xe0d0dff,0xf0e0fff,0xf0f0fff,0x101010ff,0x111111ff,
0x121212ff,0x131313ff,0x141414ff,0x151515ff,0x151515ff,0x171716ff,0x181817ff,0x181818ff,0x191919ff,0x1a1a1aff,0x1b1a1bff,0x1c1b1cff,0x1c1d1cff,0x1d1d1dff,0x1e1e1eff,0x1f1f1fff,0x201f20ff,0x212021ff,0x212121ff,0x222222ff,0x232323ff,0x232323ff,
0x242524ff,0x252525ff,0x252626ff,0x262626ff,0x272727ff,0x272727ff,0x292829ff,0x292929ff,0x2a2a29ff,0x2b2a2aff,0x2b2b2bff,0x2c2c2cff,0x2c2c2cff,0x2d2d2dff,0x2d2d2dff,0x2e2e2eff,0x2e2f2fff,0x302f2fff,0x2f2f2fff,0x313030ff,0x303131ff,0x313231ff,
0x323231ff,0x323232ff,0x323232ff,0x333332ff,0x333433ff,0x343433ff,0x343434ff,0x353434ff,0x343534ff,0x363535ff,0x363536ff,0x363535ff,0x363636ff,0x363636ff,0x363636ff,0x373737ff,0x373737ff,0x373737ff,0x373837ff,0x383837ff,0x383738ff,0x383738ff,
0x383838ff,0x383837ff,0x383838ff,0x383938ff,0x383938ff,0x393938ff,0x393938ff,0x393838ff,0x383838ff,0x383838ff,0x383938ff,0x383838ff,0x383838ff,0x383838ff,0x383838ff,0x383738ff,0x373738ff,0x373737ff,0x383737ff,0x373837ff,0x373737ff,0x373736ff,
0x373736ff,0x363736ff,0x363736ff,0x353635ff,0x363535ff,0x353535ff,0x343534ff,0x343434ff,0x343434ff,0x333433ff,0x343333ff,0x333332ff,0x323332ff,0x323232ff,0x323132ff,0x313131ff,0x313030ff,0x303030ff,0x303030ff,0x2f2f2fff,0x2e2f2fff,0x2e2e2eff,
0x2d2d2dff,0x2d2c2cff,0x2c2d2cff,0x2c2b2bff,0x2b2b2bff,0x2b2a2aff,0x292a2aff,0x292929ff,0x282929ff,0x272828ff,0x272727ff,0x262626ff,0x252626ff,0x252525ff,0x242524ff,0x242423ff,0x232323ff,0x222222ff,0x212121ff,0x202120ff,0x20201fff,0x1e1f1fff,
0x1e1e1eff,0x1d1d1dff,0x1c1d1dff,0x1c1c1cff,0x1b1b1bff,0x1a1a1aff,0x191919ff,0x181818ff,0x181717ff,0x161616ff,0x161615ff,0x151514ff,0x141413ff,0x131313ff,0x121212ff,0x111111ff,0x101110ff,0x100f0fff,0xe0e0eff,0xd0e0dff,0xc0c0cff,0xb0c0bff,
0xb0a0bff,0x9090aff,0x80908ff,0x70807ff,0x60706ff,0x50606ff,0x40404ff,0x30303ff,0x20202ff,0x10101ff,0xff,0xff,0xff,0xff,0xff,0xff,0x1ff,0xff,0x100ff,0xff,0x10000ff,0xff,
0xff,0xff,0xff,0x10000ff,0xff,0xff,0xff,0xff,0xff,0xff,0xff,0x1ff,0xff,0xff,0xff,0xff,0xff,0xff,0x10000ff,0xff,0xff,0xff,
0x100ff,0xff,0xff,0xff,0xff,0xff,0xff,0xff,0xff,0xff,0x100ff,0xff,0xff,0xff,0xff,0x100ff,0xff,0xff,0xff,0xff,0xff,0xff,
0xff,0xff,0xff,0x10000ff,0xff,0x100ff,0xff,0x10000ff,0xff,0xff,0xff,0xff,0xff,0xff,0xff,0xff,0xff,0x10000ff,0x10101ff,0x20202ff,0x30303ff,0x40404ff,
0x50506ff,0x70607ff,0x70707ff,0x90808ff,0x90909ff,0xa0b0bff,0xc0b0bff,0xd0c0cff,0xd0d0dff,0xe0e0eff,0xf0f0fff,0x101010ff,0x111111ff,0x121212ff,0x131313ff,0x141414ff,0x151515ff,0x151616ff,0x161617ff,0x181817ff,0x191918ff,0x191919ff,
0x1a1a1bff,0x1c1b1bff,0x1c1c1cff,0x1d1d1dff,0x1d1e1dff,0x1e1f1eff,0x20201fff,0x202020ff,0x212120ff,0x222222ff,0x222323ff,0x242323ff,0x242424ff,0x252525ff,0x252625ff,0x262626ff,0x272727ff,0x282728ff,0x282929ff,0x292929ff,0x29292aff,0x2b2a2aff,
0x2b2b2bff,0x2c2c2cff,0x2d2d2dff,0x2d2d2dff,0x2e2d2dff,0x2e2e2eff,0x2e2f2fff,0x30302fff,0x303030ff,0x303131ff,0x313131ff,0x323132ff,0x323231ff,0x323232ff,0x333333ff,0x343334ff,0x343434ff,0x343435ff,0x343534ff,0x353535ff,0x363535ff,0x353636ff,
0x363636ff,0x363736ff,0x373737ff,0x373737ff,0x373737ff,0x383838ff,0x383838ff,0x383838ff,0x393938ff,0x383938ff,0x393939ff,0x393939ff,0x3a3939ff,0x393a39ff,0x393939ff,0x393939ff,0x3a3a3aff,0x3a3a3aff,0x3a3a39ff,0x3a393aff,0x3a3a3aff,0x3a3a39ff,
0x3a3a3aff,0x3a3a3aff,0x393939ff,0x393a3aff,0x3a393aff,0x3a3a39ff,0x393939ff,0x393939ff,0x393939ff,0x393939ff,0x383939ff,0x393938ff,0x383839ff,0x383838ff,0x383837ff,0x373738ff,0x373837ff,0x383737ff,0x373737ff,0x363636ff,0x373736ff,0x353636ff,
0x353535ff,0x363535ff,0x353534ff,0x343434ff,0x343434ff,0x333333ff,0x333332ff,0x333332ff,0x323232ff,0x323232ff,0x313131ff,0x303130ff,0x30302fff,0x2f2f2fff,0x2f2f2fff,0x2e2f2eff,0x2d2e2eff,0x2d2d2dff,0x2c2d2cff,0x2b2b2cff,0x2b2b2bff,0x2a2b2aff,
0x292a29ff,0x292929ff,0x282828ff,0x282828ff,0x272727ff,0x262627ff,0x262625ff,0x252524ff,0x242424ff,0x232423ff,0x232322ff,0x212222ff,0x212121ff,0x202120ff,0x1f1f1fff,0x1e1f1fff,0x1d1e1eff,0x1d1d1dff,0x1c1c1cff,0x1b1b1cff,0x1b1b1aff,0x19191aff,
0x191819ff,0x181718ff,0x161717ff,0x161516ff,0x151515ff,0x141414ff,0x131313ff,0x121213ff,0x121111ff,0x101010ff,0xf100fff,0xe0e0eff,0xd0e0eff,0xc0c0dff,0xb0b0bff,0xa0b0bff,0x9090aff,0x80908ff,0x80708ff,0x60707ff,0x60505ff,0x40404ff,
0x30303ff,0x20202ff,0x10101ff,0xff,0xff,0xff,0xff,0xff,0xff,0xff,0x1ff,0xff,0xff,0x100ff,0xff,0xff,0xff,0xff,0xff,0xff,0xff,0xff,
0xff,0xff,0xff,0x100ff,0xff,0x101ff,0xff,0xff,0xff,0xff,0xff,0xff,0x100ff,0xff,0xff,0xff,0x1ff,0xff,0xff,0xff,0xff,0xff,
0x100ff,0xff,0xff,0xff,0xff,0xff,0xff,0x1ff,0xff,0xff,0xff,0xff,0xff,0xff,0xff,0xff,0x1ff,0xff,0xff,0xff,0xff,0xff,
0xff,0xff,0xff,0xff,0x1ff,0xff,0xff,0xff,0xff,0x10201ff,0x20202ff,0x30303ff,0x40404ff,0x50505ff,0x60706ff,0x70707ff,0x90808ff,0x90a0aff,0xb0b0aff,0xc0c0bff,0xd0d0cff,0xd0e0dff,
0xf0e0eff,0xf0f10ff,0x101011ff,0x111111ff,0x121213ff,0x141313ff,0x151414ff,0x151515ff,0x161616ff,0x171717ff,0x181818ff,0x191918ff,0x1a1a19ff,0x1b1a1aff,0x1b1b1cff,0x1d1c1cff,0x1d1d1dff,0x1e1e1eff,0x1e1f1fff,0x202020ff,0x212120ff,0x222121ff,
0x232222ff,0x242323ff,0x232424ff,0x242524ff,0x252626ff,0x272726ff,0x272727ff,0x272828ff,0x282828ff,0x292928ff,0x2a2a29ff,0x2b2b2aff,0x2b2b2bff,0x2c2c2cff,0x2d2d2dff,0x2d2d2dff,0x2d2e2dff,0x2f2e2eff,0x2f2f2eff,0x30302fff,0x303030ff,0x313030ff,
0x313231ff,0x323231ff,0x323332ff,0x333333ff,0x333333ff,0x343433ff,0x343435ff,0x353534ff,0x353535ff,0x353635ff,0x363636ff,0x373737ff,0x373736ff,0x383737ff,0x373737ff,0x383838ff,0x383838ff,0x393938ff,0x393939ff,0x393939ff,0x393a39ff,0x3a393aff,
0x3a3a39ff,0x3a3a3aff,0x3a3b3aff,0x3b3a3aff,0x3b3b3aff,0x3b3b3bff,0x3b3b3bff,0x3b3b3bff,0x3c3b3bff,0x3b3b3bff,0x3c3c3bff,0x3c3c3bff,0x3b3b3bff,0x3b3b3bff,0x3c3b3bff,0x3b3b3bff,0x3b3c3bff,0x3b3c3bff,0x3b3b3bff,0x3b3b3bff,0x3b3b3bff,0x3b3b3bff,
0x3a3a3bff,0x3a3b3bff,0x3b3a3aff,0x3a3a3aff,0x3a3a39ff,0x3a3a39ff,0x393a39ff,0x393939ff,0x393938ff,0x393938ff,0x383838ff,0x383838ff,0x383837ff,0x373737ff,0x373737ff,0x373736ff,0x363636ff,0x353636ff,0x353635ff,0x353535ff,0x353534ff,0x333434ff,
0x333333ff,0x333333ff,0x333232ff,0x323232ff,0x323231ff,0x313130ff,0x303030ff,0x30302fff,0x2f2f2fff,0x2e2f2eff,0x2e2e2dff,0x2d2d2dff,0x2d2d2dff,0x2c2c2bff,0x2c2c2bff,0x2b2a2aff,0x2a2a29ff,0x292929ff,0x282928ff,0x282828ff,0x272727ff,0x272626ff,
0x262525ff,0x242424ff,0x242424ff,0x232323ff,0x232222ff,0x222221ff,0x212120ff,0x201f20ff,0x1f1f1eff,0x1e1e1eff,0x1d1d1dff,0x1d1c1dff,0x1c1b1cff,0x1b1b1bff,0x1a191aff,0x181919ff,0x181818ff,0x171716ff,0x161616ff,0x151515ff,0x141414ff,0x131313ff,
0x121212ff,0x121111ff,0x101110ff,0x100f10ff,0xf0f0eff,0xd0e0dff,0xc0d0dff,0xb0c0cff,0xa0a0aff,0x9090aff,0x90808ff,0x70808ff,0x60706ff,0x50505ff,0x40404ff,0x30303ff,0x20202ff,0x10201ff,0xff,0xff,0xff,0x100ff,
0xff,0xff,0x100ff,0xff,0xff,0xff,0xff,0xff,0xff,0xff,0x10000ff,0xff,0xff,0xff,0xff,0xff,0xff,0xff,0x100ff,0xff,0xff,0x100ff,
0xff,0x100ff,0xff,0xff,0xff,0xff,0xff,0xff,0xff,0xff,0xff,0xff,0xff,0xff,0xff,0xff,0xff,0xff,0x1ff,0xff,0xff,0xff,
0xff,0xff,0xff,0x1ff,0xff,0x100ff,0xff,0xff,0xff,0xff,0xff,0xff,0xff,0x10000ff,0xff,0xff,0xff,0xff,0x10000ff,0xff,0xff,0xff,
0x10101ff,0x30203ff,0x30303ff,0x40405ff,0x50506ff,0x70607ff,0x70708ff,0x80809ff,0xa0909ff,0xa0a0aff,0xb0b0bff,0xd0d0dff,0xe0e0dff,0xe0f0eff,0xf100fff,0x101111ff,0x111211ff,0x121213ff,0x141414ff,0x141414ff,0x161516ff,0x161616ff,
0x171717ff,0x181818ff,0x191919ff,0x1a1a1aff,0x1b1b1bff,0x1c1c1cff,0x1d1c1dff,0x1e1e1eff,0x1e1f1eff,0x201f1fff,0x202020ff,0x212121ff,0x222221ff,0x222222ff,0x242323ff,0x242424ff,0x252525ff,0x262626ff,0x272726ff,0x272728ff,0x282828ff,0x292928ff,
0x292a2aff,0x2b2a2aff,0x2b2b2bff,0x2c2b2cff,0x2d2d2cff,0x2d2d2dff,0x2d2e2eff,0x2f2f2eff,0x2f2f2fff,0x303030ff,0x313130ff,0x313131ff,0x323132ff,0x333232ff,0x323333ff,0x333333ff,0x343434ff,0x343434ff,0x353534ff,0x353535ff,0x353636ff,0x363636ff,
0x363737ff,0x373737ff,0x373738ff,0x383838ff,0x383839ff,0x383939ff,0x393939ff,0x3a393aff,0x3a3a39ff,0x3a3a3aff,0x3b3b3bff,0x3b3b3bff,0x3b3b3bff,0x3b3b3bff,0x3c3b3bff,0x3c3c3cff,0x3c3c3cff,0x3c3c3cff,0x3c3d3cff,0x3d3c3cff,0x3c3d3dff,0x3d3c3cff,
0x3d3d3dff,0x3c3d3dff,0x3d3d3cff,0x3d3d3dff,0x3d3d3dff,0x3d3d3dff,0x3d3d3dff,0x3d3d3cff,0x3d3d3dff,0x3d3d3cff,0x3d3d3dff,0x3c3d3dff,0x3c3d3cff,0x3c3d3cff,0x3c3c3cff,0x3c3c3cff,0x3b3c3cff,0x3c3c3cff,0x3c3b3bff,0x3b3b3bff,0x3b3b3bff,0x3b3b3bff,
0x3b3a3bff,0x3a3a3aff,0x3a3a3aff,0x3a3939ff,0x393939ff,0x383939ff,0x393839ff,0x383837ff,0x383738ff,0x373737ff,0x373736ff,0x373636ff,0x363636ff,0x353535ff,0x343535ff,0x343534ff,0x343434ff,0x343433ff,0x333233ff,0x323232ff,0x313232ff,0x313130ff,
0x313030ff,0x303030ff,0x2f2f2fff,0x2e2e2eff,0x2e2e2eff,0x2d2d2dff,0x2d2d2dff,0x2c2c2bff,0x2b2b2bff,0x2a2a2bff,0x292a29ff,0x292928ff,0x282928ff,0x282727ff,0x262727ff,0x252526ff,0x262525ff,0x252424ff,0x232323ff,0x232323ff,0x222122ff,0x212121ff,
0x202020ff,0x1f1f1fff,0x1f1f1eff,0x1e1d1dff,0x1d1c1cff,0x1c1c1cff,0x1b1a1aff,0x1a1a1aff,0x191919ff,0x181818ff,0x181717ff,0x171616ff,0x161515ff,0x141414ff,0x131413ff,0x121212ff,0x111111ff,0x101011ff,0x10100fff,0xe0f0fff,0xe0d0dff,0xc0d0cff,
0xb0c0cff,0xa0a0aff,0x90a09ff,0x80808ff,0x80808ff,0x60706ff,0x60506ff,0x40404ff,0x30304ff,0x20203ff,0x10101ff,0xff,0xff,0xff,0xff,0xff,0x100ff,0xff,0xff,0xff,0xff,0x10000ff,
0x1ff,0xff,0xff,0xff,0xff,0xff,0xff,0xff,0xff,0xff,0xff,0xff,0xff,0x10000ff,0xff,0xff,0x10000ff,0xff,0xff,0x1ff,0x10000ff,0xff,
0x10000ff,0xff,0xff,0xff,0xff,0xff,0xff,0xff,0xff,0xff,0xff,0xff,0xff,0xff,0xff,0xff,0xff,0xff,0xff,0x100ff,0xff,0x10000ff,
0xff,0xff,0xff,0x10100ff,0xff,0xff,0xff,0xff,0xff,0xff,0xff,0xff,0xff,0x10101ff,0x20202ff,0x40303ff,0x50505ff,0x50606ff,0x70606ff,0x70807ff,0x80908ff,0xa090aff,
0xa0b0aff,0xc0c0cff,0xd0d0dff,0xe0e0dff,0xe0f0fff,0xf0f0fff,0x101110ff,0x121112ff,0x121213ff,0x141414ff,0x151515ff,0x161516ff,0x171617ff,0x171817ff,0x191918ff,0x191919ff,0x1a1a1aff,0x1c1b1bff,0x1c1c1cff,0x1d1d1dff,0x1e1e1eff,0x1f1f1eff,
0x1f201fff,0x202120ff,0x212121ff,0x222222ff,0x232323ff,0x242424ff,0x252425ff,0x262526ff,0x262626ff,0x272827ff,0x282827ff,0x282928ff,0x29292aff,0x2a2b2aff,0x2b2b2aff,0x2b2c2bff,0x2c2c2cff,0x2d2d2dff,0x2e2e2dff,0x2e2e2fff,0x302f2fff,0x303030ff,
0x313130ff,0x313131ff,0x313231ff,0x323232ff,0x333333ff,0x333433ff,0x343434ff,0x353534ff,0x353635ff,0x363636ff,0x363636ff,0x373637ff,0x373737ff,0x383837ff,0x383838ff,0x393939ff,0x393939ff,0x393a39ff,0x3a3a3aff,0x3b3a3aff,0x3b3b3bff,0x3b3c3bff,
0x3b3b3bff,0x3c3c3cff,0x3c3c3cff,0x3d3c3cff,0x3d3c3cff,0x3d3d3cff,0x3d3d3dff,0x3d3d3dff,0x3d3d3eff,0x3d3d3dff,0x3e3e3eff,0x3e3e3eff,0x3e3e3eff,0x3f3e3eff,0x3e3e3eff,0x3e3e3eff,0x3f3e3eff,0x3e3e3eff,0x3e3e3eff,0x3f3f3fff,0x3e3f3eff,0x3e3f3eff,
0x3e3e3eff,0x3e3f3eff,0x3e3f3eff,0x3e3e3eff,0x3e3e3eff,0x3e3e3eff,0x3d3e3eff,0x3e3e3dff,0x3e3d3dff,0x3d3e3dff,0x3d3d3dff,0x3d3d3dff,0x3d3c3cff,0x3c3c3cff,0x3c3c3cff,0x3b3c3cff,0x3b3b3bff,0x3b3b3bff,0x3b3b3aff,0x3a3a3aff,0x3a3a39ff,0x393a39ff,
0x393939ff,0x383939ff,0x383838ff,0x383737ff,0x373737ff,0x373737ff,0x363736ff,0x363636ff,0x353535ff,0x353535ff,0x343434ff,0x343333ff,0x333333ff,0x323332ff,0x323231ff,0x323131ff,0x303131ff,0x2f2f30ff,0x2f2f2fff,0x2e2f2eff,0x2e2d2dff,0x2d2d2dff,
0x2c2c2dff,0x2c2b2cff,0x2b2b2bff,0x2a2a2aff,0x2a2a2aff,0x282928ff,0x282728ff,0x272727ff,0x272626ff,0x252525ff,0x242525ff,0x242424ff,0x232323ff,0x222323ff,0x212222ff,0x212121ff,0x202020ff,0x1f1e1fff,0x1e1d1dff,0x1d1d1dff,0x1c1c1cff,0x1b1b1bff,
0x1a1a1aff,0x191919ff,0x191818ff,0x171817ff,0x161616ff,0x151515ff,0x151415ff,0x141314ff,0x121212ff,0x121212ff,0x101011ff,0x100f10ff,0xf0e0eff,0xe0d0eff,0xd0d0cff,0xb0b0cff,0xa0b0aff,0x90909ff,0x80808ff,0x80707ff,0x60606ff,0x50605ff,
0x50404ff,0x30303ff,0x20202ff,0x10101ff,0xff,0xff,0xff,0xff,0xff,0xff,0xff,0xff,0xff,0xff,0xff,0xff,0xff,0xff,0xff,0xff,0xff,0xff,
0xff,0xff,0xff,0xff,0xff,0xff,0xff,0xff,0xff,0xff,0xff,0x1ff,0xff,0xff,0xff,0xff,0xff,0xff,0xff,0xff,0xff,0xff,
0xff,0xff,0xff,0xff,0xff,0xff,0xff,0x10000ff,0xff,0xff,0xff,0xff,0xff,0xff,0xff,0xff,0xff,0xff,0xff,0xff,0xff,0x100ff,
0xff,0xff,0x100ff,0xff,0x101ff,0x20202ff,0x30303ff,0x40404ff,0x60505ff,0x60607ff,0x70807ff,0x80908ff,0xa0909ff,0xb0a0bff,0xb0c0cff,0xc0c0dff,0xd0d0eff,0xe0e0fff,0x10100fff,0x111111ff,0x121112ff,0x121312ff,
0x141414ff,0x151414ff,0x161516ff,0x161616ff,0x181817ff,0x181918ff,0x191919ff,0x1a1b1bff,0x1b1b1bff,0x1c1d1dff,0x1d1d1dff,0x1e1e1eff,0x1f201fff,0x20201fff,0x212120ff,0x222222ff,0x232223ff,0x242323ff,0x242425ff,0x252525ff,0x262626ff,0x262727ff,
0x282827ff,0x282828ff,0x292929ff,0x2a2a2aff,0x2b2b2bff,0x2c2c2bff,0x2c2c2cff,0x2d2d2dff,0x2e2d2dff,0x2f2e2eff,0x2f2f2fff,0x303030ff,0x303131ff,0x323231ff,0x323232ff,0x323232ff,0x333333ff,0x343433ff,0x343534ff,0x353535ff,0x353636ff,0x363636ff,
0x373736ff,0x373737ff,0x383837ff,0x383938ff,0x393938ff,0x3a3939ff,0x3a3a39ff,0x3a3b3aff,0x3b3a3aff,0x3b3b3bff,0x3b3c3bff,0x3c3b3cff,0x3c3d3cff,0x3c3c3cff,0x3d3d3cff,0x3d3e3dff,0x3d3d3dff,0x3e3d3dff,0x3e3e3eff,0x3e3e3eff,0x3f3e3eff,0x3f3f3eff,
0x3f3f3fff,0x3f3f3eff,0x403f3fff,0x3f403fff,0x40403fff,0x40403fff,0x404040ff,0x40403fff,0x404040ff,0x404040ff,0x40403fff,0x404040ff,0x40403fff,0x40403fff,0x404040ff,0x40403fff,0x403f3fff,0x40403fff,0x40403fff,0x40403fff,0x403f3fff,0x3f3f3eff,
0x3f3f3eff,0x3f3f3eff,0x3e3f3eff,0x3f3e3eff,0x3e3e3eff,0x3e3e3eff,0x3d3d3eff,0x3d3d3dff,0x3d3c3cff,0x3c3c3dff,0x3c3c3cff,0x3c3b3bff,0x3c3c3bff,0x3b3b3bff,0x3a3a3aff,0x3a3b3aff,0x3a393aff,0x393939ff,0x383938ff,0x393838ff,0x383838ff,0x373737ff,
0x373737ff,0x363636ff,0x363536ff,0x353535ff,0x343534ff,0x343433ff,0x333433ff,0x323332ff,0x323232ff,0x313131ff,0x313130ff,0x303030ff,0x2f2f2fff,0x2f2f2eff,0x2e2e2dff,0x2d2d2cff,0x2c2c2cff,0x2b2b2bff,0x2a2b2aff,0x2a2a2aff,0x292929ff,0x292928ff,
0x272828ff,0x262726ff,0x262626ff,0x252525ff,0x242424ff,0x242424ff,0x232222ff,0x212222ff,0x212120ff,0x202020ff,0x1f1f1fff,0x1e1e1eff,0x1d1d1eff,0x1c1d1cff,0x1b1b1bff,0x1a1b1aff,0x1a1a19ff,0x181918ff,0x171718ff,0x171717ff,0x161616ff,0x141514ff,
0x131313ff,0x131312ff,0x121211ff,0x101110ff,0x10100fff,0xe0e0fff,0xe0e0eff,0xc0c0dff,0xb0b0cff,0xa0a0bff,0x90909ff,0x80809ff,0x80707ff,0x60607ff,0x60605ff,0x40404ff,0x30303ff,0x20202ff,0x10100ff,0xff,0x101ff,0xff,
0xff,0x100ff,0xff,0xff,0xff,0xff,0xff,0xff,0xff,0xff,0xff,0xff,0xff,0xff,0xff,0xff,0xff,0xff,0xff,0x100ff,0xff,0xff,
0xff,0xff,0x100ff,0xff,0xff,0xff,0xff,0xff,0xff,0xff,0xff,0x1ff,0xff,0xff,0x10100ff,0xff,0x100ff,0xff,0xff,0x1ff,0xff,0xff,
0xff,0xff,0xff,0xff,0xff,0xff,0xff,0x100ff,0xff,0x10001ff,0xff,0xff,0xff,0xff,0x100ff,0xff,0xff,0x101ff,0x20201ff,0x30203ff,0x40404ff,0x50505ff,
0x60607ff,0x70707ff,0x80809ff,0xa0909ff,0xa0a0aff,0xb0c0bff,0xc0c0dff,0xe0e0dff,0xe0f0fff,0x100f10ff,0x111111ff,0x111212ff,0x131312ff,0x131314ff,0x151514ff,0x161616ff,0x161717ff,0x181817ff,0x191818ff,0x191a19ff,0x1a1b1bff,0x1b1c1bff,
0x1d1d1dff,0x1e1d1dff,0x1e1e1eff,0x1f1f1fff,0x202120ff,0x212121ff,0x222222ff,0x232323ff,0x242424ff,0x242524ff,0x262525ff,0x262627ff,0x272727ff,0x282827ff,0x292929ff,0x2a2a2aff,0x2b2a2aff,0x2c2b2bff,0x2c2c2cff,0x2d2d2dff,0x2e2e2dff,0x2e2f2eff,
0x2f2f2fff,0x302f2fff,0x303030ff,0x313131ff,0x323132ff,0x333333ff,0x333333ff,0x343333ff,0x343434ff,0x353535ff,0x353635ff,0x363736ff,0x373736ff,0x373737ff,0x383838ff,0x383938ff,0x393a39ff,0x393a3aff,0x3a3a3aff,0x3b3b3bff,0x3b3b3aff,0x3c3c3cff,
0x3c3c3cff,0x3c3c3cff,0x3d3d3dff,0x3e3d3dff,0x3d3d3dff,0x3e3e3dff,0x3e3f3eff,0x3e3f3eff,0x3f3f3eff,0x3f3f3fff,0x3f4040ff,0x404040ff,0x404040ff,0x404040ff,0x414140ff,0x414140ff,0x414141ff,0x414141ff,0x424140ff,0x414141ff,0x414141ff,0x424141ff,
0x414241ff,0x424142ff,0x414242ff,0x424241ff,0x424241ff,0x424241ff,0x424141ff,0x414141ff,0x414241ff,0x414141ff,0x424140ff,0x414141ff,0x404140ff,0x414141ff,0x404040ff,0x404040ff,0x40403fff,0x40403fff,0x40403fff,0x3f403fff,0x3f3f3fff,0x3e3f3eff,
0x3e3f3eff,0x3e3e3eff,0x3e3d3dff,0x3e3d3dff,0x3d3d3dff,0x3c3c3dff,0x3c3c3bff,0x3b3c3bff,0x3b3b3bff,0x3b3a3bff,0x3a3a3aff,0x3a3939ff,0x393939ff,0x393938ff,0x383838ff,0x373838ff,0x373737ff,0x373736ff,0x363536ff,0x363635ff,0x343434ff,0x343433ff,
0x333433ff,0x333332ff,0x323231ff,0x313130ff,0x303130ff,0x2f3030ff,0x2f2f2fff,0x2f2f2eff,0x2d2e2dff,0x2d2d2cff,0x2c2c2cff,0x2c2b2bff,0x2b2b2aff,0x2a2a29ff,0x292828ff,0x282828ff,0x272727ff,0x272726ff,0x262626ff,0x242525ff,0x232424ff,0x232322ff,
0x222222ff,0x212121ff,0x212020ff,0x1f1f1fff,0x1f1f1fff,0x1e1d1dff,0x1d1d1cff,0x1b1b1bff,0x1b1b1bff,0x191a1aff,0x191819ff,0x171817ff,0x171617ff,0x161516ff,0x141414ff,0x141414ff,0x131313ff,0x121212ff,0x111110ff,0x10100fff,0xe0f0fff,0xe0d0dff,
0xd0c0dff,0xb0b0cff,0xa0b0bff,0xa0909ff,0x80908ff,0x70707ff,0x60606ff,0x50505ff,0x40404ff,0x30303ff,0x20202ff,0x101ff,0xff,0xff,0xff,0xff,0xff,0xff,0xff,0xff,0x10001ff,0x100ff,
0x1ff,0x1ff,0xff,0xff,0xff,0xff,0xff,0xff,0xff,0x10000ff,0xff,0xff,0xff,0xff,0xff,0xff,0xff,0xff,0xff,0xff,0xff,0x1ff,
0xff,0xff,0xff,0x10001ff,0xff,0x101ff,0x100ff,0xff,0x1ff,0xff,0xff,0xff,0x1ff,0xff,0xff,0xff,0xff,0x100ff,0xff,0x10000ff,0xff,0x1ff,
0xff,0xff,0xff,0x10000ff,0xff,0xff,0xff,0xff,0x101ff,0x20202ff,0x30303ff,0x40404ff,0x50505ff,0x70606ff,0x70707ff,0x80809ff,0x90909ff,0xa0b0bff,0xb0c0bff,0xd0c0dff,0xe0d0dff,0xe0f0eff,
0x10100fff,0x101011ff,0x121112ff,0x131213ff,0x141314ff,0x151515ff,0x161616ff,0x171617ff,0x181718ff,0x181918ff,0x1a191aff,0x1a1a1aff,0x1b1c1cff,0x1d1d1cff,0x1d1e1eff,0x1f1f1eff,0x201f1fff,0x212021ff,0x222221ff,0x222322ff,0x232323ff,0x242424ff,
0x242525ff,0x252526ff,0x272727ff,0x272827ff,0x292928ff,0x292929ff,0x2a2a2aff,0x2b2b2bff,0x2c2c2cff,0x2d2d2cff,0x2d2d2dff,0x2e2e2eff,0x2f2f2fff,0x30302fff,0x303030ff,0x313131ff,0x323231ff,0x333232ff,0x333333ff,0x343434ff,0x343534ff,0x353535ff,
0x363635ff,0x363736ff,0x373737ff,0x373737ff,0x383838ff,0x393938ff,0x393939ff,0x3a3a3aff,0x3a3a3aff,0x3b3b3bff,0x3b3c3bff,0x3c3c3cff,0x3d3d3cff,0x3d3d3cff,0x3e3d3dff,0x3e3e3eff,0x3e3f3eff,0x3e3e3fff,0x3f3f3eff,0x40403fff,0x40403fff,0x404040ff,
0x414040ff,0x404140ff,0x414140ff,0x424241ff,0x414241ff,0x424241ff,0x424242ff,0x424242ff,0x424243ff,0x424342ff,0x434242ff,0x424343ff,0x424342ff,0x434343ff,0x434343ff,0x434343ff,0x434343ff,0x434343ff,0x434343ff,0x434343ff,0x434342ff,0x434343ff,
0x424243ff,0x434342ff,0x434242ff,0x434242ff,0x424342ff,0x424242ff,0x424242ff,0x414242ff,0x424141ff,0x414141ff,0x414141ff,0x414041ff,0x414040ff,0x404040ff,0x404040ff,0x3f403fff,0x3f3f3eff,0x3f3f3eff,0x3e3f3eff,0x3e3e3dff,0x3d3e3dff,0x3d3d3dff,
0x3d3d3cff,0x3c3c3bff,0x3b3b3bff,0x3b3b3aff,0x3b3b3aff,0x3a3a3aff,0x3a3a39ff,0x393838ff,0x383838ff,0x373737ff,0x373737ff,0x373736ff,0x363536ff,0x353635ff,0x343434ff,0x343434ff,0x333333ff,0x323333ff,0x323232ff,0x313231ff,0x303130ff,0x2f2f2fff,
0x2f2f2fff,0x2e2e2eff,0x2d2d2dff,0x2c2d2cff,0x2c2b2cff,0x2b2b2aff,0x2b2a2aff,0x29292aff,0x282828ff,0x282728ff,0x262727ff,0x262626ff,0x252524ff,0x242424ff,0x232423ff,0x232322ff,0x222122ff,0x212021ff,0x1f1f1fff,0x1f1e1eff,0x1e1d1dff,0x1d1d1dff,
0x1b1c1cff,0x1a1a1bff,0x191a19ff,0x191818ff,0x181817ff,0x171717ff,0x151616ff,0x151515ff,0x141414ff,0x131313ff,0x111211ff,0x111011ff,0x101010ff,0xf0f0fff,0xe0e0eff,0xc0d0cff,0xb0c0cff,0xa0b0aff,0x90a09ff,0x80808ff,0x70708ff,0x60606ff,
0x50505ff,0x40404ff,0x30303ff,0x20201ff,0x10100ff,0xff,0xff,0xff,0x100ff,0xff,0x1ff,0xff,0xff,0xff,0x100ff,0xff,0xff,0x1ff,0x100ff,0xff,0x1ff,0xff,
0xff,0x100ff,0xff,0xff,0x1ff,0xff,0x100ff,0xff,0xff,0xff,0xff,0xff,0xff,0xff,0xff,0xff,0xff,0x1ff,0xff,0xff,0xff,0xff,
0x1ff,0xff,0xff,0xff,0xff,0xff,0xff,0xff,0xff,0xff,0x1ff,0xff,0xff,0x100ff,0xff,0xff,0xff,0x100ff,0xff,0xff,0x1ff,0x10000ff,
0x20202ff,0x30303ff,0x40404ff,0x50505ff,0x60606ff,0x70707ff,0x80808ff,0x90a09ff,0xa0b0aff,0xb0b0cff,0xd0d0cff,0xd0d0eff,0xf0f0fff,0xf0f10ff,0x101011ff,0x121112ff,0x131213ff,0x141414ff,0x151515ff,0x151616ff,0x171717ff,0x181818ff,
0x191919ff,0x1a1a1aff,0x1b1b1bff,0x1c1c1cff,0x1d1d1dff,0x1e1e1dff,0x1f1f1fff,0x201f20ff,0x212120ff,0x222121ff,0x222223ff,0x242323ff,0x252424ff,0x252626ff,0x262626ff,0x272727ff,0x272828ff,0x292929ff,0x292a29ff,0x2a2a2aff,0x2b2b2cff,0x2c2c2cff,
0x2d2d2dff,0x2e2e2eff,0x2f2e2fff,0x2f2f2fff,0x313030ff,0x313131ff,0x323132ff,0x323232ff,0x333333ff,0x343334ff,0x343534ff,0x353535ff,0x363636ff,0x363636ff,0x373737ff,0x383838ff,0x383839ff,0x393938ff,0x393a39ff,0x3a3a3aff,0x3b3b3aff,0x3b3b3bff,
0x3c3c3cff,0x3c3d3dff,0x3d3d3dff,0x3e3e3eff,0x3e3e3eff,0x3f3e3eff,0x3f3f3eff,0x3f3f3fff,0x404040ff,0x404040ff,0x414041ff,0x414141ff,0x414241ff,0x424241ff,0x424242ff,0x424241ff,0x424343ff,0x434343ff,0x434343ff,0x444343ff,0x444343ff,0x444443ff,
0x444444ff,0x444443ff,0x444444ff,0x444444ff,0x444444ff,0x454544ff,0x444544ff,0x454544ff,0x454544ff,0x454444ff,0x444544ff,0x444444ff,0x444445ff,0x444445ff,0x454444ff,0x454444ff,0x444443ff,0x444444ff,0x444344ff,0x444443ff,0x434343ff,0x434443ff,
0x434342ff,0x424342ff,0x424242ff,0x434242ff,0x424242ff,0x414241ff,0x424141ff,0x414140ff,0x414040ff,0x404040ff,0x404040ff,0x40403fff,0x3e3f3eff,0x3e3e3eff,0x3e3e3eff,0x3d3d3dff,0x3d3d3cff,0x3d3d3dff,0x3c3c3cff,0x3b3c3cff,0x3b3b3aff,0x3a3b3aff,
0x3a3939ff,0x393938ff,0x383838ff,0x383838ff,0x373837ff,0x363737ff,0x363636ff,0x353535ff,0x353434ff,0x343433ff,0x333332ff,0x323232ff,0x323232ff,0x313130ff,0x313030ff,0x2f302fff,0x2f2e2eff,0x2e2e2eff,0x2d2d2dff,0x2d2c2cff,0x2b2b2bff,0x2b2b2bff,
0x2a2a2aff,0x292928ff,0x282827ff,0x272827ff,0x262626ff,0x262625ff,0x242425ff,0x242323ff,0x232322ff,0x222221ff,0x212021ff,0x20201fff,0x1e1e1fff,0x1e1e1eff,0x1d1d1dff,0x1c1c1cff,0x1b1a1bff,0x1a1a1aff,0x191919ff,0x181818ff,0x171717ff,0x161615ff,
0x151515ff,0x141414ff,0x121312ff,0x121212ff,0x111110ff,0x101010ff,0xf0f0eff,0xd0e0dff,0xd0d0dff,0xc0c0bff,0xb0a0aff,0x90909ff,0x80908ff,0x70707ff,0x60606ff,0x50505ff,0x40403ff,0x30303ff,0x20202ff,0x10101ff,0x100ff,0xff,
0xff,0xff,0x1ff,0xff,0xff,0xff,0xff,0xff,0xff,0xff,0xff,0x10000ff,0xff,0xff,0x10000ff,0x1ff,0xff,0xff,0x100ff,0xff,0xff,0xff,
0xff,0x10000ff,0xff,0xff,0xff,0xff,0xff,0xff,0xff,0xff,0xff,0xff,0xff,0xff,0xff,0x1ff,0xff,0x100ff,0xff,0xff,0xff,0xff,
0xff,0x1ff,0xff,0xff,0xff,0xff,0x10000ff,0x10000ff,0xff,0xff,0xff,0xff,0xff,0x20201ff,0x30203ff,0x30403ff,0x50504ff,0x60606ff,0x70707ff,0x80808ff,0xa0909ff,0xa0a0aff,
0xb0b0cff,0xd0c0dff,0xe0d0eff,0xf0f0fff,0xf0f0fff,0x111111ff,0x111211ff,0x131212ff,0x141414ff,0x151514ff,0x161516ff,0x171717ff,0x181818ff,0x191919ff,0x1b1a1aff,0x1b1b1bff,0x1c1c1cff,0x1d1d1dff,0x1e1e1eff,0x1f1f1fff,0x202020ff,0x212121ff,
0x222222ff,0x232223ff,0x232423ff,0x252424ff,0x262626ff,0x262726ff,0x272728ff,0x292828ff,0x292929ff,0x2a2a2aff,0x2b2b2aff,0x2c2c2bff,0x2c2c2cff,0x2e2d2dff,0x2e2e2eff,0x2f2f2fff,0x30302fff,0x303131ff,0x313131ff,0x323232ff,0x333333ff,0x343434ff,
0x343434ff,0x353635ff,0x363636ff,0x373736ff,0x373737ff,0x383838ff,0x393938ff,0x3a3939ff,0x3a3a3aff,0x3b3a3aff,0x3b3b3bff,0x3c3c3bff,0x3d3c3cff,0x3d3d3dff,0x3d3e3dff,0x3e3e3eff,0x3e3e3eff,0x3f3f3fff,0x3f403fff,0x40403fff,0x414040ff,0x414140ff,
0x414241ff,0x424241ff,0x424242ff,0x424242ff,0x434343ff,0x444343ff,0x444343ff,0x444443ff,0x444444ff,0x444444ff,0x444444ff,0x454445ff,0x454544ff,0x454545ff,0x454645ff,0x454645ff,0x464645ff,0x454646ff,0x464646ff,0x464645ff,0x464645ff,0x464645ff,
0x464646ff,0x464646ff,0x464646ff,0x464646ff,0x474646ff,0x464646ff,0x464646ff,0x464645ff,0x464646ff,0x464646ff,0x454546ff,0x454545ff,0x454544ff,0x454545ff,0x444545ff,0x444444ff,0x444444ff,0x444344ff,0x434443ff,0x434343ff,0x434343ff,0x424342ff,
0x424241ff,0x424141ff,0x424141ff,0x414140ff,0x414040ff,0x404040ff,0x40403fff,0x3e3f3fff,0x3e3e3eff,0x3d3e3eff,0x3e3e3dff,0x3c3d3dff,0x3d3c3cff,0x3b3b3bff,0x3b3b3bff,0x3b3a3aff,0x3a3a3aff,0x393939ff,0x393838ff,0x383837ff,0x373738ff,0x363736ff,
0x363635ff,0x353535ff,0x343434ff,0x343433ff,0x333333ff,0x323232ff,0x313231ff,0x303031ff,0x30302fff,0x2f2f2fff,0x2f2e2eff,0x2e2d2dff,0x2c2d2cff,0x2c2c2cff,0x2b2b2bff,0x2a2a2aff,0x292929ff,0x292928ff,0x282727ff,0x262727ff,0x262625ff,0x242525ff,
0x242323ff,0x232322ff,0x212221ff,0x212121ff,0x202020ff,0x1f1f1fff,0x1e1e1eff,0x1d1d1dff,0x1c1c1cff,0x1b1b1bff,0x1a1a1aff,0x191919ff,0x181818ff,0x171717ff,0x161615ff,0x151415ff,0x141414ff,0x131312ff,0x121211ff,0x111011ff,0x10100fff,0xf0e0eff,
0xd0e0eff,0xc0d0dff,0xc0c0cff,0xa0a0aff,0x90909ff,0x80808ff,0x70707ff,0x60505ff,0x50405ff,0x40403ff,0x20203ff,0x10102ff,0x10000ff,0xff,0xff,0xff,0xff,0x100ff,0xff,0x1ff,0x10000ff,0xff,
0xff,0xff,0xff,0xff,0xff,0x10000ff,0x1ff,0xff,0xff,0xff,0x1ff,0xff,0xff,0xff,0x1ff,0xff,0xff,0xff,0xff,0xff,0x1ff,0xff,
0xff,0xff,0xff,0xff,0xff,0x1ff,0xff,0xff,0xff,0x1ff,0xff,0x10000ff,0xff,0xff,0xff,0xff,0xff,0xff,0xff,0xff,0x100ff,0xff,
0xff,0xff,0xff,0x10000ff,0x10101ff,0x20302ff,0x30303ff,0x50504ff,0x60606ff,0x70706ff,0x80808ff,0x90909ff,0xa0a0aff,0xb0b0bff,0xd0c0cff,0xd0e0dff,0xf0f0fff,0x100f10ff,0x111111ff,0x121211ff,0x131312ff,0x141413ff,
0x141515ff,0x161615ff,0x171717ff,0x181818ff,0x191919ff,0x1a1a1aff,0x1b1b1bff,0x1c1c1cff,0x1d1d1dff,0x1e1e1fff,0x1f1f1fff,0x202020ff,0x212121ff,0x222221ff,0x232323ff,0x242424ff,0x252525ff,0x252626ff,0x262626ff,0x272828ff,0x282928ff,0x2a2a29ff,
0x2b2b2aff,0x2b2c2bff,0x2c2c2cff,0x2d2d2cff,0x2e2d2dff,0x2f2f2eff,0x2f2f2fff,0x303030ff,0x323131ff,0x313231ff,0x333232ff,0x343433ff,0x343434ff,0x353535ff,0x363536ff,0x373736ff,0x373737ff,0x383738ff,0x393938ff,0x393939ff,0x3a3a39ff,0x3a3a3aff,
0x3b3c3bff,0x3c3c3cff,0x3d3c3cff,0x3d3d3cff,0x3e3e3eff,0x3e3e3eff,0x3f3e3eff,0x3f3f3fff,0x3f403fff,0x404040ff,0x414140ff,0x424241ff,0x424241ff,0x424242ff,0x434343ff,0x434343ff,0x434343ff,0x444443ff,0x454444ff,0x444445ff,0x454544ff,0x464545ff,
0x464545ff,0x464646ff,0x464646ff,0x474746ff,0x464646ff,0x474746ff,0x464746ff,0x474747ff,0x474747ff,0x474747ff,0x474847ff,0x474747ff,0x484747ff,0x484847ff,0x474747ff,0x484747ff,0x474747ff,0x484847ff,0x474848ff,0x484847ff,0x484747ff,0x474847ff,
0x474747ff,0x474747ff,0x474747ff,0x474747ff,0x474746ff,0x464646ff,0x464646ff,0x454645ff,0x454545ff,0x454644ff,0x454544ff,0x444545ff,0x444444ff,0x444443ff,0x444443ff,0x434343ff,0x434242ff,0x434242ff,0x424141ff,0x414141ff,0x414040ff,0x404040ff,
0x404040ff,0x3f3f3fff,0x3f3f3eff,0x3e3e3eff,0x3d3e3dff,0x3d3e3dff,0x3d3c3cff,0x3c3c3bff,0x3c3b3bff,0x3a3a3aff,0x393a3aff,0x393939ff,0x383838ff,0x383838ff,0x373837ff,0x373737ff,0x363636ff,0x353535ff,0x343434ff,0x333333ff,0x323332ff,0x323131ff,
0x313131ff,0x303030ff,0x30302fff,0x2e2f2fff,0x2e2e2eff,0x2d2d2dff,0x2c2c2cff,0x2b2b2bff,0x2a2a2aff,0x2a2a29ff,0x292828ff,0x282827ff,0x272727ff,0x262626ff,0x252525ff,0x242424ff,0x232323ff,0x222222ff,0x212120ff,0x202020ff,0x1f1f1fff,0x1f1e1eff,
0x1d1d1dff,0x1c1c1cff,0x1b1b1bff,0x1a1b1aff,0x191919ff,0x181818ff,0x171717ff,0x161616ff,0x151515ff,0x141414ff,0x131313ff,0x121211ff,0x101111ff,0xf0f0fff,0xe0e0fff,0xe0e0eff,0xc0c0dff,0xb0b0bff,0xa0a0aff,0x90a09ff,0x80808ff,0x70707ff,
0x60606ff,0x50405ff,0x30303ff,0x20203ff,0x10102ff,0xff,0x10000ff,0xff,0xff,0xff,0xff,0x10000ff,0xff,0xff,0xff,0x100ff,0x10000ff,0xff,0xff,0x10000ff,0xff,0xff,
0xff,0x100ff,0x1ff,0xff,0xff,0x100ff,0xff,0x10100ff,0xff,0xff,0xff,0xff,0xff,0xff,0xff,0xff,0xff,0xff,0xff,0xff,0xff,0xff,
0xff,0x1ff,0xff,0xff,0xff,0xff,0x1ff,0xff,0xff,0x100ff,0xff,0xff,0xff,0xff,0xff,0xff,0xff,0x10101ff,0x20202ff,0x40304ff,0x50405ff,0x60606ff,
0x60707ff,0x80708ff,0x80909ff,0xa0a0aff,0xb0b0bff,0xc0d0cff,0xd0d0eff,0xe0e0eff,0x101010ff,0x111111ff,0x111212ff,0x131213ff,0x141414ff,0x151515ff,0x161616ff,0x171717ff,0x181818ff,0x191919ff,0x1a1a1aff,0x1b1b1cff,0x1c1c1cff,0x1d1d1dff,
0x1e1e1eff,0x201f20ff,0x202021ff,0x212121ff,0x222222ff,0x232323ff,0x242424ff,0x252525ff,0x262626ff,0x272727ff,0x272828ff,0x292929ff,0x2a2a2aff,0x2b2a2aff,0x2c2b2bff,0x2d2d2cff,0x2e2d2dff,0x2e2e2eff,0x2f2f2fff,0x303030ff,0x313131ff,0x313231ff,
0x333333ff,0x333333ff,0x343434ff,0x353534ff,0x353536ff,0x363636ff,0x373737ff,0x383838ff,0x393838ff,0x393939ff,0x3a3a39ff,0x3b3b3aff,0x3b3c3bff,0x3c3c3cff,0x3d3c3cff,0x3e3d3dff,0x3e3e3eff,0x3f3f3eff,0x3f3f3fff,0x403f3fff,0x404040ff,0x414040ff,
0x414141ff,0x424242ff,0x434242ff,0x434243ff,0x434343ff,0x444444ff,0x444444ff,0x454444ff,0x454544ff,0x454545ff,0x464645ff,0x464646ff,0x464746ff,0x474746ff,0x474747ff,0x474747ff,0x474848ff,0x484848ff,0x484847ff,0x484848ff,0x494848ff,0x494948ff,
0x494848ff,0x494948ff,0x494949ff,0x494949ff,0x494a49ff,0x4a4949ff,0x494a49ff,0x494949ff,0x494949ff,0x494949ff,0x494949ff,0x494949ff,0x494948ff,0x484948ff,0x494949ff,0x494948ff,0x494849ff,0x484948ff,0x484848ff,0x484748ff,0x474847ff,0x474747ff,
0x474847ff,0x464747ff,0x474646ff,0x464646ff,0x464645ff,0x454645ff,0x454545ff,0x454445ff,0x444444ff,0x444443ff,0x434343ff,0x434343ff,0x424242ff,0x424242ff,0x414141ff,0x414141ff,0x404040ff,0x40403fff,0x3f3f3eff,0x3f3e3eff,0x3e3d3eff,0x3e3e3dff,
0x3c3d3cff,0x3c3c3cff,0x3b3b3bff,0x3a3b3aff,0x3a3a3aff,0x393939ff,0x393838ff,0x383838ff,0x373737ff,0x363636ff,0x353535ff,0x343534ff,0x343434ff,0x333332ff,0x323332ff,0x313232ff,0x303131ff,0x30302fff,0x2f2f2eff,0x2e2e2eff,0x2d2d2dff,0x2d2c2cff,
0x2b2c2cff,0x2a2b2aff,0x2a2a2aff,0x292929ff,0x282828ff,0x272727ff,0x262626ff,0x252525ff,0x242424ff,0x232323ff,0x222222ff,0x212121ff,0x202020ff,0x1f1f1fff,0x1f1e1eff,0x1d1d1dff,0x1c1c1cff,0x1b1b1bff,0x1a1a1aff,0x191919ff,0x181818ff,0x171717ff,
0x161616ff,0x151515ff,0x141413ff,0x131313ff,0x111211ff,0x111110ff,0xf0f0fff,0xf0e0eff,0xd0d0dff,0xc0c0dff,0xb0b0cff,0xa0a0aff,0x90909ff,0x80807ff,0x60707ff,0x60606ff,0x50404ff,0x30403ff,0x20202ff,0x10101ff,0xff,0xff,
0x1ff,0x10000ff,0xff,0xff,0xff,0xff,0xff,0x100ff,0xff,0xff,0xff,0x100ff,0xff,0x10000ff,0xff,0x1ff,0xff,0xff,0xff,0xff,0xff,0xff,
0xff,0x100ff,0xff,0xff,0xff,0xff,0xff,0xff,0xff,0xff,0xff,0xff,0xff,0x100ff,0xff,0x100ff,0xff,0x10000ff,0xff,0xff,0x1ff,0x1ff,
0xff,0x1ff,0xff,0xff,0xff,0xff,0xff,0xff,0x10100ff,0x20202ff,0x30303ff,0x40404ff,0x50505ff,0x70607ff,0x80707ff,0x80909ff,0xa0a09ff,0xb0b0bff,0xc0c0cff,0xd0d0dff,0xe0f0eff,0x10100fff,
0x111011ff,0x121212ff,0x131313ff,0x131414ff,0x151514ff,0x161516ff,0x171717ff,0x181818ff,0x191919ff,0x1a1a1aff,0x1b1b1bff,0x1d1c1cff,0x1d1e1eff,0x1f1e1eff,0x1f1f1fff,0x202020ff,0x222121ff,0x232222ff,0x232323ff,0x252424ff,0x252525ff,0x262626ff,
0x272727ff,0x282828ff,0x292929ff,0x2a2a2aff,0x2b2a2bff,0x2c2b2cff,0x2d2d2cff,0x2e2e2dff,0x2f2e2eff,0x2f2f2fff,0x303130ff,0x323131ff,0x323231ff,0x333332ff,0x343434ff,0x343435ff,0x353535ff,0x363636ff,0x373737ff,0x383838ff,0x383838ff,0x3a3939ff,
0x393a39ff,0x3b3b3aff,0x3b3b3bff,0x3c3c3cff,0x3d3d3cff,0x3d3e3dff,0x3e3e3dff,0x3e3e3eff,0x3f3f3fff,0x404040ff,0x414041ff,0x414140ff,0x424142ff,0x424342ff,0x424343ff,0x434443ff,0x444443ff,0x454444ff,0x454545ff,0x454545ff,0x464545ff,0x464646ff,
0x474646ff,0x474746ff,0x474747ff,0x484747ff,0x484848ff,0x494948ff,0x484948ff,0x494949ff,0x494949ff,0x494949ff,0x494a49ff,0x4a4a4aff,0x4a4a4aff,0x4a4a4aff,0x4a4a4aff,0x4a4a4aff,0x4a4a4aff,0x4b4b4aff,0x4b4b4bff,0x4a4a4bff,0x4b4b4bff,0x4b4a4aff,
0x4a4b4bff,0x4a4b4aff,0x4b4b4bff,0x4b4a4aff,0x4a4a4aff,0x4a4b4aff,0x4a4a4aff,0x4a4a4aff,0x4a4a4aff,0x494a49ff,0x4a4a49ff,0x494a49ff,0x494a49ff,0x494849ff,0x484848ff,0x484948ff,0x484848ff,0x484747ff,0x474747ff,0x474747ff,0x474646ff,0x474646ff,
0x454546ff,0x454545ff,0x444444ff,0x444444ff,0x444444ff,0x444343ff,0x434342ff,0x424242ff,0x414241ff,0x414141ff,0x414040ff,0x40403fff,0x403f3fff,0x3e3f3fff,0x3e3e3eff,0x3d3d3dff,0x3d3d3cff,0x3c3c3cff,0x3b3b3bff,0x3a3a3bff,0x393a3aff,0x393939ff,
0x383939ff,0x383838ff,0x373736ff,0x363635ff,0x353535ff,0x353434ff,0x343433ff,0x333333ff,0x323231ff,0x313131ff,0x303130ff,0x30302fff,0x2e2e2eff,0x2e2e2dff,0x2c2d2dff,0x2b2c2cff,0x2b2b2bff,0x2a2a2aff,0x292929ff,0x282828ff,0x272727ff,0x262626ff,
0x252526ff,0x242524ff,0x232423ff,0x222323ff,0x212121ff,0x202020ff,0x201f1fff,0x1e1e1fff,0x1d1e1dff,0x1d1c1cff,0x1b1c1cff,0x1a1a1aff,0x191919ff,0x181818ff,0x171717ff,0x161615ff,0x141515ff,0x141413ff,0x131312ff,0x111111ff,0x101010ff,0x100f0fff,
0xe0e0eff,0xd0d0dff,0xc0c0cff,0xb0b0bff,0xa0a0aff,0x80909ff,0x80708ff,0x60606ff,0x50605ff,0x40404ff,0x30303ff,0x10102ff,0x10101ff,0xff,0xff,0xff,0xff,0x1ff,0x100ff,0xff,0xff,0x1ff,
0xff,0x1ff,0xff,0xff,0xff,0xff,0x100ff,0x1ff,0xff,0xff,0x100ff,0xff,0xff,0xff,0xff,0xff,0xff,0xff,0x10000ff,0xff,0x100ff,0xff,
0xff,0x1ff,0xff,0xff,0xff,0xff,0xff,0xff,0xff,0xff,0xff,0xff,0x10000ff,0xff,0xff,0x10000ff,0x10000ff,0xff,0xff,0x10101ff,0x1ff,0xff,
0x20201ff,0x30303ff,0x40404ff,0x50505ff,0x70607ff,0x70707ff,0x80908ff,0xa0a0aff,0xb0b0aff,0xc0b0cff,0xd0d0dff,0xf0e0eff,0xf100fff,0x101010ff,0x121212ff,0x131313ff,0x141313ff,0x151514ff,0x161616ff,0x171717ff,0x181818ff,0x191919ff,
0x1a1a1aff,0x1b1b1bff,0x1c1c1cff,0x1e1d1dff,0x1e1f1eff,0x201f20ff,0x212020ff,0x212121ff,0x232222ff,0x232323ff,0x252425ff,0x262625ff,0x272626ff,0x272727ff,0x282828ff,0x292a29ff,0x2a2a2aff,0x2b2b2bff,0x2c2c2cff,0x2d2d2cff,0x2e2d2eff,0x2f2f2fff,
0x30302fff,0x313130ff,0x323231ff,0x333232ff,0x343333ff,0x343433ff,0x353535ff,0x353636ff,0x373636ff,0x373837ff,0x383937ff,0x393938ff,0x39393aff,0x3a3a3aff,0x3b3b3bff,0x3c3b3bff,0x3c3c3cff,0x3e3d3dff,0x3e3e3eff,0x3e3f3fff,0x3f3f3fff,0x404040ff,
0x414141ff,0x414141ff,0x424242ff,0x434242ff,0x434342ff,0x434444ff,0x444444ff,0x454545ff,0x454545ff,0x464645ff,0x464746ff,0x464747ff,0x474747ff,0x474848ff,0x484848ff,0x484948ff,0x494948ff,0x494a48ff,0x4a4949ff,0x4a4a49ff,0x4a4a4aff,0x4a4b4aff,
0x4b4b4aff,0x4b4a4bff,0x4b4b4bff,0x4b4b4bff,0x4c4c4cff,0x4c4b4bff,0x4c4c4bff,0x4c4c4bff,0x4c4c4cff,0x4c4c4cff,0x4c4c4cff,0x4d4c4cff,0x4c4c4cff,0x4d4c4cff,0x4c4c4cff,0x4c4d4cff,0x4c4c4cff,0x4c4d4cff,0x4c4c4cff,0x4c4c4cff,0x4c4c4bff,0x4c4b4bff,
0x4c4b4bff,0x4b4c4bff,0x4b4b4bff,0x4a4b4bff,0x4b4a4aff,0x4b4a4aff,0x4a4a49ff,0x4a4a49ff,0x494949ff,0x494949ff,0x494949ff,0x484848ff,0x484848ff,0x484747ff,0x474747ff,0x474746ff,0x464646ff,0x454546ff,0x454545ff,0x454544ff,0x444444ff,0x444343ff,
0x434442ff,0x434242ff,0x424242ff,0x424141ff,0x414040ff,0x404040ff,0x3f3f3fff,0x3f3e3fff,0x3e3e3eff,0x3d3d3dff,0x3c3d3dff,0x3c3c3cff,0x3b3b3bff,0x3b3b3bff,0x3a393aff,0x393938ff,0x383838ff,0x373737ff,0x373736ff,0x353635ff,0x353435ff,0x343434ff,
0x343333ff,0x323233ff,0x313131ff,0x303031ff,0x302f2fff,0x2f2f2fff,0x2e2e2eff,0x2d2d2dff,0x2c2c2cff,0x2b2b2bff,0x2a2a2aff,0x292929ff,0x282828ff,0x272727ff,0x262726ff,0x252626ff,0x242424ff,0x232324ff,0x232223ff,0x212222ff,0x212020ff,0x1f201fff,
0x1e1f1fff,0x1d1e1dff,0x1d1d1dff,0x1b1b1bff,0x1a1a1aff,0x191919ff,0x181818ff,0x171717ff,0x161516ff,0x141414ff,0x141414ff,0x131313ff,0x121212ff,0x101011ff,0x10100fff,0xe0e0eff,0xd0d0dff,0xc0c0bff,0xb0b0bff,0x90a09ff,0x80908ff,0x70807ff,
0x60606ff,0x50505ff,0x40404ff,0x30303ff,0x20102ff,0x1ff,0xff,0xff,0xff,0xff,0xff,0x10000ff,0xff,0xff,0xff,0xff,0xff,0xff,0xff,0xff,0xff,0xff,
0xff,0xff,0xff,0xff,0xff,0xff,0xff,0xff,0xff,0x10100ff,0xff,0xff,0x1ff,0xff,0xff,0x100ff,0xff,0xff,0xff,0xff,0xff,0xff,
0xff,0xff,0xff,0xff,0xff,0xff,0xff,0xff,0xff,0xff,0xff,0xff,0x10000ff,0x10201ff,0x30203ff,0x40404ff,0x50504ff,0x60606ff,0x70707ff,0x80908ff,0x9090aff,0xb0a0aff,
0xc0c0bff,0xd0d0dff,0xe0e0dff,0xf0f0fff,0x101110ff,0x111111ff,0x131213ff,0x141413ff,0x151414ff,0x161616ff,0x171717ff,0x181818ff,0x191919ff,0x1a1a1aff,0x1b1c1bff,0x1c1c1cff,0x1d1e1eff,0x1f1f1eff,0x201f1fff,0x202021ff,0x222121ff,0x222222ff,
0x232424ff,0x242525ff,0x262626ff,0x262726ff,0x282827ff,0x292829ff,0x2a2929ff,0x2a2b2aff,0x2b2b2bff,0x2c2d2cff,0x2d2d2dff,0x2e2e2eff,0x2f2f2fff,0x30302fff,0x313131ff,0x323232ff,0x323333ff,0x333333ff,0x343534ff,0x363535ff,0x373636ff,0x373737ff,
0x383838ff,0x393938ff,0x393a39ff,0x3a3b3aff,0x3b3b3bff,0x3c3b3cff,0x3d3d3cff,0x3e3e3dff,0x3e3e3eff,0x3f3f3fff,0x403f3fff,0x404040ff,0x414140ff,0x414241ff,0x424241ff,0x434342ff,0x434343ff,0x444344ff,0x454545ff,0x464545ff,0x464545ff,0x464646ff,
0x464646ff,0x474747ff,0x474847ff,0x484848ff,0x484848ff,0x494948ff,0x494a49ff,0x4a4a4aff,0x4a4a4aff,0x4a4a4aff,0x4b4b4aff,0x4c4b4bff,0x4c4b4cff,0x4c4c4cff,0x4c4c4cff,0x4c4c4cff,0x4d4c4cff,0x4d4d4dff,0x4d4d4dff,0x4e4e4dff,0x4d4e4dff,0x4e4e4eff,
0x4e4d4dff,0x4e4d4eff,0x4e4e4dff,0x4e4e4dff,0x4e4e4eff,0x4e4e4eff,0x4e4e4eff,0x4e4e4dff,0x4e4e4dff,0x4e4e4dff,0x4d4e4eff,0x4e4d4dff,0x4e4d4dff,0x4d4d4dff,0x4d4d4dff,0x4d4d4dff,0x4c4c4cff,0x4c4c4cff,0x4c4c4cff,0x4c4c4cff,0x4c4b4bff,0x4b4b4bff,
0x4b4b4bff,0x4a4b4bff,0x4b4a4aff,0x4a4949ff,0x494949ff,0x494949ff,0x484848ff,0x484948ff,0x484747ff,0x474747ff,0x474747ff,0x464646ff,0x454545ff,0x454545ff,0x454544ff,0x444444ff,0x444343ff,0x434242ff,0x424241ff,0x414141ff,0x414140ff,0x404040ff,
0x404040ff,0x3f3f3eff,0x3d3e3eff,0x3d3d3cff,0x3d3d3dff,0x3c3b3bff,0x3b3b3bff,0x3a3a3aff,0x39393aff,0x393838ff,0x383838ff,0x373737ff,0x363736ff,0x353635ff,0x343434ff,0x343333ff,0x333233ff,0x313231ff,0x313130ff,0x30302fff,0x2f2f2fff,0x2e2e2eff,
0x2e2d2eff,0x2d2c2cff,0x2b2c2cff,0x2b2a2bff,0x2a292aff,0x282928ff,0x272728ff,0x262627ff,0x252525ff,0x252424ff,0x232424ff,0x232223ff,0x212121ff,0x212020ff,0x1f201fff,0x1f1e1eff,0x1e1d1dff,0x1d1d1cff,0x1b1b1bff,0x1a1a1aff,0x191919ff,0x171818ff,
0x171717ff,0x161616ff,0x141514ff,0x131413ff,0x131213ff,0x111111ff,0x111010ff,0xf0f0fff,0xe0e0eff,0xd0d0cff,0xc0c0bff,0xb0b0aff,0xa0a09ff,0x90808ff,0x70707ff,0x60606ff,0x50505ff,0x40304ff,0x30202ff,0x20201ff,0xff,0xff,
0xff,0xff,0xff,0xff,0x100ff,0xff,0xff,0x10000ff,0xff,0xff,0xff,0xff,0xff,0xff,0xff,0xff,0x1ff,0xff,0xff,0xff,0xff,0x100ff,
0xff,0xff,0xff,0xff,0xff,0xff,0xff,0xff,0xff,0xff,0x1ff,0xff,0xff,0xff,0xff,0xff,0xff,0xff,0xff,0xff,0xff,0xff,
0x10000ff,0xff,0x10000ff,0x1ff,0x10101ff,0x20202ff,0x30403ff,0x50404ff,0x60605ff,0x70707ff,0x80808ff,0xa0909ff,0xa0a0aff,0xb0c0bff,0xc0c0dff,0xe0e0eff,0xf0e0fff,0x101010ff,0x111111ff,0x121212ff,0x131313ff,0x151414ff,
0x161516ff,0x171617ff,0x171818ff,0x191919ff,0x1a1a1aff,0x1c1b1bff,0x1c1c1cff,0x1d1d1dff,0x1f1f1eff,0x1f201fff,0x212020ff,0x212221ff,0x222322ff,0x232423ff,0x252424ff,0x262525ff,0x262727ff,0x282827ff,0x292828ff,0x292929ff,0x2b2b2aff,0x2c2c2cff,
0x2d2d2dff,0x2d2e2dff,0x2f2f2eff,0x2f302fff,0x303130ff,0x313231ff,0x323232ff,0x333333ff,0x343434ff,0x353535ff,0x363636ff,0x363636ff,0x383737ff,0x383838ff,0x393938ff,0x3a3a3aff,0x3a3a3aff,0x3c3c3bff,0x3c3c3cff,0x3d3d3dff,0x3e3e3dff,0x3e3e3eff,
0x3f403fff,0x404040ff,0x404141ff,0x424142ff,0x424242ff,0x434243ff,0x434343ff,0x444444ff,0x444544ff,0x454645ff,0x464645ff,0x464646ff,0x474747ff,0x474748ff,0x484848ff,0x494849ff,0x494949ff,0x4a4949ff,0x4a4a4aff,0x4b4a4aff,0x4b4b4bff,0x4b4c4bff,
0x4c4c4bff,0x4c4c4cff,0x4d4d4cff,0x4d4c4cff,0x4d4e4dff,0x4d4e4dff,0x4e4e4eff,0x4e4e4eff,0x4e4e4eff,0x4f4e4eff,0x4e4f4eff,0x4f4f4eff,0x4f4f4fff,0x4f4f4fff,0x4f4f4fff,0x4f4f4fff,0x4f4f4fff,0x4f504fff,0x504f4fff,0x4f504fff,0x504f4fff,0x505050ff,
0x50504fff,0x4f4f4fff,0x4f504fff,0x4f4f4fff,0x4e4f4fff,0x4f4f4fff,0x4f4e4eff,0x4f4f4eff,0x4e4e4eff,0x4e4e4eff,0x4e4e4dff,0x4d4e4dff,0x4d4d4dff,0x4d4d4cff,0x4c4d4cff,0x4c4c4cff,0x4c4c4bff,0x4c4c4bff,0x4b4b4bff,0x4a4a4bff,0x4a4a4aff,0x4a4a49ff,
0x494a48ff,0x494949ff,0x484848ff,0x484747ff,0x474747ff,0x474647ff,0x464546ff,0x464545ff,0x454544ff,0x454444ff,0x444443ff,0x424342ff,0x424241ff,0x424142ff,0x414040ff,0x404040ff,0x3f3f3fff,0x3e3e3eff,0x3d3e3eff,0x3d3d3dff,0x3c3c3cff,0x3c3c3bff,
0x3b3a3aff,0x3a3a39ff,0x393939ff,0x383838ff,0x373737ff,0x363737ff,0x363636ff,0x353435ff,0x343434ff,0x333333ff,0x323232ff,0x323131ff,0x303030ff,0x2f2f2fff,0x2e2e2eff,0x2d2e2dff,0x2d2d2cff,0x2c2c2cff,0x2b2a2aff,0x292a2aff,0x282929ff,0x282828ff,
0x272727ff,0x262525ff,0x242425ff,0x242423ff,0x232223ff,0x212121ff,0x202120ff,0x1f2020ff,0x1e1e1eff,0x1e1d1dff,0x1c1c1cff,0x1c1b1bff,0x1a1a19ff,0x191918ff,0x171818ff,0x171717ff,0x161516ff,0x141414ff,0x131314ff,0x121313ff,0x111111ff,0x101010ff,
0xe0e0fff,0xe0e0dff,0xc0d0dff,0xc0c0bff,0xa0a0aff,0xa0a09ff,0x80808ff,0x70707ff,0x60606ff,0x40504ff,0x30404ff,0x30202ff,0x10101ff,0xff,0xff,0xff,0xff,0xff,0xff,0xff,0xff,0xff,
0xff,0xff,0xff,0x10000ff,0x10000ff,0xff,0xff,0xff,0xff,0x10000ff,0xff,0xff,0xff,0xff,0xff,0xff,0xff,0xff,0xff,0xff,0xff,0xff,
0xff,0xff,0xff,0xff,0xff,0xff,0xff,0xff,0xff,0xff,0xff,0x100ff,0x10000ff,0x100ff,0xff,0xff,0xff,0x10001ff,0x20202ff,0x30303ff,0x50405ff,0x60505ff,
0x60707ff,0x80708ff,0x90909ff,0xa0a0aff,0xb0b0bff,0xd0d0cff,0xe0e0dff,0xe0e0fff,0xf0f0fff,0x111111ff,0x121212ff,0x141413ff,0x141415ff,0x151615ff,0x171617ff,0x171818ff,0x191918ff,0x1a1a1aff,0x1b1b1bff,0x1c1c1cff,0x1d1d1dff,0x1f1f1eff,
0x1f1f1fff,0x212121ff,0x212122ff,0x222322ff,0x232424ff,0x242525ff,0x252625ff,0x272726ff,0x272828ff,0x282829ff,0x2a2a29ff,0x2b2a2aff,0x2c2b2bff,0x2c2d2dff,0x2d2e2dff,0x2f2f2eff,0x302f2fff,0x313130ff,0x323132ff,0x333232ff,0x333333ff,0x343534ff,
0x353535ff,0x363636ff,0x373737ff,0x383838ff,0x393939ff,0x393939ff,0x3a3a3aff,0x3b3b3bff,0x3c3c3bff,0x3d3d3cff,0x3d3d3dff,0x3f3f3eff,0x3f3f3fff,0x404040ff,0x404040ff,0x414141ff,0x424242ff,0x434342ff,0x444443ff,0x454444ff,0x454544ff,0x454545ff,
0x464646ff,0x474646ff,0x484747ff,0x484848ff,0x494948ff,0x494949ff,0x494a49ff,0x4a4a4aff,0x4b4b4bff,0x4b4b4bff,0x4b4c4bff,0x4c4c4cff,0x4c4d4cff,0x4d4d4dff,0x4d4d4dff,0x4d4d4dff,0x4e4e4eff,0x4f4e4eff,0x4e4f4eff,0x4f4f4fff,0x4f4f4fff,0x4f5050ff,
0x4f4f50ff,0x505050ff,0x505050ff,0x505050ff,0x505050ff,0x505151ff,0x515150ff,0x515151ff,0x515151ff,0x515151ff,0x515151ff,0x515150ff,0x515151ff,0x515151ff,0x515150ff,0x515151ff,0x515150ff,0x515150ff,0x505150ff,0x505050ff,0x505050ff,0x505050ff,
0x505050ff,0x4f504fff,0x4f4f4fff,0x4f4f4fff,0x4f4f4eff,0x4e4f4eff,0x4e4e4eff,0x4e4e4eff,0x4d4d4dff,0x4d4d4cff,0x4d4d4cff,0x4c4c4bff,0x4c4c4cff,0x4b4b4bff,0x4b4b4bff,0x4a4a4aff,0x494a49ff,0x494948ff,0x484848ff,0x484847ff,0x484847ff,0x474747ff,
0x464646ff,0x464545ff,0x454545ff,0x444444ff,0x434344ff,0x434342ff,0x424242ff,0x424241ff,0x414141ff,0x404040ff,0x3f3f3eff,0x3e3e3eff,0x3d3d3dff,0x3c3d3cff,0x3c3c3cff,0x3b3b3bff,0x3a3a3aff,0x3a3a3aff,0x393938ff,0x383838ff,0x373737ff,0x363636ff,
0x353535ff,0x343434ff,0x333333ff,0x323332ff,0x323131ff,0x303030ff,0x302f2fff,0x2f2e2eff,0x2e2e2eff,0x2c2d2cff,0x2c2b2cff,0x2a2b2aff,0x2a2a2aff,0x292929ff,0x272827ff,0x272727ff,0x262625ff,0x252524ff,0x232324ff,0x232322ff,0x212121ff,0x212020ff,
0x1f1f20ff,0x1e1f1eff,0x1d1d1dff,0x1c1d1cff,0x1b1b1bff,0x19191aff,0x191819ff,0x181818ff,0x161716ff,0x161515ff,0x151415ff,0x141313ff,0x121212ff,0x111111ff,0x101010ff,0xf0e0eff,0xd0d0eff,0xd0c0cff,0xb0b0bff,0xa0a0aff,0x90909ff,0x80808ff,
0x60707ff,0x50605ff,0x40404ff,0x30303ff,0x20202ff,0x10001ff,0xff,0x10000ff,0xff,0xff,0xff,0x10000ff,0xff,0xff,0xff,0xff,0xff,0xff,0x1ff,0xff,0xff,0xff,
0x10100ff,0xff,0xff,0xff,0xff,0xff,0xff,0xff,0xff,0xff,0xff,0x100ff,0xff,0x10000ff,0xff,0xff,0xff,0xff,0xff,0xff,0xff,0xff,
0x1ff,0xff,0xff,0xff,0xff,0xff,0x100ff,0xff,0x10100ff,0x20102ff,0x20303ff,0x30403ff,0x50505ff,0x70607ff,0x70707ff,0x80908ff,0xa0a09ff,0xb0b0bff,0xc0c0cff,0xd0e0dff,0xe0e0eff,0xf1010ff,
0x111111ff,0x121212ff,0x131313ff,0x141415ff,0x151515ff,0x171617ff,0x181817ff,0x191818ff,0x1a1a19ff,0x1a1b1bff,0x1c1c1cff,0x1d1d1dff,0x1e1e1eff,0x1f2020ff,0x212120ff,0x222221ff,0x222323ff,0x232423ff,0x242424ff,0x262626ff,0x272727ff,0x282827ff,
0x292929ff,0x2a2a2aff,0x2b2b2bff,0x2c2c2bff,0x2d2c2dff,0x2e2e2dff,0x2f2f2eff,0x30302fff,0x303030ff,0x313131ff,0x333233ff,0x333433ff,0x353434ff,0x353536ff,0x363636ff,0x373737ff,0x383838ff,0x393939ff,0x3a3a39ff,0x3b3a3bff,0x3c3c3bff,0x3c3c3cff,
0x3e3d3dff,0x3e3e3dff,0x3e3e3fff,0x3f3f3fff,0x404040ff,0x414141ff,0x424241ff,0x424343ff,0x444343ff,0x444544ff,0x454544ff,0x464545ff,0x464746ff,0x464746ff,0x484747ff,0x484847ff,0x494848ff,0x494a49ff,0x4a4a4aff,0x4a4b4aff,0x4b4b4aff,0x4b4b4cff,
0x4c4c4cff,0x4d4c4cff,0x4d4d4dff,0x4e4d4dff,0x4e4e4dff,0x4e4f4eff,0x4e4f4eff,0x4f504eff,0x50504fff,0x504f4fff,0x505050ff,0x515050ff,0x505151ff,0x515151ff,0x515151ff,0x515252ff,0x525151ff,0x525251ff,0x525252ff,0x535352ff,0x525252ff,0x525252ff,
0x525352ff,0x535353ff,0x535352ff,0x525352ff,0x535352ff,0x535252ff,0x525352ff,0x525252ff,0x525252ff,0x525352ff,0x525252ff,0x525252ff,0x525251ff,0x525152ff,0x515151ff,0x515151ff,0x515150ff,0x505150ff,0x505050ff,0x50504fff,0x50504fff,0x4f4f4fff,
0x4f4f4eff,0x4e4e4eff,0x4e4d4eff,0x4e4e4dff,0x4d4d4dff,0x4c4d4cff,0x4c4c4cff,0x4c4c4bff,0x4b4b4aff,0x4a4a4aff,0x494a4aff,0x4a4a49ff,0x494949ff,0x484848ff,0x474747ff,0x474747ff,0x464646ff,0x454645ff,0x454545ff,0x444444ff,0x434443ff,0x424342ff,
0x424242ff,0x414141ff,0x404040ff,0x3f403fff,0x3e3f3eff,0x3e3e3eff,0x3d3d3dff,0x3c3d3cff,0x3c3c3bff,0x3a3a3bff,0x3a3a39ff,0x393938ff,0x383838ff,0x373837ff,0x363636ff,0x363535ff,0x353435ff,0x333333ff,0x333233ff,0x323131ff,0x303030ff,0x2f302fff,
0x2f2f2eff,0x2e2d2eff,0x2d2d2dff,0x2c2c2bff,0x2b2b2bff,0x2a2a2aff,0x292928ff,0x282727ff,0x262627ff,0x262626ff,0x252524ff,0x242423ff,0x232322ff,0x222121ff,0x202120ff,0x1f1f20ff,0x1e1e1eff,0x1d1d1dff,0x1c1c1cff,0x1b1b1bff,0x1a1a1aff,0x191918ff,
0x181817ff,0x171616ff,0x161515ff,0x141414ff,0x131313ff,0x121112ff,0x111111ff,0xf0f0fff,0xf0f0eff,0xd0d0dff,0xc0d0cff,0xb0b0bff,0xa0a0aff,0x80909ff,0x70807ff,0x70606ff,0x50505ff,0x40403ff,0x20302ff,0x10101ff,0x1ff,0x10000ff,
0x10000ff,0xff,0x100ff,0xff,0xff,0x10001ff,0xff,0x100ff,0xff,0xff,0x100ff,0xff,0xff,0xff,0x1ff,0xff,0x1ff,0xff,0xff,0xff,0xff,0xff,
0xff,0xff,0xff,0xff,0x1ff,0x100ff,0xff,0xff,0x10000ff,0xff,0xff,0x1ff,0xff,0xff,0x1ff,0xff,0xff,0xff,0xff,0xff,0x10000ff,0xff,
0x20201ff,0x20202ff,0x40303ff,0x50505ff,0x60606ff,0x70707ff,0x80809ff,0xa0909ff,0xb0b0bff,0xc0c0bff,0xd0d0dff,0xf0f0eff,0x100f0fff,0x111110ff,0x111111ff,0x121312ff,0x141314ff,0x161515ff,0x161716ff,0x181817ff,0x191919ff,0x1a1a1aff,
0x1b1b1bff,0x1c1c1cff,0x1d1d1dff,0x1f1e1eff,0x1f1f1fff,0x202020ff,0x222121ff,0x232223ff,0x242423ff,0x242524ff,0x262625ff,0x262727ff,0x282728ff,0x292929ff,0x2a2a2aff,0x2a2b2aff,0x2c2b2cff,0x2d2d2dff,0x2e2e2dff,0x2f2f2eff,0x302f30ff,0x303131ff,
0x323232ff,0x333333ff,0x343334ff,0x353534ff,0x363635ff,0x363737ff,0x373737ff,0x383838ff,0x39393aff,0x3a3a3aff,0x3b3b3aff,0x3c3c3bff,0x3d3d3dff,0x3e3d3dff,0x3f3f3eff,0x403f3fff,0x404040ff,0x414141ff,0x424242ff,0x434342ff,0x434343ff,0x444544ff,
0x444545ff,0x454546ff,0x464645ff,0x474746ff,0x484847ff,0x484848ff,0x494949ff,0x4a494aff,0x4a4a4aff,0x4b4b4bff,0x4b4b4bff,0x4c4b4cff,0x4d4d4cff,0x4d4d4dff,0x4e4e4eff,0x4e4e4eff,0x4e4f4eff,0x4f4f4fff,0x4f504fff,0x505050ff,0x505050ff,0x515150ff,
0x525151ff,0x515151ff,0x525251ff,0x525252ff,0x525252ff,0x535352ff,0x535353ff,0x535353ff,0x535353ff,0x545453ff,0x535454ff,0x545354ff,0x535453ff,0x545454ff,0x555453ff,0x545453ff,0x545454ff,0x545554ff,0x555454ff,0x545454ff,0x545454ff,0x545453ff,
0x545453ff,0x545453ff,0x535353ff,0x545354ff,0x535353ff,0x535352ff,0x535353ff,0x535252ff,0x525252ff,0x525252ff,0x525251ff,0x515251ff,0x525150ff,0x515151ff,0x505150ff,0x505050ff,0x4f4f4fff,0x4f4f4fff,0x4e4f4eff,0x4e4e4eff,0x4d4d4dff,0x4d4d4cff,
0x4c4d4cff,0x4c4c4cff,0x4b4b4bff,0x4b4b4bff,0x4a4a4aff,0x4a4a49ff,0x494948ff,0x484848ff,0x474748ff,0x474747ff,0x464646ff,0x464545ff,0x454544ff,0x444444ff,0x434343ff,0x434243ff,0x424241ff,0x414140ff,0x404040ff,0x3f403fff,0x3f3e3eff,0x3e3d3dff,
0x3d3d3cff,0x3c3c3cff,0x3b3b3bff,0x3a3a3aff,0x3a3939ff,0x383838ff,0x373737ff,0x373737ff,0x353536ff,0x353434ff,0x343333ff,0x333332ff,0x323232ff,0x313131ff,0x30302fff,0x2f2f2fff,0x2e2e2dff,0x2d2d2dff,0x2c2c2cff,0x2b2b2bff,0x2a2a2aff,0x292929ff,
0x282728ff,0x262726ff,0x262525ff,0x252524ff,0x242323ff,0x232223ff,0x212222ff,0x212120ff,0x201f1fff,0x1e1e1eff,0x1d1d1dff,0x1c1c1cff,0x1b1a1aff,0x1a1a19ff,0x181919ff,0x181817ff,0x161617ff,0x151515ff,0x141414ff,0x131313ff,0x121212ff,0x101010ff,
0x100f0fff,0xf0e0eff,0xd0d0dff,0xc0b0cff,0xb0b0bff,0x9090aff,0x80908ff,0x70707ff,0x60606ff,0x40504ff,0x40403ff,0x20203ff,0x10101ff,0xff,0xff,0xff,0xff,0xff,0xff,0x10000ff,0xff,0x10000ff,
0x1ff,0xff,0x1ff,0xff,0xff,0xff,0x10000ff,0x1ff,0xff,0xff,0xff,0xff,0xff,0xff,0xff,0xff,0x10000ff,0xff,0xff,0x10000ff,0xff,0xff,
0xff,0xff,0xff,0xff,0xff,0xff,0x1ff,0xff,0xff,0xff,0xff,0xff,0xff,0x10100ff,0x20201ff,0x30303ff,0x50404ff,0x50605ff,0x70607ff,0x80808ff,0x90909ff,0xa0a0aff,
0xb0b0cff,0xc0c0dff,0xe0d0eff,0xf0f0fff,0x101010ff,0x111211ff,0x131212ff,0x141414ff,0x151515ff,0x161616ff,0x171717ff,0x181818ff,0x1a191aff,0x1a1b1aff,0x1c1b1cff,0x1c1c1dff,0x1e1e1dff,0x1f1f1fff,0x202020ff,0x212121ff,0x222322ff,0x242323ff,
0x252525ff,0x262625ff,0x262727ff,0x282828ff,0x292928ff,0x2a2a29ff,0x2b2b2bff,0x2c2c2bff,0x2d2d2dff,0x2e2e2dff,0x2f2f2fff,0x303030ff,0x313131ff,0x323231ff,0x333333ff,0x343334ff,0x353535ff,0x363536ff,0x373737ff,0x373837ff,0x383938ff,0x3a3a3aff,
0x3b3b3aff,0x3b3c3bff,0x3c3d3cff,0x3d3d3dff,0x3e3e3eff,0x3f3f3fff,0x40403fff,0x414140ff,0x424141ff,0x424242ff,0x434343ff,0x444444ff,0x444544ff,0x464645ff,0x464646ff,0x474747ff,0x474847ff,0x484948ff,0x494948ff,0x494949ff,0x4b4a4aff,0x4b4b4bff,
0x4c4c4bff,0x4c4d4cff,0x4d4d4cff,0x4e4d4dff,0x4d4e4eff,0x4f4e4eff,0x4f4f4fff,0x4f4f4fff,0x50504fff,0x505051ff,0x515151ff,0x515151ff,0x525251ff,0x535252ff,0x535352ff,0x535352ff,0x535353ff,0x545454ff,0x545454ff,0x545454ff,0x545554ff,0x555454ff,
0x545555ff,0x555655ff,0x555554ff,0x555555ff,0x565656ff,0x565656ff,0x555555ff,0x555655ff,0x555655ff,0x565655ff,0x565655ff,0x565656ff,0x555555ff,0x565555ff,0x555555ff,0x555655ff,0x555555ff,0x555554ff,0x555454ff,0x545555ff,0x545554ff,0x545554ff,
0x545453ff,0x545454ff,0x535353ff,0x535353ff,0x535252ff,0x525352ff,0x525251ff,0x515251ff,0x515151ff,0x505050ff,0x505050ff,0x50504fff,0x4f4f4fff,0x4f4f4eff,0x4d4e4eff,0x4d4e4dff,0x4c4c4cff,0x4c4c4cff,0x4b4c4bff,0x4b4a4aff,0x4a4a4aff,0x4a4a4aff,
0x494949ff,0x484848ff,0x474747ff,0x474747ff,0x474646ff,0x454545ff,0x454545ff,0x444443ff,0x434343ff,0x424242ff,0x424141ff,0x414140ff,0x40403fff,0x3e3f3fff,0x3e3f3eff,0x3e3e3dff,0x3c3c3cff,0x3b3c3bff,0x3a3a3aff,0x3a3a3aff,0x393938ff,0x373837ff,
0x373736ff,0x363636ff,0x353534ff,0x343434ff,0x333333ff,0x323232ff,0x313130ff,0x303030ff,0x2f2f2fff,0x2e2e2eff,0x2d2d2dff,0x2c2c2cff,0x2b2b2bff,0x2a2a2aff,0x282929ff,0x282828ff,0x272627ff,0x252525ff,0x242525ff,0x232324ff,0x222222ff,0x212121ff,
0x202021ff,0x1f201fff,0x1e1e1eff,0x1d1d1dff,0x1c1c1cff,0x1b1a1bff,0x1a1919ff,0x191918ff,0x171718ff,0x161616ff,0x141515ff,0x141414ff,0x131312ff,0x111111ff,0x111011ff,0xf0f0fff,0xe0e0eff,0xd0d0dff,0xb0c0cff,0xb0a0aff,0x90909ff,0x80808ff,
0x70707ff,0x50505ff,0x40405ff,0x30303ff,0x20202ff,0x10001ff,0xff,0xff,0xff,0xff,0xff,0xff,0x100ff,0xff,0xff,0xff,0x10000ff,0xff,0xff,0xff,0xff,0xff,
0x1ff,0xff,0xff,0x100ff,0x100ff,0xff,0xff,0xff,0xff,0xff,0xff,0x10000ff,0xff,0xff,0xff,0x1ff,0xff,0x100ff,0xff,0xff,0xff,0xff,
0xff,0xff,0xff,0xff,0x10000ff,0x20101ff,0x30303ff,0x40404ff,0x50506ff,0x70606ff,0x80708ff,0x80909ff,0xa0a0aff,0xc0c0bff,0xc0d0cff,0xe0e0eff,0xf0e0fff,0x101010ff,0x111111ff,0x131312ff,0x141314ff,0x141515ff,
0x161616ff,0x171717ff,0x181818ff,0x191919ff,0x1b1b1aff,0x1c1c1cff,0x1c1d1dff,0x1e1e1dff,0x1f1f1fff,0x202020ff,0x212121ff,0x222222ff,0x232424ff,0x252524ff,0x262625ff,0x272626ff,0x282827ff,0x282929ff,0x292a2aff,0x2b2b2bff,0x2c2c2cff,0x2d2d2dff,
0x2e2e2eff,0x2f2f2fff,0x313030ff,0x313130ff,0x323232ff,0x333333ff,0x343434ff,0x353535ff,0x363636ff,0x373737ff,0x383838ff,0x393939ff,0x3a3a39ff,0x3b3a3bff,0x3c3c3bff,0x3d3c3cff,0x3d3e3dff,0x3f3e3eff,0x403f3fff,0x404040ff,0x414140ff,0x424242ff,
0x434243ff,0x444343ff,0x444544ff,0x454545ff,0x464646ff,0x474746ff,0x474847ff,0x484948ff,0x494949ff,0x4a4949ff,0x4a4a4aff,0x4b4b4aff,0x4c4b4bff,0x4c4c4cff,0x4d4d4dff,0x4d4e4dff,0x4e4e4eff,0x4f4e4eff,0x504f4fff,0x505050ff,0x515050ff,0x515150ff,
0x525251ff,0x525252ff,0x525352ff,0x535352ff,0x545453ff,0x545353ff,0x545454ff,0x545554ff,0x555555ff,0x555555ff,0x565555ff,0x565656ff,0x565655ff,0x565656ff,0x565756ff,0x565756ff,0x575756ff,0x575757ff,0x575857ff,0x575757ff,0x575756ff,0x585757ff,
0x585757ff,0x575757ff,0x575757ff,0x585757ff,0x585757ff,0x575757ff,0x575857ff,0x575657ff,0x575756ff,0x565656ff,0x565756ff,0x565756ff,0x565656ff,0x565655ff,0x565655ff,0x555655ff,0x555555ff,0x545454ff,0x555454ff,0x545454ff,0x535353ff,0x535353ff,
0x535252ff,0x525252ff,0x525252ff,0x515151ff,0x505050ff,0x50504fff,0x50504fff,0x4f4f4fff,0x4e4e4eff,0x4d4e4dff,0x4d4d4cff,0x4c4d4cff,0x4b4c4bff,0x4b4b4bff,0x4a4b4aff,0x4a4a49ff,0x494949ff,0x484848ff,0x484847ff,0x474746ff,0x464645ff,0x454545ff,
0x444544ff,0x444444ff,0x434342ff,0x414241ff,0x414141ff,0x404040ff,0x40403fff,0x3e3e3eff,0x3e3d3dff,0x3d3d3cff,0x3c3c3bff,0x3b3b3bff,0x3a3a3aff,0x393939ff,0x383838ff,0x373736ff,0x363636ff,0x353635ff,0x343534ff,0x333333ff,0x323232ff,0x313131ff,
0x303030ff,0x302f2fff,0x2e2e2eff,0x2d2d2dff,0x2c2c2cff,0x2b2b2bff,0x2a2a2aff,0x292928ff,0x282827ff,0x272626ff,0x252625ff,0x252524ff,0x232423ff,0x232222ff,0x212121ff,0x202020ff,0x1f1f1fff,0x1e1e1dff,0x1c1d1cff,0x1b1c1bff,0x1a1b1bff,0x1a1a19ff,
0x181818ff,0x171717ff,0x151616ff,0x151414ff,0x131313ff,0x121212ff,0x121112ff,0x10100fff,0xf0f0eff,0xe0e0dff,0xd0d0cff,0xb0b0cff,0xa0a0aff,0x80809ff,0x70707ff,0x70606ff,0x50505ff,0x40404ff,0x30203ff,0x20202ff,0x10000ff,0xff,
0xff,0xff,0xff,0xff,0xff,0x100ff,0xff,0xff,0xff,0xff,0xff,0xff,0xff,0xff,0xff,0xff,0xff,0xff,0xff,0xff,0x1ff,0xff,
0xff,0xff,0x1ff,0xff,0xff,0xff,0xff,0xff,0xff,0xff,0xff,0xff,0xff,0xff,0xff,0xff,0xff,0xff,0x10101ff,0x20202ff,0x40304ff,0x50505ff,
0x60606ff,0x80707ff,0x80908ff,0x9090aff,0xb0b0bff,0xc0c0cff,0xd0e0dff,0xf0e0fff,0xf1010ff,0x111111ff,0x121212ff,0x131414ff,0x141414ff,0x161515ff,0x171717ff,0x181818ff,0x191919ff,0x1a1a1aff,0x1c1b1bff,0x1c1d1dff,0x1e1e1eff,0x1f1f1eff,
0x202020ff,0x212121ff,0x232322ff,0x242323ff,0x242424ff,0x252625ff,0x272626ff,0x282828ff,0x292829ff,0x2a292aff,0x2b2a2bff,0x2c2c2cff,0x2d2d2dff,0x2e2e2eff,0x2f2f2fff,0x303030ff,0x323131ff,0x323232ff,0x333333ff,0x353434ff,0x353535ff,0x363736ff,
0x373837ff,0x383838ff,0x393939ff,0x3a3a3aff,0x3b3c3bff,0x3c3c3cff,0x3d3d3dff,0x3e3e3dff,0x3e3f3eff,0x40403fff,0x404140ff,0x414241ff,0x424243ff,0x434343ff,0x444444ff,0x454545ff,0x464545ff,0x474747ff,0x474747ff,0x484848ff,0x494949ff,0x4a4949ff,
0x4a4a4aff,0x4b4b4bff,0x4c4c4bff,0x4c4c4cff,0x4d4e4dff,0x4d4e4dff,0x4e4e4eff,0x504f4fff,0x4f4f4fff,0x505050ff,0x515150ff,0x515251ff,0x525252ff,0x525352ff,0x535353ff,0x545453ff,0x545453ff,0x555454ff,0x545554ff,0x555555ff,0x565656ff,0x565656ff,
0x575656ff,0x575757ff,0x575757ff,0x575757ff,0x575757ff,0x585857ff,0x585857ff,0x595957ff,0x595858ff,0x595959ff,0x595858ff,0x585958ff,0x595858ff,0x595959ff,0x595958ff,0x595958ff,0x595959ff,0x595959ff,0x595958ff,0x595959ff,0x595958ff,0x595859ff,
0x585858ff,0x585858ff,0x595858ff,0x585857ff,0x585857ff,0x585757ff,0x575756ff,0x575757ff,0x565656ff,0x565656ff,0x565655ff,0x555555ff,0x545454ff,0x545554ff,0x545454ff,0x535353ff,0x535353ff,0x535352ff,0x525251ff,0x515151ff,0x515050ff,0x515050ff,
0x504f4fff,0x504f4fff,0x4f4e4eff,0x4e4e4dff,0x4d4e4dff,0x4c4c4cff,0x4c4c4bff,0x4b4b4bff,0x4a4a4aff,0x4a4a4aff,0x494849ff,0x484847ff,0x474747ff,0x474646ff,0x464545ff,0x454544ff,0x444444ff,0x444343ff,0x434242ff,0x424141ff,0x414141ff,0x404040ff,
0x3f3f3fff,0x3e3e3eff,0x3d3d3dff,0x3c3c3cff,0x3b3b3aff,0x3a3a3aff,0x393939ff,0x383839ff,0x373837ff,0x363636ff,0x363635ff,0x343434ff,0x333333ff,0x323232ff,0x313131ff,0x303030ff,0x2f2f2fff,0x2f2e2eff,0x2d2d2dff,0x2c2c2cff,0x2b2b2aff,0x2a2a29ff,
0x292829ff,0x282828ff,0x272627ff,0x252525ff,0x252425ff,0x232323ff,0x222322ff,0x212121ff,0x202020ff,0x1f1f1eff,0x1e1d1dff,0x1d1d1cff,0x1b1b1bff,0x1b1a1aff,0x191919ff,0x181817ff,0x171716ff,0x151615ff,0x141415ff,0x131313ff,0x121212ff,0x111110ff,
0x101010ff,0xe0e0eff,0xe0d0dff,0xc0c0cff,0xb0b0aff,0x90a0aff,0x80808ff,0x70807ff,0x60606ff,0x50404ff,0x40404ff,0x20202ff,0x10101ff,0xff,0xff,0xff,0xff,0xff,0xff,0xff,0xff,0xff,
0xff,0xff,0xff,0xff,0x100ff,0xff,0xff,0xff,0xff,0xff,0xff,0xff,0xff,0xff,0xff,0x10100ff,0xff,0xff,0x10000ff,0xff,0xff,0xff,
0xff,0xff,0xff,0xff,0xff,0xff,0xff,0xff,0xff,0x10000ff,0x20202ff,0x30303ff,0x50404ff,0x60505ff,0x70707ff,0x80808ff,0x90909ff,0xa0b0bff,0xc0c0cff,0xd0d0dff,0xe0f0fff,0xf0f0fff,
0x101010ff,0x121212ff,0x131313ff,0x141414ff,0x151515ff,0x161616ff,0x181817ff,0x191919ff,0x1a1a1aff,0x1c1b1bff,0x1c1c1cff,0x1e1d1eff,0x1f1e1eff,0x201f1fff,0x212121ff,0x222222ff,0x232323ff,0x242524ff,0x262525ff,0x262627ff,0x282828ff,0x292929ff,
0x2a2a2aff,0x2b2a2aff,0x2c2c2cff,0x2d2d2dff,0x2e2f2eff,0x2f2f2fff,0x303030ff,0x313131ff,0x323332ff,0x343333ff,0x353434ff,0x353536ff,0x373736ff,0x383737ff,0x383938ff,0x393939ff,0x3b3b3aff,0x3c3c3cff,0x3c3c3cff,0x3d3d3dff,0x3e3e3eff,0x3f3f3fff,
0x404040ff,0x414140ff,0x424142ff,0x434342ff,0x434443ff,0x454544ff,0x454545ff,0x464646ff,0x474746ff,0x484747ff,0x494949ff,0x494949ff,0x4a4a4aff,0x4b4a4aff,0x4c4b4bff,0x4c4d4cff,0x4d4d4dff,0x4e4e4dff,0x4f4e4fff,0x4f4f4fff,0x4f504fff,0x515050ff,
0x515151ff,0x525151ff,0x525352ff,0x535352ff,0x535353ff,0x545454ff,0x555554ff,0x555555ff,0x565555ff,0x565656ff,0x565656ff,0x565757ff,0x575757ff,0x585857ff,0x585858ff,0x585858ff,0x595958ff,0x595959ff,0x595959ff,0x595959ff,0x5a5a59ff,0x595a5aff,
0x5a5a59ff,0x5a5a5aff,0x5a5a5aff,0x5a5a5aff,0x5b5b5aff,0x5b5a5aff,0x5b5b5aff,0x5b5a5aff,0x5a5a5aff,0x5a5b5aff,0x5b5a5aff,0x5b5a5aff,0x5a5b5aff,0x5a5b5aff,0x5a5a5aff,0x59595aff,0x5a5a59ff,0x595959ff,0x595959ff,0x595959ff,0x585858ff,0x585858ff,
0x585857ff,0x585857ff,0x575757ff,0x575657ff,0x565656ff,0x565655ff,0x565655ff,0x555554ff,0x555454ff,0x545453ff,0x535353ff,0x535352ff,0x525252ff,0x525152ff,0x515151ff,0x505150ff,0x50504fff,0x4f4f4fff,0x4e4f4fff,0x4e4e4eff,0x4d4d4dff,0x4d4c4cff,
0x4c4c4bff,0x4b4b4aff,0x4a4a4aff,0x4a4949ff,0x484848ff,0x484747ff,0x474747ff,0x474646ff,0x454545ff,0x444444ff,0x434343ff,0x434243ff,0x424141ff,0x414141ff,0x404040ff,0x3f3f3fff,0x3f3e3eff,0x3e3d3cff,0x3c3c3cff,0x3b3b3bff,0x3a3b3aff,0x3a3939ff,
0x383938ff,0x383737ff,0x373636ff,0x353635ff,0x343534ff,0x333333ff,0x323232ff,0x313131ff,0x303030ff,0x2f2f2fff,0x2f2e2eff,0x2d2d2dff,0x2c2c2cff,0x2a2b2aff,0x2a292aff,0x292929ff,0x282727ff,0x272727ff,0x262526ff,0x242424ff,0x232323ff,0x222221ff,
0x212121ff,0x202020ff,0x1f1e1fff,0x1d1d1eff,0x1d1c1cff,0x1b1b1bff,0x1a1a1aff,0x191918ff,0x181817ff,0x161616ff,0x151515ff,0x141414ff,0x131313ff,0x121212ff,0x101110ff,0xf100fff,0xe0e0eff,0xd0d0dff,0xb0c0cff,0xa0b0bff,0x90909ff,0x80808ff,
0x60607ff,0x60506ff,0x40404ff,0x30303ff,0x20202ff,0x100ff,0xff,0xff,0xff,0xff,0xff,0xff,0xff,0xff,0xff,0xff,0xff,0xff,0xff,0x100ff,0xff,0x10000ff,
0xff,0xff,0xff,0xff,0xff,0xff,0xff,0xff,0xff,0xff,0xff,0xff,0xff,0xff,0xff,0x100ff,0x10000ff,0x100ff,0x100ff,0xff,0xff,0xff,
0xff,0x10101ff,0x20302ff,0x40404ff,0x50505ff,0x60707ff,0x80808ff,0x90909ff,0xa0a0aff,0xb0b0bff,0xc0c0cff,0xe0e0dff,0xf0f0fff,0x111010ff,0x121111ff,0x121213ff,0x141413ff,0x151515ff,0x161616ff,0x171817ff,0x191918ff,0x1a1a19ff,
0x1b1b1bff,0x1d1c1cff,0x1d1d1dff,0x1e1f1eff,0x20201fff,0x202020ff,0x222221ff,0x232323ff,0x242424ff,0x252525ff,0x262727ff,0x282727ff,0x292829ff,0x292929ff,0x2b2a2bff,0x2c2c2bff,0x2d2d2dff,0x2e2e2eff,0x2f2f2fff,0x313030ff,0x313131ff,0x333332ff,
0x333333ff,0x343434ff,0x363635ff,0x373636ff,0x383738ff,0x383939ff,0x3a3a39ff,0x3b3b3aff,0x3b3b3bff,0x3c3c3dff,0x3e3e3eff,0x3e3e3eff,0x40403fff,0x414040ff,0x414141ff,0x424242ff,0x434343ff,0x444343ff,0x454544ff,0x454646ff,0x464747ff,0x474848ff,
0x484848ff,0x494a48ff,0x4a4a49ff,0x4a4b4aff,0x4c4b4cff,0x4c4c4cff,0x4d4d4cff,0x4e4e4dff,0x4f4e4eff,0x4f4f4fff,0x50504fff,0x505150ff,0x515251ff,0x525252ff,0x535252ff,0x535353ff,0x545453ff,0x545554ff,0x555554ff,0x565556ff,0x565655ff,0x575657ff,
0x575756ff,0x575757ff,0x585858ff,0x595958ff,0x595858ff,0x595a59ff,0x5a595aff,0x5a5a59ff,0x5a5a5aff,0x5a5a5aff,0x5a5b5bff,0x5b5b5aff,0x5b5b5bff,0x5b5c5cff,0x5c5c5bff,0x5c5c5bff,0x5c5c5bff,0x5c5c5bff,0x5c5c5cff,0x5c5c5cff,0x5c5c5cff,0x5c5c5bff,
0x5d5c5cff,0x5c5c5cff,0x5c5c5cff,0x5c5c5bff,0x5c5c5cff,0x5c5c5cff,0x5b5c5bff,0x5b5b5bff,0x5b5b5aff,0x5b5b5aff,0x5b5b5aff,0x5b5a5aff,0x5a5b5aff,0x5a5a5aff,0x5a5a59ff,0x595959ff,0x595958ff,0x585858ff,0x585758ff,0x585758ff,0x575757ff,0x575756ff,
0x565656ff,0x565655ff,0x555554ff,0x545554ff,0x545453ff,0x535353ff,0x525352ff,0x525251ff,0x515251ff,0x515150ff,0x50504fff,0x4f4f4fff,0x4f4f4eff,0x4e4e4dff,0x4d4d4cff,0x4d4c4cff,0x4b4c4bff,0x4a4b4aff,0x4a494aff,0x494949ff,0x484948ff,0x484848ff,
0x474746ff,0x464646ff,0x454545ff,0x444443ff,0x434343ff,0x424242ff,0x414240ff,0x404140ff,0x3f3f3fff,0x3e3f3eff,0x3e3e3dff,0x3d3c3dff,0x3c3b3bff,0x3b3b3bff,0x3a393aff,0x393938ff,0x383737ff,0x373736ff,0x353535ff,0x343434ff,0x333333ff,0x323233ff,
0x313131ff,0x303030ff,0x2f2f2fff,0x2e2e2dff,0x2d2d2dff,0x2c2c2cff,0x2b2b2bff,0x292a2aff,0x292829ff,0x272728ff,0x262726ff,0x252626ff,0x242524ff,0x232323ff,0x222222ff,0x212021ff,0x1f2020ff,0x1f1f1eff,0x1d1d1dff,0x1c1c1cff,0x1b1b1bff,0x191a1aff,
0x181819ff,0x171717ff,0x161716ff,0x151515ff,0x131413ff,0x131312ff,0x121211ff,0x101010ff,0xf0f0fff,0xe0d0eff,0xd0d0cff,0xb0c0bff,0xa0a0aff,0x90909ff,0x70707ff,0x60606ff,0x50505ff,0x40404ff,0x20303ff,0x20101ff,0xff,0xff,
0xff,0xff,0xff,0x10100ff,0xff,0x10000ff,0xff,0xff,0xff,0xff,0xff,0xff,0x10000ff,0xff,0xff,0xff,0xff,0xff,0x10000ff,0x1ff,0xff,0x1ff,
0xff,0xff,0xff,0x10000ff,0xff,0x100ff,0xff,0xff,0x1ff,0x10000ff,0xff,0xff,0x100ff,0x10000ff,0x10101ff,0x20302ff,0x40403ff,0x50404ff,0x60606ff,0x70707ff,0x80909ff,0xa0a09ff,
0xb0b0bff,0xd0c0cff,0xd0d0dff,0xf0f0fff,0x100f10ff,0x111111ff,0x121313ff,0x131413ff,0x141415ff,0x161615ff,0x171717ff,0x191818ff,0x1a1a1aff,0x1a1b1bff,0x1c1c1cff,0x1d1d1dff,0x1e1e1eff,0x1f201fff,0x202020ff,0x212221ff,0x222323ff,0x242424ff,
0x252525ff,0x262626ff,0x282727ff,0x292928ff,0x2a2a29ff,0x2b2b2aff,0x2c2c2bff,0x2d2d2dff,0x2e2e2eff,0x2f2f2fff,0x303030ff,0x313231ff,0x333232ff,0x333333ff,0x353434ff,0x353636ff,0x363636ff,0x383837ff,0x393939ff,0x3a3a39ff,0x3b3b3aff,0x3b3c3cff,
0x3c3c3cff,0x3d3e3eff,0x3f3f3eff,0x403f40ff,0x414141ff,0x424241ff,0x424342ff,0x434343ff,0x444544ff,0x454545ff,0x464646ff,0x474747ff,0x484847ff,0x494949ff,0x4a4a49ff,0x4a4a4aff,0x4b4b4aff,0x4d4c4cff,0x4d4d4dff,0x4d4e4dff,0x4f4f4eff,0x4f4f4fff,
0x50504fff,0x505151ff,0x515151ff,0x525252ff,0x525352ff,0x535453ff,0x545454ff,0x545555ff,0x565655ff,0x565656ff,0x565756ff,0x575757ff,0x585858ff,0x585857ff,0x585858ff,0x595959ff,0x595a5aff,0x5a5a59ff,0x5a5b5aff,0x5a5b5bff,0x5b5b5bff,0x5c5b5bff,
0x5c5c5cff,0x5c5c5cff,0x5c5c5cff,0x5c5d5dff,0x5c5d5dff,0x5d5d5cff,0x5d5d5dff,0x5d5d5dff,0x5d5d5dff,0x5d5e5dff,0x5e5e5dff,0x5e5e5dff,0x5e5d5dff,0x5e5e5dff,0x5e5e5dff,0x5e5d5dff,0x5e5e5dff,0x5e5e5dff,0x5e5e5dff,0x5d5e5dff,0x5e5e5dff,0x5d5d5dff,
0x5d5d5cff,0x5d5c5cff,0x5c5c5cff,0x5c5c5cff,0x5c5c5bff,0x5b5c5bff,0x5b5c5aff,0x5b5b5aff,0x5b5a5aff,0x5a5a5aff,0x5a5959ff,0x595959ff,0x585959ff,0x585858ff,0x585757ff,0x575757ff,0x575656ff,0x565656ff,0x565555ff,0x545554ff,0x545454ff,0x535353ff,
0x535352ff,0x525252ff,0x515151ff,0x515151ff,0x505050ff,0x504f4fff,0x4e4e4eff,0x4d4e4eff,0x4c4d4dff,0x4c4c4bff,0x4b4c4bff,0x4a4a4aff,0x4a4a49ff,0x484949ff,0x484848ff,0x474747ff,0x474746ff,0x454545ff,0x444444ff,0x434343ff,0x424242ff,0x414241ff,
0x404140ff,0x3f403fff,0x3e3e3eff,0x3d3d3eff,0x3d3d3cff,0x3c3c3bff,0x3b3b3aff,0x3a3939ff,0x383938ff,0x383837ff,0x363736ff,0x363535ff,0x353535ff,0x333433ff,0x323332ff,0x313131ff,0x303030ff,0x2f2f2fff,0x2e2e2eff,0x2d2c2dff,0x2c2c2bff,0x2b2a2bff,
0x2a2a2aff,0x292928ff,0x272827ff,0x262626ff,0x252525ff,0x232423ff,0x232323ff,0x222222ff,0x212020ff,0x1f1f1fff,0x1e1e1eff,0x1d1d1dff,0x1c1c1bff,0x1b1b1bff,0x1a1919ff,0x181818ff,0x171717ff,0x161616ff,0x151415ff,0x141313ff,0x131213ff,0x111110ff,
0x101010ff,0xe0f0fff,0xd0d0dff,0xc0c0cff,0xb0b0bff,0x90a09ff,0x90809ff,0x70708ff,0x60606ff,0x50505ff,0x30303ff,0x20202ff,0x10101ff,0xff,0xff,0xff,0x10000ff,0xff,0xff,0x1ff,0xff,0xff,
0x1ff,0xff,0xff,0xff,0x10000ff,0xff,0xff,0xff,0xff,0xff,0xff,0xff,0xff,0xff,0x1ff,0x10000ff,0xff,0xff,0xff,0x100ff,0xff,0xff,
0x1ff,0xff,0xff,0xff,0xff,0x10001ff,0x10102ff,0x30302ff,0x40404ff,0x50606ff,0x70707ff,0x80808ff,0x9090aff,0xb0a0bff,0xb0c0cff,0xd0d0dff,0xe0e0eff,0xf100fff,0x111010ff,0x121212ff,0x131313ff,0x141414ff,
0x161615ff,0x171617ff,0x181818ff,0x191919ff,0x1a1a1aff,0x1c1b1bff,0x1c1c1cff,0x1e1e1dff,0x1f1f1fff,0x202020ff,0x212221ff,0x222323ff,0x242424ff,0x252525ff,0x262626ff,0x272827ff,0x282828ff,0x292929ff,0x2b2b2aff,0x2c2c2cff,0x2d2d2cff,0x2e2e2eff,
0x2f2f2fff,0x303030ff,0x313231ff,0x323232ff,0x333333ff,0x343535ff,0x353636ff,0x363636ff,0x383737ff,0x383939ff,0x3a393aff,0x3b3a3bff,0x3c3c3bff,0x3d3c3dff,0x3d3d3dff,0x3f3f3eff,0x3f4040ff,0x404141ff,0x424242ff,0x424343ff,0x444444ff,0x444445ff,
0x464645ff,0x464646ff,0x474747ff,0x484848ff,0x494948ff,0x4a4a4aff,0x4b4b4aff,0x4c4c4bff,0x4d4d4cff,0x4d4e4dff,0x4e4f4dff,0x4f4f4fff,0x505050ff,0x505150ff,0x525251ff,0x525252ff,0x535352ff,0x535453ff,0x545554ff,0x555555ff,0x555555ff,0x565755ff,
0x575656ff,0x575857ff,0x585858ff,0x595959ff,0x595959ff,0x5a5959ff,0x5b5a5aff,0x5a5a5bff,0x5b5b5bff,0x5c5b5bff,0x5c5c5cff,0x5d5c5cff,0x5d5d5cff,0x5d5d5dff,0x5d5d5dff,0x5e5e5dff,0x5e5e5dff,0x5e5f5dff,0x5f5e5eff,0x5f5f5eff,0x5f5f5eff,0x5f5f5fff,
0x605f5eff,0x605f5fff,0x5f5f5fff,0x60605fff,0x5f605fff,0x5f6060ff,0x5f605fff,0x60605fff,0x5f5f5fff,0x60605fff,0x5f605fff,0x5f5f5fff,0x5f5f5eff,0x5f5f5fff,0x5f5e5fff,0x5e5e5eff,0x5e5e5eff,0x5e5d5eff,0x5d5d5dff,0x5d5d5dff,0x5d5d5cff,0x5c5d5cff,
0x5c5c5bff,0x5b5c5bff,0x5b5b5bff,0x5a5b5aff,0x5a5a5aff,0x59595aff,0x595958ff,0x595858ff,0x585858ff,0x585757ff,0x575757ff,0x565656ff,0x565555ff,0x555555ff,0x555454ff,0x535353ff,0x535252ff,0x525251ff,0x515151ff,0x505150ff,0x4f5050ff,0x4f4f4fff,
0x4e4e4eff,0x4e4e4dff,0x4c4c4cff,0x4c4c4bff,0x4b4b4bff,0x4a4a49ff,0x494949ff,0x484848ff,0x474747ff,0x474746ff,0x454545ff,0x444544ff,0x434443ff,0x434342ff,0x424242ff,0x414140ff,0x403f3fff,0x3f3e3eff,0x3d3d3eff,0x3d3c3cff,0x3c3b3cff,0x3a3a3bff,
0x3a3a3aff,0x393939ff,0x383837ff,0x373736ff,0x353636ff,0x353434ff,0x343333ff,0x323232ff,0x313131ff,0x303030ff,0x2f2f2fff,0x2e2e2dff,0x2d2d2dff,0x2b2c2bff,0x2a2a2bff,0x2a2a29ff,0x292828ff,0x272727ff,0x262626ff,0x252524ff,0x242423ff,0x222322ff,
0x222221ff,0x212121ff,0x1f1f1fff,0x1e1d1eff,0x1d1d1cff,0x1c1b1bff,0x1a1a1aff,0x191919ff,0x181818ff,0x171717ff,0x151516ff,0x141414ff,0x141313ff,0x111212ff,0x111111ff,0x100f0fff,0xe0f0eff,0xd0d0cff,0xc0c0bff,0xb0a0aff,0x90a09ff,0x80808ff,
0x70706ff,0x50505ff,0x40404ff,0x30303ff,0x20202ff,0xff,0xff,0xff,0x100ff,0x1ff,0xff,0xff,0x10000ff,0xff,0xff,0xff,0xff,0xff,0xff,0xff,0xff,0xff,
0xff,0x1ff,0xff,0xff,0x1ff,0x100ff,0x100ff,0xff,0x1ff,0xff,0xff,0xff,0x10000ff,0xff,0x100ff,0xff,0xff,0xff,0xff,0x10101ff,0x30203ff,0x30304ff,
0x50505ff,0x60706ff,0x70807ff,0x90909ff,0xa0a0aff,0xb0c0bff,0xd0d0cff,0xe0e0eff,0xf0f0fff,0x111110ff,0x111111ff,0x121213ff,0x131414ff,0x151515ff,0x161617ff,0x181818ff,0x191819ff,0x1a1a1aff,0x1b1b1cff,0x1d1c1cff,0x1e1d1dff,0x1f1e1eff,
0x20201fff,0x212121ff,0x232222ff,0x242323ff,0x242524ff,0x252626ff,0x272727ff,0x282828ff,0x29292aff,0x2a2a2aff,0x2b2b2bff,0x2c2d2cff,0x2e2e2eff,0x2e2f2fff,0x303030ff,0x323131ff,0x323232ff,0x343433ff,0x343535ff,0x363635ff,0x363736ff,0x383837ff,
0x393838ff,0x3a3939ff,0x3b3b3bff,0x3c3c3cff,0x3d3d3cff,0x3e3e3dff,0x3f3f3fff,0x3f3f40ff,0x414140ff,0x424242ff,0x434343ff,0x444443ff,0x454545ff,0x464646ff,0x474646ff,0x484747ff,0x494848ff,0x494a4aff,0x4a4a4aff,0x4b4b4bff,0x4c4c4cff,0x4d4d4dff,
0x4e4e4eff,0x4f4f4fff,0x50504fff,0x515050ff,0x515251ff,0x525251ff,0x525352ff,0x535353ff,0x545454ff,0x555555ff,0x555555ff,0x565756ff,0x575756ff,0x575757ff,0x585958ff,0x595958ff,0x5a5a59ff,0x5a5a5aff,0x5b5a5aff,0x5b5b5bff,0x5b5b5cff,0x5c5c5cff,
0x5d5c5cff,0x5d5d5cff,0x5e5d5dff,0x5e5e5eff,0x5e5e5eff,0x5e5e5eff,0x5f5f5fff,0x5f5f5fff,0x5f605fff,0x60605fff,0x60605fff,0x606060ff,0x606160ff,0x616061ff,0x606161ff,0x616161ff,0x616160ff,0x616261ff,0x616261ff,0x616161ff,0x616160ff,0x616161ff,
0x616160ff,0x616061ff,0x616161ff,0x616061ff,0x606060ff,0x606060ff,0x606060ff,0x60605fff,0x606060ff,0x60605fff,0x5f5f5eff,0x5e5f5eff,0x5e5e5eff,0x5e5e5dff,0x5d5e5eff,0x5d5d5dff,0x5c5d5cff,0x5c5c5cff,0x5b5c5bff,0x5b5b5bff,0x5b5a5aff,0x5a5a5aff,
0x5a5959ff,0x595958ff,0x585958ff,0x585757ff,0x575757ff,0x575656ff,0x555656ff,0x555555ff,0x545454ff,0x535354ff,0x525253ff,0x525251ff,0x515151ff,0x515150ff,0x50504fff,0x4e4f4eff,0x4e4e4eff,0x4d4d4dff,0x4c4c4cff,0x4b4c4bff,0x4a4b4bff,0x4a4949ff,
0x494849ff,0x484847ff,0x474646ff,0x464646ff,0x454444ff,0x444444ff,0x434343ff,0x424241ff,0x414141ff,0x404040ff,0x3e3f3fff,0x3e3e3eff,0x3d3d3dff,0x3b3c3cff,0x3b3b3bff,0x39393aff,0x393938ff,0x383837ff,0x363637ff,0x363535ff,0x353434ff,0x343333ff,
0x333332ff,0x313130ff,0x303030ff,0x2f2f2fff,0x2e2e2dff,0x2d2d2cff,0x2b2b2cff,0x2a2a2aff,0x2a2929ff,0x282928ff,0x272726ff,0x262626ff,0x242525ff,0x232324ff,0x222223ff,0x212121ff,0x1f2020ff,0x1e1f1eff,0x1e1d1eff,0x1d1c1cff,0x1c1c1bff,0x1a1a1aff,
0x191919ff,0x171818ff,0x161717ff,0x151515ff,0x141414ff,0x121213ff,0x121111ff,0x101011ff,0xf0f0fff,0xe0e0eff,0xd0d0cff,0xb0c0bff,0xa0a0aff,0x80808ff,0x70808ff,0x60606ff,0x50505ff,0x40404ff,0x20302ff,0x10101ff,0x10000ff,0xff,
0xff,0xff,0xff,0xff,0x100ff,0x1ff,0xff,0x10000ff,0xff,0xff,0xff,0xff,0xff,0xff,0x10000ff,0x10000ff,0x10000ff,0x100ff,0xff,0xff,0x100ff,0xff,
0xff,0xff,0xff,0xff,0xff,0xff,0xff,0xff,0xff,0xff,0x10101ff,0x20202ff,0x30304ff,0x40505ff,0x60606ff,0x70707ff,0x90808ff,0x90a0aff,0xb0a0bff,0xc0c0cff,0xd0d0dff,0xf0f0eff,
0x100f10ff,0x111111ff,0x131212ff,0x141313ff,0x151414ff,0x161616ff,0x171717ff,0x181818ff,0x1a1a19ff,0x1b1b1aff,0x1c1c1cff,0x1d1d1dff,0x1f1e1fff,0x202020ff,0x212121ff,0x222222ff,0x232323ff,0x242424ff,0x262626ff,0x272726ff,0x282728ff,0x292929ff,
0x2a2a2aff,0x2b2c2bff,0x2d2c2cff,0x2e2e2dff,0x2f2f2fff,0x303030ff,0x313130ff,0x323232ff,0x343334ff,0x353434ff,0x353635ff,0x373736ff,0x373838ff,0x383838ff,0x3a3a39ff,0x3b3b3bff,0x3c3c3bff,0x3d3d3dff,0x3e3e3eff,0x3f3f3fff,0x404040ff,0x414141ff,
0x434242ff,0x434442ff,0x444444ff,0x454544ff,0x464646ff,0x474747ff,0x474848ff,0x494948ff,0x4a4a49ff,0x4b4b4aff,0x4c4c4bff,0x4c4c4dff,0x4d4e4eff,0x4f4e4eff,0x4f504fff,0x505050ff,0x515150ff,0x525252ff,0x535352ff,0x545453ff,0x545454ff,0x555555ff,
0x555655ff,0x575656ff,0x575757ff,0x585757ff,0x595958ff,0x595958ff,0x5a5a5aff,0x5a5a5aff,0x5b5b5aff,0x5b5b5bff,0x5c5c5cff,0x5d5d5dff,0x5d5d5dff,0x5d5e5dff,0x5f5e5eff,0x5f5f5eff,0x5f5f5eff,0x60605fff,0x606060ff,0x616160ff,0x616060ff,0x616161ff,
0x616161ff,0x626161ff,0x626261ff,0x626262ff,0x626361ff,0x626261ff,0x636262ff,0x636363ff,0x626362ff,0x626363ff,0x636263ff,0x636362ff,0x636363ff,0x636362ff,0x626263ff,0x636362ff,0x626262ff,0x626362ff,0x636262ff,0x626261ff,0x616261ff,0x616161ff,
0x616261ff,0x616160ff,0x606060ff,0x60605fff,0x5f6060ff,0x5f5f5fff,0x5f5f5fff,0x5f5f5eff,0x5e5e5eff,0x5e5e5eff,0x5d5d5cff,0x5d5d5dff,0x5c5d5cff,0x5b5b5bff,0x5b5b5aff,0x5a5a5aff,0x5a5a5aff,0x595958ff,0x595858ff,0x575857ff,0x575757ff,0x575656ff,
0x555655ff,0x555454ff,0x545453ff,0x545453ff,0x525252ff,0x525251ff,0x515151ff,0x505050ff,0x4f4f4eff,0x4f4e4eff,0x4e4d4dff,0x4d4d4cff,0x4c4c4cff,0x4b4b4aff,0x494a4aff,0x494849ff,0x484847ff,0x484746ff,0x464646ff,0x454545ff,0x444444ff,0x434343ff,
0x434242ff,0x414141ff,0x404040ff,0x3f3f3fff,0x3e3e3dff,0x3d3d3cff,0x3c3c3bff,0x3b3b3bff,0x3a3a3aff,0x383938ff,0x383838ff,0x373636ff,0x363535ff,0x343434ff,0x333333ff,0x323232ff,0x313131ff,0x303030ff,0x2f2f2fff,0x2e2d2eff,0x2c2c2dff,0x2c2c2bff,
0x2a2a2aff,0x292929ff,0x282828ff,0x272726ff,0x252625ff,0x242424ff,0x232324ff,0x222222ff,0x202020ff,0x202020ff,0x1f1f1eff,0x1d1d1dff,0x1c1c1cff,0x1b1a1aff,0x191a1aff,0x181819ff,0x171718ff,0x161616ff,0x151414ff,0x131414ff,0x121213ff,0x111111ff,
0x10100fff,0xe0f0fff,0xd0e0dff,0xc0c0cff,0xb0b0bff,0xa0909ff,0x80809ff,0x70707ff,0x60506ff,0x40405ff,0x30304ff,0x20201ff,0x10001ff,0xff,0xff,0xff,0xff,0x100ff,0xff,0xff,0x100ff,0xff,
0xff,0xff,0xff,0xff,0xff,0x100ff,0xff,0xff,0xff,0xff,0xff,0xff,0x10000ff,0xff,0x1ff,0xff,0x1ff,0x100ff,0xff,0xff,0xff,0xff,
0xff,0xff,0x20101ff,0x30303ff,0x40404ff,0x50506ff,0x70606ff,0x80707ff,0x90909ff,0xa0a0aff,0xb0c0cff,0xd0d0dff,0xe0e0eff,0xf100fff,0x101011ff,0x121212ff,0x131313ff,0x151414ff,0x161616ff,0x171716ff,0x181818ff,0x191919ff,
0x1b1a1bff,0x1c1c1bff,0x1d1d1cff,0x1e1f1eff,0x1f1f1fff,0x202121ff,0x212221ff,0x232322ff,0x252424ff,0x252525ff,0x272626ff,0x272828ff,0x292828ff,0x2a2a2aff,0x2b2b2bff,0x2c2d2cff,0x2d2e2dff,0x2e2f2eff,0x303030ff,0x303130ff,0x323231ff,0x333433ff,
0x343434ff,0x353535ff,0x373636ff,0x383737ff,0x393838ff,0x3a3a3aff,0x3b3b3bff,0x3b3c3bff,0x3d3d3dff,0x3e3e3eff,0x3f3f3fff,0x404040ff,0x414141ff,0x424242ff,0x434343ff,0x454444ff,0x454545ff,0x464745ff,0x474847ff,0x484948ff,0x494a49ff,0x4a4a4aff,
0x4b4b4bff,0x4c4c4bff,0x4d4d4dff,0x4e4e4eff,0x4e4f4fff,0x4f5050ff,0x505150ff,0x525251ff,0x525252ff,0x535353ff,0x545454ff,0x545554ff,0x555655ff,0x565656ff,0x575757ff,0x575857ff,0x585959ff,0x595959ff,0x5a5a59ff,0x5b5a5aff,0x5c5c5bff,0x5b5c5cff,
0x5c5c5cff,0x5d5d5cff,0x5e5e5dff,0x5e5e5dff,0x5f5e5fff,0x60605fff,0x5f605fff,0x616060ff,0x616060ff,0x616161ff,0x616262ff,0x616261ff,0x626261ff,0x636362ff,0x636362ff,0x636362ff,0x646363ff,0x646363ff,0x646464ff,0x646463ff,0x646464ff,0x646464ff,
0x656564ff,0x646464ff,0x646464ff,0x656464ff,0x656564ff,0x646564ff,0x646464ff,0x646564ff,0x656464ff,0x646463ff,0x646463ff,0x636364ff,0x636363ff,0x636362ff,0x636363ff,0x626262ff,0x626262ff,0x616162ff,0x626161ff,0x616161ff,0x606060ff,0x606060ff,
0x60605fff,0x605f5fff,0x5e5f5fff,0x5e5f5eff,0x5e5e5dff,0x5d5d5dff,0x5d5d5cff,0x5b5c5cff,0x5b5b5bff,0x5a5a5aff,0x5a5a5aff,0x595958ff,0x595858ff,0x585858ff,0x575757ff,0x565656ff,0x555555ff,0x545554ff,0x545454ff,0x535352ff,0x525251ff,0x515151ff,
0x515051ff,0x4f504fff,0x4f4f4fff,0x4e4e4eff,0x4d4c4dff,0x4c4c4cff,0x4c4b4aff,0x4b4a4aff,0x494949ff,0x484848ff,0x484747ff,0x464646ff,0x454545ff,0x444444ff,0x444443ff,0x424242ff,0x414141ff,0x404040ff,0x3f3f3eff,0x3e3e3eff,0x3d3d3dff,0x3c3c3cff,
0x3b3b3aff,0x3a3a3aff,0x393939ff,0x383837ff,0x363736ff,0x353536ff,0x343434ff,0x333333ff,0x323232ff,0x313131ff,0x2f302fff,0x2e2f2fff,0x2e2d2eff,0x2c2d2cff,0x2b2b2bff,0x2a2a2aff,0x292928ff,0x282828ff,0x272726ff,0x262525ff,0x252424ff,0x222322ff,
0x222122ff,0x212021ff,0x1f201fff,0x1e1e1eff,0x1c1d1dff,0x1c1c1cff,0x1b1a1aff,0x191919ff,0x181818ff,0x171717ff,0x161616ff,0x151414ff,0x131313ff,0x121111ff,0x101110ff,0xf0f10ff,0xe0e0eff,0xd0d0cff,0xc0c0cff,0xb0a0aff,0x90909ff,0x80808ff,
0x70606ff,0x50505ff,0x40404ff,0x30303ff,0x10102ff,0x100ff,0xff,0xff,0xff,0xff,0xff,0xff,0xff,0x10000ff,0xff,0x1ff,0xff,0xff,0xff,0xff,0xff,0xff,
0x10000ff,0x100ff,0xff,0xff,0xff,0x10000ff,0xff,0xff,0xff,0xff,0xff,0xff,0x100ff,0x10000ff,0xff,0x10101ff,0x20202ff,0x30403ff,0x50505ff,0x60606ff,0x70707ff,0x90908ff,
0x9090aff,0xb0b0aff,0xc0d0cff,0xe0d0dff,0xf0f0eff,0x111010ff,0x121111ff,0x131212ff,0x141413ff,0x151515ff,0x171617ff,0x171718ff,0x191919ff,0x1a1a1aff,0x1b1b1bff,0x1d1d1cff,0x1e1d1eff,0x1f1f1eff,0x202120ff,0x212222ff,0x232222ff,0x242324ff,
0x252525ff,0x262626ff,0x282727ff,0x292829ff,0x2a292aff,0x2b2b2bff,0x2c2c2cff,0x2d2d2dff,0x2f2e2eff,0x302f2fff,0x303131ff,0x323232ff,0x333332ff,0x343434ff,0x363635ff,0x373737ff,0x383737ff,0x393839ff,0x3a3a39ff,0x3b3b3bff,0x3c3c3cff,0x3d3d3dff,
0x3e3e3eff,0x3f3f3fff,0x414040ff,0x414141ff,0x424242ff,0x434343ff,0x454544ff,0x464545ff,0x464646ff,0x484847ff,0x484948ff,0x494949ff,0x4a4a4aff,0x4c4c4bff,0x4c4c4cff,0x4d4d4dff,0x4e4f4eff,0x4f4f4fff,0x505050ff,0x515151ff,0x525251ff,0x535252ff,
0x545453ff,0x555454ff,0x555554ff,0x565655ff,0x565756ff,0x575857ff,0x595858ff,0x595959ff,0x5a5a5aff,0x5a5b5aff,0x5c5b5bff,0x5c5c5cff,0x5d5d5cff,0x5d5d5dff,0x5e5e5dff,0x5e5e5fff,0x5f605eff,0x605f5fff,0x60605fff,0x616160ff,0x616161ff,0x626261ff,
0x636262ff,0x636362ff,0x636363ff,0x636363ff,0x646463ff,0x656464ff,0x646464ff,0x646564ff,0x656564ff,0x656665ff,0x656565ff,0x656666ff,0x666565ff,0x666666ff,0x666666ff,0x666666ff,0x666766ff,0x666666ff,0x666666ff,0x666766ff,0x666666ff,0x666666ff,
0x666665ff,0x666666ff,0x666665ff,0x656565ff,0x656565ff,0x656565ff,0x656564ff,0x646464ff,0x646464ff,0x646464ff,0x636363ff,0x636262ff,0x636262ff,0x626261ff,0x616161ff,0x616161ff,0x616060ff,0x605f5fff,0x5f5f5fff,0x5f5f5eff,0x5e5e5dff,0x5d5e5dff,
0x5c5d5cff,0x5c5c5bff,0x5c5b5aff,0x5b5b5aff,0x5a5a5aff,0x595959ff,0x585858ff,0x585757ff,0x575756ff,0x565656ff,0x565655ff,0x545554ff,0x545453ff,0x525352ff,0x525252ff,0x515150ff,0x505050ff,0x4f4f4fff,0x4e4e4eff,0x4e4d4dff,0x4d4c4cff,0x4b4b4bff,
0x4a4a4aff,0x4a4949ff,0x494849ff,0x474847ff,0x464746ff,0x454645ff,0x444444ff,0x434443ff,0x424242ff,0x424141ff,0x404040ff,0x3f3f3fff,0x3e3f3eff,0x3d3d3dff,0x3c3c3bff,0x3a3b3aff,0x39393aff,0x393838ff,0x373737ff,0x373736ff,0x353535ff,0x343434ff,
0x333333ff,0x313232ff,0x303130ff,0x2f3030ff,0x2e2e2eff,0x2d2e2eff,0x2c2c2cff,0x2b2b2bff,0x2a2a2aff,0x282928ff,0x272727ff,0x262626ff,0x252524ff,0x242323ff,0x222323ff,0x212121ff,0x202020ff,0x1f1f1fff,0x1e1e1eff,0x1c1c1cff,0x1b1c1bff,0x1a1a1aff,
0x191919ff,0x171818ff,0x161617ff,0x151515ff,0x141313ff,0x131212ff,0x111211ff,0x101010ff,0xf0e0eff,0xe0e0dff,0xd0d0dff,0xb0b0bff,0x90a0aff,0x80909ff,0x80807ff,0x50605ff,0x50504ff,0x40403ff,0x30202ff,0x10101ff,0xff,0x1ff,
0xff,0xff,0x10000ff,0x100ff,0xff,0xff,0x100ff,0xff,0xff,0xff,0xff,0xff,0xff,0x1ff,0xff,0x1ff,0xff,0xff,0x10000ff,0xff,0xff,0xff,
0xff,0xff,0xff,0xff,0xff,0xff,0xff,0x20201ff,0x30303ff,0x40404ff,0x50605ff,0x70707ff,0x80708ff,0x90909ff,0xa0b0aff,0xc0b0bff,0xd0d0dff,0xe0f0eff,0xf100fff,0x101111ff,0x121212ff,0x131313ff,
0x151514ff,0x161616ff,0x171717ff,0x181919ff,0x1a191aff,0x1b1a1bff,0x1c1c1cff,0x1e1e1dff,0x1e1e1eff,0x202020ff,0x222121ff,0x222222ff,0x242324ff,0x242525ff,0x262626ff,0x272727ff,0x282828ff,0x2a2929ff,0x2b2b2bff,0x2c2b2cff,0x2d2d2dff,0x2e2e2eff,
0x2f2f2fff,0x313130ff,0x323232ff,0x323332ff,0x343434ff,0x353535ff,0x373736ff,0x383737ff,0x393938ff,0x393a39ff,0x3b3b3bff,0x3c3b3bff,0x3d3d3cff,0x3e3e3eff,0x3f3f3eff,0x404140ff,0x414141ff,0x434242ff,0x434443ff,0x444444ff,0x454645ff,0x474646ff,
0x484847ff,0x484949ff,0x4a4a49ff,0x4a4a4aff,0x4c4b4bff,0x4c4d4cff,0x4d4d4dff,0x4e4f4fff,0x4f4f4fff,0x515050ff,0x515151ff,0x535352ff,0x545352ff,0x545454ff,0x555554ff,0x565556ff,0x565656ff,0x585857ff,0x595958ff,0x5a5959ff,0x5a5a5aff,0x5b5a5aff,
0x5b5c5bff,0x5c5c5bff,0x5d5c5dff,0x5d5d5eff,0x5e5e5eff,0x5f5f5eff,0x5f605fff,0x606060ff,0x606060ff,0x616161ff,0x626261ff,0x626362ff,0x636363ff,0x646363ff,0x636464ff,0x646564ff,0x646565ff,0x656565ff,0x666665ff,0x666666ff,0x666766ff,0x676666ff,
0x666766ff,0x676766ff,0x686767ff,0x686767ff,0x686867ff,0x686867ff,0x686868ff,0x686867ff,0x686868ff,0x686868ff,0x686868ff,0x676867ff,0x676868ff,0x686867ff,0x686767ff,0x676867ff,0x676767ff,0x676766ff,0x676766ff,0x676667ff,0x666765ff,0x666666ff,
0x656565ff,0x666565ff,0x656565ff,0x646464ff,0x646464ff,0x646363ff,0x626363ff,0x626362ff,0x626261ff,0x616261ff,0x606061ff,0x606060ff,0x60605fff,0x5f5f5eff,0x5f5f5dff,0x5e5d5dff,0x5d5d5cff,0x5c5c5cff,0x5b5c5bff,0x5b5a5aff,0x5a5a5aff,0x595958ff,
0x585958ff,0x585857ff,0x575656ff,0x565555ff,0x555454ff,0x545453ff,0x535353ff,0x525352ff,0x515250ff,0x515050ff,0x50504fff,0x4e4f4eff,0x4d4e4dff,0x4c4d4dff,0x4c4c4bff,0x4a4b4aff,0x49494aff,0x494948ff,0x484847ff,0x464746ff,0x454546ff,0x444444ff,
0x434443ff,0x424242ff,0x424241ff,0x404040ff,0x3f403fff,0x3f3e3dff,0x3d3d3dff,0x3c3b3cff,0x3a3b3aff,0x3a3939ff,0x383938ff,0x383837ff,0x363636ff,0x363535ff,0x343434ff,0x333333ff,0x323132ff,0x313131ff,0x302f2fff,0x2e2e2eff,0x2d2d2dff,0x2c2c2cff,
0x2a2a2bff,0x2a2929ff,0x282828ff,0x272727ff,0x262626ff,0x252524ff,0x232323ff,0x232222ff,0x222121ff,0x202020ff,0x1e1e1fff,0x1d1d1dff,0x1c1c1cff,0x1b1a1aff,0x19191aff,0x191819ff,0x171718ff,0x161615ff,0x141415ff,0x141414ff,0x121213ff,0x111111ff,
0x100f10ff,0xe0f0fff,0xd0d0dff,0xc0b0cff,0xa0a0aff,0x90909ff,0x80807ff,0x60707ff,0x50506ff,0x40404ff,0x30203ff,0x20102ff,0xff,0xff,0xff,0xff,0xff,0xff,0xff,0xff,0xff,0x100ff,
0xff,0xff,0xff,0xff,0xff,0xff,0xff,0x10000ff,0x1ff,0xff,0xff,0xff,0xff,0xff,0xff,0xff,0xff,0xff,0xff,0xff,0x10001ff,0x30202ff,
0x40404ff,0x50505ff,0x60606ff,0x70807ff,0x90908ff,0xa0a09ff,0xb0b0bff,0xc0c0cff,0xe0e0eff,0xf0f0fff,0x101011ff,0x121212ff,0x121313ff,0x141514ff,0x161515ff,0x161716ff,0x181818ff,0x191a1aff,0x1a1a1aff,0x1b1c1bff,0x1d1d1dff,0x1e1e1fff,
0x1f201fff,0x202121ff,0x222122ff,0x232323ff,0x242524ff,0x252625ff,0x272726ff,0x282828ff,0x292929ff,0x2b2a2aff,0x2b2b2bff,0x2d2d2dff,0x2e2e2eff,0x2f2f2fff,0x303030ff,0x313231ff,0x323232ff,0x343434ff,0x353535ff,0x363635ff,0x383837ff,0x393838ff,
0x393a3aff,0x3b3b3aff,0x3c3b3cff,0x3d3d3dff,0x3e3e3eff,0x3f3f3fff,0x404040ff,0x414141ff,0x434242ff,0x434443ff,0x454545ff,0x454545ff,0x474646ff,0x474847ff,0x494949ff,0x494949ff,0x4a4a4bff,0x4b4c4cff,0x4c4d4cff,0x4e4e4eff,0x4f4f4fff,0x4f504fff,
0x515151ff,0x515151ff,0x525353ff,0x545353ff,0x555454ff,0x555555ff,0x565656ff,0x575757ff,0x585757ff,0x595959ff,0x595a59ff,0x5b5b5aff,0x5b5b5aff,0x5c5c5cff,0x5d5d5dff,0x5e5d5dff,0x5f5f5eff,0x5f5f5eff,0x605f5fff,0x616060ff,0x616161ff,0x626262ff,
0x636262ff,0x636363ff,0x646463ff,0x646463ff,0x656565ff,0x656565ff,0x656565ff,0x666666ff,0x666766ff,0x676667ff,0x676767ff,0x676767ff,0x686867ff,0x686868ff,0x686968ff,0x696868ff,0x696969ff,0x696968ff,0x696a69ff,0x6a6a69ff,0x696a69ff,0x696969ff,
0x696a69ff,0x696969ff,0x696a6aff,0x696969ff,0x6a696aff,0x696969ff,0x696969ff,0x696968ff,0x696969ff,0x686969ff,0x686968ff,0x686867ff,0x686867ff,0x676867ff,0x676767ff,0x676766ff,0x676666ff,0x666665ff,0x666665ff,0x656565ff,0x646465ff,0x646464ff,
0x646363ff,0x636362ff,0x636362ff,0x626261ff,0x616161ff,0x616060ff,0x60605fff,0x5f5f5fff,0x5e5e5eff,0x5d5d5dff,0x5d5d5cff,0x5c5c5cff,0x5c5b5bff,0x5a5b5aff,0x5a5a59ff,0x595958ff,0x585857ff,0x575757ff,0x565656ff,0x565655ff,0x545554ff,0x535454ff,
0x535352ff,0x515251ff,0x515151ff,0x4f4f4fff,0x4f4f4eff,0x4e4e4dff,0x4d4d4dff,0x4c4c4cff,0x4b4b4aff,0x4a494aff,0x494949ff,0x484847ff,0x474747ff,0x464645ff,0x444545ff,0x434444ff,0x424242ff,0x424141ff,0x404140ff,0x3f3f3fff,0x3e3e3dff,0x3d3d3dff,
0x3c3c3cff,0x3a3b3aff,0x3a3939ff,0x393838ff,0x373837ff,0x363636ff,0x353435ff,0x343334ff,0x323332ff,0x313131ff,0x303130ff,0x2f2f2fff,0x2e2e2eff,0x2d2d2dff,0x2c2b2cff,0x2a2a2aff,0x292929ff,0x282827ff,0x272727ff,0x252625ff,0x242424ff,0x232323ff,
0x222221ff,0x212120ff,0x1f201fff,0x1e1f1eff,0x1d1d1dff,0x1c1b1cff,0x1a1b1aff,0x191919ff,0x181818ff,0x171717ff,0x161516ff,0x141414ff,0x131312ff,0x111211ff,0x111111ff,0xf100fff,0xe0e0eff,0xd0d0cff,0xb0b0bff,0xa0a0aff,0x90808ff,0x70807ff,
0x60606ff,0x50505ff,0x40403ff,0x20202ff,0x101ff,0x1ff,0xff,0xff,0xff,0xff,0xff,0xff,0xff,0xff,0x100ff,0xff,0xff,0xff,0xff,0x100ff,0xff,0xff,
0xff,0xff,0xff,0xff,0x1ff,0xff,0xff,0xff,0xff,0xff,0xff,0x100ff,0x10202ff,0x30303ff,0x40404ff,0x50606ff,0x70707ff,0x80808ff,0xa0a0aff,0xb0b0bff,0xc0c0bff,0xd0d0dff,
0xf0e0fff,0x101010ff,0x111111ff,0x121212ff,0x141313ff,0x151514ff,0x161616ff,0x171717ff,0x191918ff,0x1a1a19ff,0x1b1b1bff,0x1c1c1cff,0x1e1d1dff,0x1f1f1eff,0x202020ff,0x222121ff,0x232322ff,0x242424ff,0x252525ff,0x262726ff,0x272727ff,0x292929ff,
0x2a2a2aff,0x2b2b2bff,0x2c2c2cff,0x2e2e2dff,0x2f2e2fff,0x303030ff,0x323131ff,0x323332ff,0x343333ff,0x353535ff,0x363636ff,0x373736ff,0x383838ff,0x3a3a39ff,0x3a3a3bff,0x3b3c3bff,0x3d3c3cff,0x3e3e3eff,0x3f3f3fff,0x414140ff,0x414141ff,0x424342ff,
0x444343ff,0x454444ff,0x454545ff,0x464747ff,0x484748ff,0x484949ff,0x4a4a4aff,0x4b4b4bff,0x4c4c4bff,0x4d4d4cff,0x4e4e4dff,0x4f4f4fff,0x505050ff,0x515151ff,0x525252ff,0x535353ff,0x545454ff,0x555554ff,0x565555ff,0x565656ff,0x585758ff,0x595858ff,
0x595959ff,0x5a5a5aff,0x5b5b5aff,0x5c5c5bff,0x5c5c5cff,0x5e5d5dff,0x5e5f5dff,0x5f5f5fff,0x60605fff,0x616160ff,0x616161ff,0x616262ff,0x636263ff,0x636363ff,0x646463ff,0x646564ff,0x666564ff,0x656665ff,0x666666ff,0x676666ff,0x676767ff,0x686867ff,
0x686868ff,0x686868ff,0x696968ff,0x696969ff,0x6a6a69ff,0x696a69ff,0x6b6b6aff,0x6a6b6aff,0x6b6a6aff,0x6a6b6aff,0x6b6b6bff,0x6c6b6aff,0x6b6b6bff,0x6c6b6aff,0x6c6b6bff,0x6c6c6bff,0x6b6b6bff,0x6b6b6aff,0x6b6b6bff,0x6b6b6bff,0x6b6b6aff,0x6b6a6aff,
0x6b6a6bff,0x6b6b6aff,0x6a6a6aff,0x6a6a6aff,0x6a696aff,0x696969ff,0x696868ff,0x696868ff,0x686868ff,0x676767ff,0x676767ff,0x666666ff,0x666666ff,0x666665ff,0x656665ff,0x646564ff,0x646463ff,0x636362ff,0x636362ff,0x626261ff,0x616161ff,0x606160ff,
0x606060ff,0x5f5f5fff,0x5e5e5eff,0x5d5e5dff,0x5c5d5dff,0x5c5c5cff,0x5b5b5aff,0x5a5a5aff,0x595959ff,0x595958ff,0x585857ff,0x575656ff,0x565556ff,0x555455ff,0x535454ff,0x535353ff,0x525251ff,0x515151ff,0x50504fff,0x4f4f4fff,0x4e4e4dff,0x4d4d4cff,
0x4c4c4cff,0x4a4b4aff,0x4a4949ff,0x494948ff,0x484848ff,0x474746ff,0x454646ff,0x454544ff,0x434444ff,0x424242ff,0x414141ff,0x404040ff,0x3f3f3fff,0x3d3e3eff,0x3d3d3cff,0x3c3c3bff,0x3b3b3aff,0x393a39ff,0x383938ff,0x373736ff,0x363635ff,0x353434ff,
0x333333ff,0x323233ff,0x313131ff,0x303030ff,0x2f2f2eff,0x2e2e2eff,0x2c2d2dff,0x2b2b2bff,0x2a2a2aff,0x292929ff,0x272728ff,0x262626ff,0x252525ff,0x242423ff,0x232222ff,0x212121ff,0x202020ff,0x1f1f1eff,0x1d1e1eff,0x1c1c1cff,0x1b1b1cff,0x1a1a1aff,
0x181919ff,0x171717ff,0x161616ff,0x151515ff,0x141413ff,0x121212ff,0x111111ff,0x101010ff,0xf0f0fff,0xd0e0dff,0xc0c0bff,0xb0a0aff,0x90a0aff,0x80808ff,0x70707ff,0x50606ff,0x40404ff,0x30203ff,0x20101ff,0x10000ff,0x10000ff,0xff,
0xff,0xff,0xff,0xff,0xff,0x100ff,0xff,0xff,0xff,0xff,0xff,0x100ff,0xff,0xff,0xff,0xff,0xff,0xff,0xff,0xff,0xff,0xff,
0xff,0xff,0xff,0x10101ff,0x20203ff,0x30303ff,0x40404ff,0x60606ff,0x70808ff,0x80909ff,0xa0a0aff,0xb0c0cff,0xd0d0cff,0xe0e0dff,0xf0f0fff,0x101011ff,0x121212ff,0x131313ff,0x151515ff,0x151615ff,0x171717ff,0x181818ff,
0x191a19ff,0x1b1b1bff,0x1c1c1cff,0x1d1d1dff,0x1e1e1fff,0x20201fff,0x212121ff,0x222222ff,0x242323ff,0x242524ff,0x262626ff,0x272727ff,0x282929ff,0x2a2a29ff,0x2b2b2aff,0x2c2c2cff,0x2d2d2eff,0x2f2f2fff,0x2f302fff,0x303131ff,0x323332ff,0x333433ff,
0x343434ff,0x363635ff,0x373736ff,0x383838ff,0x393939ff,0x3a3b3aff,0x3c3b3bff,0x3c3c3cff,0x3d3e3dff,0x3f3e3fff,0x404040ff,0x414141ff,0x424342ff,0x434343ff,0x454544ff,0x454545ff,0x474746ff,0x484847ff,0x494949ff,0x4a4a4aff,0x4b4b4aff,0x4c4c4cff,
0x4d4e4dff,0x4e4e4eff,0x4f4f4eff,0x50504fff,0x515151ff,0x535252ff,0x535353ff,0x545453ff,0x555555ff,0x565656ff,0x575756ff,0x585857ff,0x595858ff,0x5a5959ff,0x5b5b5aff,0x5c5c5cff,0x5c5c5cff,0x5e5d5dff,0x5e5e5dff,0x5f5f5eff,0x605f5fff,0x606060ff,
0x616160ff,0x626262ff,0x636262ff,0x636363ff,0x646464ff,0x656564ff,0x666565ff,0x666665ff,0x666767ff,0x676767ff,0x686867ff,0x686968ff,0x696969ff,0x6a6969ff,0x696a69ff,0x6a6a69ff,0x6a6a6bff,0x6b6b6bff,0x6b6b6bff,0x6b6c6bff,0x6c6c6cff,0x6c6c6cff,
0x6c6c6cff,0x6d6c6cff,0x6d6d6cff,0x6d6d6dff,0x6d6d6cff,0x6d6d6dff,0x6d6d6dff,0x6d6d6cff,0x6d6d6cff,0x6d6d6dff,0x6d6d6cff,0x6d6d6cff,0x6d6c6cff,0x6c6d6cff,0x6d6c6cff,0x6d6c6cff,0x6c6c6cff,0x6b6b6bff,0x6b6b6bff,0x6b6b6bff,0x6a6b6aff,0x6b6a6aff,
0x6a6969ff,0x696969ff,0x696868ff,0x696868ff,0x676767ff,0x676867ff,0x666766ff,0x666665ff,0x666665ff,0x646564ff,0x656563ff,0x636363ff,0x636262ff,0x626261ff,0x626261ff,0x606160ff,0x606060ff,0x5f5f5fff,0x5f5e5eff,0x5d5d5dff,0x5d5c5dff,0x5c5c5bff,
0x5b5b5bff,0x5a5a59ff,0x585958ff,0x585858ff,0x585756ff,0x575656ff,0x555555ff,0x555454ff,0x535453ff,0x525252ff,0x515150ff,0x505050ff,0x504f4fff,0x4e4e4eff,0x4e4d4dff,0x4c4c4cff,0x4b4b4aff,0x4a4a49ff,0x494948ff,0x474848ff,0x474647ff,0x454645ff,
0x454545ff,0x434344ff,0x434242ff,0x414141ff,0x40403fff,0x3f3f3eff,0x3e3e3eff,0x3d3d3dff,0x3b3b3cff,0x3a3b3aff,0x3a3939ff,0x383838ff,0x373737ff,0x363636ff,0x343434ff,0x343434ff,0x333232ff,0x303131ff,0x303030ff,0x2e2e2eff,0x2e2d2dff,0x2c2c2cff,
0x2b2b2bff,0x2a2a2aff,0x292828ff,0x282727ff,0x262626ff,0x252425ff,0x232323ff,0x222222ff,0x212120ff,0x1f1f1fff,0x1e1f1fff,0x1d1d1dff,0x1c1c1cff,0x1a1b1bff,0x191919ff,0x181818ff,0x171617ff,0x161515ff,0x141515ff,0x131313ff,0x121211ff,0x111011ff,
0xf0f0fff,0xe0e0eff,0xc0c0cff,0xb0b0bff,0xa0a0aff,0x90809ff,0x80708ff,0x60606ff,0x50504ff,0x40304ff,0x20303ff,0x101ff,0xff,0xff,0xff,0xff,0xff,0x10000ff,0xff,0x1ff,0xff,0xff,
0xff,0xff,0xff,0xff,0xff,0x10000ff,0xff,0x10000ff,0xff,0xff,0xff,0xff,0xff,0xff,0xff,0x100ff,0x100ff,0x20201ff,0x20303ff,0x50405ff,0x50505ff,0x70707ff,
0x80908ff,0x90a09ff,0xb0a0bff,0xc0c0cff,0xd0d0dff,0xf0f0fff,0x100f10ff,0x111211ff,0x131313ff,0x141414ff,0x151515ff,0x161716ff,0x181717ff,0x191919ff,0x1a1a1aff,0x1c1c1cff,0x1d1d1cff,0x1e1e1eff,0x1f1f1fff,0x202020ff,0x222222ff,0x232423ff,
0x252424ff,0x262625ff,0x272727ff,0x282828ff,0x292929ff,0x2b2b2aff,0x2b2c2cff,0x2d2d2dff,0x2e2e2eff,0x2f302fff,0x303031ff,0x313232ff,0x333233ff,0x343434ff,0x353535ff,0x373736ff,0x373838ff,0x393938ff,0x3a3a3aff,0x3b3b3bff,0x3d3c3cff,0x3e3e3dff,
0x3f3f3fff,0x3f4040ff,0x414141ff,0x434342ff,0x444343ff,0x454545ff,0x464545ff,0x464746ff,0x484848ff,0x494948ff,0x4a4a49ff,0x4b4b4bff,0x4c4c4cff,0x4e4d4dff,0x4e4e4eff,0x50504fff,0x505150ff,0x515151ff,0x525352ff,0x545453ff,0x545554ff,0x555655ff,
0x565656ff,0x575757ff,0x585958ff,0x595959ff,0x5a5a5aff,0x5b5b5bff,0x5d5c5cff,0x5d5d5cff,0x5e5e5eff,0x5e5f5eff,0x605f5fff,0x606060ff,0x616160ff,0x626262ff,0x636262ff,0x636363ff,0x656464ff,0x656564ff,0x666665ff,0x666766ff,0x676767ff,0x686767ff,
0x696968ff,0x696868ff,0x696969ff,0x6a6a6aff,0x6a6a6aff,0x6b6a6aff,0x6b6b6bff,0x6c6c6bff,0x6c6c6cff,0x6d6c6dff,0x6d6d6cff,0x6d6e6dff,0x6e6e6dff,0x6e6e6dff,0x6f6e6eff,0x6e6f6eff,0x6f6f6eff,0x6f6f6fff,0x6f6f6fff,0x6f6e6fff,0x6f6f6fff,0x6f6f6fff,
0x6f6f6fff,0x6f6f6fff,0x6f6f6fff,0x6f6f6eff,0x6f6f6eff,0x6e6e6eff,0x6e6e6eff,0x6e6e6dff,0x6e6e6eff,0x6d6e6dff,0x6d6d6cff,0x6d6c6cff,0x6c6d6cff,0x6c6c6cff,0x6b6c6bff,0x6b6b6bff,0x6b6a6aff,0x696a69ff,0x696969ff,0x696968ff,0x696867ff,0x676867ff,
0x676766ff,0x666766ff,0x656665ff,0x656565ff,0x656464ff,0x646463ff,0x626362ff,0x626261ff,0x616161ff,0x606060ff,0x5f5f5fff,0x5e5f5eff,0x5e5e5eff,0x5d5d5cff,0x5c5d5cff,0x5b5b5bff,0x5a5a5aff,0x595959ff,0x595858ff,0x575757ff,0x565756ff,0x555556ff,
0x545454ff,0x545353ff,0x525252ff,0x515151ff,0x505050ff,0x4f4f4fff,0x4e4e4eff,0x4d4d4dff,0x4c4c4bff,0x4b4b4bff,0x4a4a49ff,0x494949ff,0x474848ff,0x474746ff,0x464645ff,0x444544ff,0x434343ff,0x424242ff,0x414141ff,0x404040ff,0x3f3f3fff,0x3d3e3dff,
0x3d3d3cff,0x3b3b3bff,0x3a3a3aff,0x393939ff,0x383838ff,0x363636ff,0x353536ff,0x343434ff,0x333333ff,0x323232ff,0x313130ff,0x302f30ff,0x2e2e2eff,0x2d2d2dff,0x2c2c2bff,0x2a2a2aff,0x292929ff,0x282828ff,0x272727ff,0x262525ff,0x242424ff,0x232323ff,
0x222222ff,0x202121ff,0x1f1f1fff,0x1e1e1dff,0x1d1d1dff,0x1b1b1cff,0x1a1a1aff,0x191919ff,0x181817ff,0x161616ff,0x151515ff,0x141314ff,0x121213ff,0x111211ff,0x101010ff,0xf0f0fff,0xd0d0dff,0xc0c0cff,0xb0b0aff,0x9090aff,0x80808ff,0x70607ff,
0x50605ff,0x50504ff,0x30202ff,0x10102ff,0xff,0xff,0x100ff,0xff,0xff,0xff,0xff,0xff,0xff,0xff,0xff,0xff,0xff,0xff,0xff,0xff,0xff,0xff,
0xff,0xff,0xff,0xff,0x1ff,0xff,0xff,0xff,0x10101ff,0x20202ff,0x40403ff,0x50504ff,0x60606ff,0x70708ff,0x90909ff,0xa0a0aff,0xb0c0bff,0xc0d0dff,0xe0e0eff,0x10100fff,0x111011ff,0x121212ff,
0x131313ff,0x151414ff,0x161615ff,0x171717ff,0x181918ff,0x191a1aff,0x1b1b1bff,0x1c1c1cff,0x1e1e1dff,0x1f1e1fff,0x202020ff,0x212221ff,0x222323ff,0x242423ff,0x252525ff,0x262626ff,0x282728ff,0x292929ff,0x2a2a2aff,0x2b2b2cff,0x2c2d2dff,0x2d2e2dff,
0x2f2f2eff,0x303130ff,0x323131ff,0x333332ff,0x343434ff,0x353535ff,0x363637ff,0x373737ff,0x393838ff,0x3a393aff,0x3b3b3bff,0x3c3c3cff,0x3d3d3dff,0x3e3e3eff,0x40403fff,0x414041ff,0x424242ff,0x434343ff,0x444544ff,0x454546ff,0x474746ff,0x484848ff,
0x494948ff,0x4a4a49ff,0x4b4b4bff,0x4c4c4cff,0x4d4d4dff,0x4e4f4eff,0x4f4f50ff,0x515150ff,0x525151ff,0x525352ff,0x535354ff,0x555454ff,0x565655ff,0x565756ff,0x575857ff,0x595959ff,0x5a5959ff,0x5b5b5aff,0x5c5c5cff,0x5d5d5dff,0x5d5d5dff,0x5e5e5eff,
0x605f5fff,0x606060ff,0x616160ff,0x626262ff,0x636262ff,0x646463ff,0x646463ff,0x656564ff,0x656566ff,0x666666ff,0x676866ff,0x686867ff,0x686968ff,0x6a6a69ff,0x6a6a69ff,0x6b6a6aff,0x6b6b6aff,0x6c6b6bff,0x6c6c6bff,0x6d6c6cff,0x6d6d6cff,0x6d6e6dff,
0x6e6e6eff,0x6e6e6eff,0x6f6e6fff,0x6f6f6fff,0x6f6f6fff,0x707070ff,0x70706fff,0x71706fff,0x717070ff,0x707170ff,0x717170ff,0x717170ff,0x717070ff,0x717070ff,0x707170ff,0x717070ff,0x717170ff,0x717170ff,0x717070ff,0x707070ff,0x706f70ff,0x707070ff,
0x6f706fff,0x6f6f6fff,0x6e6f6eff,0x6e6e6eff,0x6e6e6eff,0x6d6e6dff,0x6d6d6dff,0x6d6d6dff,0x6c6c6bff,0x6c6b6bff,0x6b6b6bff,0x6a6a6aff,0x6a6a6aff,0x696969ff,0x696968ff,0x686868ff,0x676766ff,0x666766ff,0x666666ff,0x656565ff,0x646564ff,0x646463ff,
0x636362ff,0x626161ff,0x616161ff,0x60605fff,0x605f5fff,0x5e5e5eff,0x5e5d5dff,0x5c5c5cff,0x5b5c5bff,0x5b5a5bff,0x5a5959ff,0x595958ff,0x585758ff,0x565756ff,0x565656ff,0x555555ff,0x545453ff,0x535252ff,0x525251ff,0x515050ff,0x4f504fff,0x4e4e4eff,
0x4e4e4dff,0x4c4c4bff,0x4c4b4aff,0x4a4a4aff,0x494949ff,0x484848ff,0x474646ff,0x464645ff,0x444445ff,0x434443ff,0x434242ff,0x414141ff,0x40403fff,0x3f3e3eff,0x3d3d3dff,0x3c3c3cff,0x3b3b3aff,0x3a3a39ff,0x393939ff,0x373738ff,0x363636ff,0x353535ff,
0x343433ff,0x333333ff,0x313132ff,0x303030ff,0x2f2f2eff,0x2e2e2dff,0x2d2c2dff,0x2b2b2bff,0x2a2b2aff,0x292929ff,0x282827ff,0x262726ff,0x252525ff,0x242424ff,0x232322ff,0x212121ff,0x202020ff,0x1f1e1eff,0x1e1d1dff,0x1c1c1cff,0x1b1b1bff,0x1a1a19ff,
0x181818ff,0x171717ff,0x161616ff,0x141514ff,0x131313ff,0x121212ff,0x111111ff,0x101010ff,0xe0e0eff,0xd0d0dff,0xc0b0bff,0xa0a0aff,0x80908ff,0x80808ff,0x60606ff,0x50505ff,0x40304ff,0x20303ff,0x10101ff,0xff,0xff,0xff,
0xff,0xff,0xff,0x100ff,0xff,0xff,0xff,0xff,0x1ff,0x100ff,0xff,0x1ff,0xff,0xff,0xff,0xff,0xff,0x10000ff,0xff,0x100ff,0xff,0xff,
0x10201ff,0x20303ff,0x40404ff,0x50505ff,0x60707ff,0x80808ff,0x90a09ff,0xb0b0bff,0xc0c0cff,0xe0d0dff,0xe0e0fff,0x101010ff,0x121111ff,0x121213ff,0x141414ff,0x151616ff,0x171716ff,0x181818ff,0x191919ff,0x1a1b1bff,0x1c1c1cff,0x1d1d1dff,
0x1e1e1eff,0x1f2020ff,0x212121ff,0x222222ff,0x232323ff,0x252425ff,0x262626ff,0x272727ff,0x292928ff,0x2a2a2aff,0x2b2b2bff,0x2c2c2cff,0x2e2d2dff,0x2e2f2eff,0x303030ff,0x313131ff,0x323232ff,0x343433ff,0x353535ff,0x363636ff,0x373737ff,0x383938ff,
0x393939ff,0x3b3b3bff,0x3c3c3cff,0x3d3e3dff,0x3e3e3eff,0x3f4040ff,0x414141ff,0x424242ff,0x434343ff,0x454444ff,0x454545ff,0x464747ff,0x484848ff,0x494948ff,0x4a4a4aff,0x4b4b4bff,0x4c4c4cff,0x4d4d4dff,0x4e4e4eff,0x4f4f4fff,0x505151ff,0x525152ff,
0x535353ff,0x545453ff,0x555454ff,0x565555ff,0x575756ff,0x585757ff,0x595958ff,0x5a5a5aff,0x5b5b5bff,0x5c5b5cff,0x5d5d5dff,0x5e5e5eff,0x5f5f5fff,0x5f605fff,0x616060ff,0x616261ff,0x626262ff,0x636363ff,0x646463ff,0x656565ff,0x656565ff,0x676666ff,
0x686867ff,0x686868ff,0x696969ff,0x69696aff,0x6a6a6aff,0x6b6b6bff,0x6c6c6bff,0x6c6c6bff,0x6c6d6cff,0x6d6d6dff,0x6e6e6dff,0x6f6e6eff,0x6e6f6fff,0x6f6f6eff,0x706f6fff,0x70706fff,0x717070ff,0x707171ff,0x717171ff,0x727271ff,0x727272ff,0x727271ff,
0x727272ff,0x737272ff,0x737372ff,0x727372ff,0x727272ff,0x727272ff,0x727272ff,0x727272ff,0x727271ff,0x727272ff,0x737272ff,0x727271ff,0x717171ff,0x717171ff,0x717271ff,0x717171ff,0x717070ff,0x71706fff,0x70706fff,0x706f6eff,0x6f6f6eff,0x6f6e6eff,
0x6d6e6eff,0x6d6d6dff,0x6d6d6dff,0x6c6c6cff,0x6b6c6bff,0x6b6b6aff,0x6a6a69ff,0x6a6969ff,0x696969ff,0x686868ff,0x676767ff,0x676666ff,0x656665ff,0x656565ff,0x646464ff,0x636363ff,0x626362ff,0x616261ff,0x616060ff,0x60605fff,0x5e5e5eff,0x5e5e5dff,
0x5c5d5cff,0x5c5c5bff,0x5b5b5bff,0x5a5a59ff,0x595959ff,0x585757ff,0x575756ff,0x565655ff,0x555555ff,0x545454ff,0x535352ff,0x525251ff,0x505051ff,0x504f50ff,0x4e4f4eff,0x4d4d4dff,0x4c4c4cff,0x4b4b4bff,0x4a4a4aff,0x494948ff,0x484848ff,0x464646ff,
0x464545ff,0x454444ff,0x434343ff,0x424242ff,0x414041ff,0x403f3fff,0x3f3e3eff,0x3d3d3dff,0x3c3c3cff,0x3b3b3bff,0x3a3a39ff,0x393938ff,0x373737ff,0x363636ff,0x353535ff,0x333333ff,0x323332ff,0x313131ff,0x30302fff,0x2e2e2fff,0x2d2d2dff,0x2c2c2bff,
0x2b2b2bff,0x2a2a29ff,0x282828ff,0x272727ff,0x262626ff,0x252524ff,0x232323ff,0x232222ff,0x212121ff,0x1f2020ff,0x1e1e1eff,0x1d1d1dff,0x1c1c1bff,0x1b1a1aff,0x191919ff,0x171817ff,0x171716ff,0x151616ff,0x141414ff,0x131313ff,0x121111ff,0x101010ff,
0xf0f0fff,0xd0d0eff,0xc0c0cff,0xb0a0bff,0x90909ff,0x90808ff,0x70607ff,0x60505ff,0x40404ff,0x20303ff,0x10201ff,0x10000ff,0x1ff,0xff,0x10000ff,0x100ff,0xff,0xff,0x100ff,0x10000ff,0xff,0xff,
0xff,0x100ff,0xff,0x10000ff,0xff,0xff,0xff,0xff,0xff,0xff,0x1ff,0xff,0xff,0x101ff,0x20203ff,0x30304ff,0x50504ff,0x60607ff,0x80707ff,0x90909ff,0xa0a0aff,0xc0b0bff,
0xd0d0dff,0xe0e0eff,0xf0f0fff,0x111010ff,0x121212ff,0x141413ff,0x141414ff,0x161616ff,0x171717ff,0x191818ff,0x1a1a1aff,0x1b1b1aff,0x1c1d1cff,0x1e1e1eff,0x1f1f1fff,0x212121ff,0x222121ff,0x232323ff,0x242424ff,0x262625ff,0x272726ff,0x282828ff,
0x292929ff,0x2a2b2bff,0x2b2c2cff,0x2d2d2dff,0x2e2e2eff,0x30302fff,0x313131ff,0x323232ff,0x333333ff,0x343534ff,0x363636ff,0x373637ff,0x383838ff,0x39393aff,0x3a3a3bff,0x3c3c3bff,0x3d3d3dff,0x3e3e3eff,0x3f403fff,0x414041ff,0x414242ff,0x434342ff,
0x444444ff,0x464545ff,0x464746ff,0x484848ff,0x494948ff,0x494a49ff,0x4b4b4bff,0x4c4c4cff,0x4d4d4dff,0x4e4f4eff,0x4f5050ff,0x505050ff,0x525251ff,0x525353ff,0x545454ff,0x555555ff,0x565656ff,0x575757ff,0x585858ff,0x5a5959ff,0x5a5a5aff,0x5b5b5bff,
0x5c5c5cff,0x5d5d5dff,0x5e5e5eff,0x5f5f5fff,0x60605fff,0x616161ff,0x626262ff,0x636363ff,0x636463ff,0x656564ff,0x656666ff,0x666666ff,0x676767ff,0x686868ff,0x686868ff,0x6a6a69ff,0x6b6a6aff,0x6b6b6bff,0x6c6c6bff,0x6d6c6cff,0x6d6d6cff,0x6e6e6dff,
0x6e6f6eff,0x6f6f6eff,0x6f6f6fff,0x707070ff,0x717170ff,0x717171ff,0x727171ff,0x727271ff,0x727272ff,0x737372ff,0x737373ff,0x737373ff,0x747473ff,0x737474ff,0x747474ff,0x747474ff,0x747474ff,0x747474ff,0x747574ff,0x757474ff,0x747474ff,0x757574ff,
0x747473ff,0x747474ff,0x747474ff,0x737373ff,0x737373ff,0x737372ff,0x737373ff,0x727373ff,0x737272ff,0x717272ff,0x727171ff,0x717170ff,0x707170ff,0x707070ff,0x70706fff,0x6f6f6fff,0x6f6f6eff,0x6d6d6eff,0x6d6e6dff,0x6d6d6cff,0x6c6c6bff,0x6b6b6aff,
0x6b6a6aff,0x6a6969ff,0x696868ff,0x686868ff,0x676867ff,0x666666ff,0x656565ff,0x646564ff,0x646463ff,0x636263ff,0x626261ff,0x616161ff,0x606060ff,0x5f5f5fff,0x5e5e5eff,0x5d5d5dff,0x5c5d5cff,0x5b5b5bff,0x5a5a59ff,0x595959ff,0x585858ff,0x575756ff,
0x565656ff,0x555455ff,0x545454ff,0x535353ff,0x525252ff,0x515150ff,0x4f4f4fff,0x4e4e4eff,0x4d4d4dff,0x4c4c4cff,0x4b4b4bff,0x4a4a4aff,0x494949ff,0x474748ff,0x464646ff,0x454545ff,0x444444ff,0x434342ff,0x424241ff,0x404140ff,0x3f3f40ff,0x3f3e3eff,
0x3c3d3dff,0x3c3b3bff,0x3a3a3aff,0x393939ff,0x393838ff,0x363737ff,0x353536ff,0x343435ff,0x333333ff,0x323232ff,0x313130ff,0x2f2f30ff,0x2e2e2eff,0x2c2d2dff,0x2b2c2bff,0x2b2b2aff,0x292929ff,0x282828ff,0x272726ff,0x262625ff,0x242524ff,0x232223ff,
0x212222ff,0x202020ff,0x1f201fff,0x1e1e1dff,0x1c1c1dff,0x1b1b1bff,0x1a1a1aff,0x191818ff,0x171717ff,0x161616ff,0x151414ff,0x131314ff,0x121212ff,0x101111ff,0x100f0fff,0xe0e0eff,0xc0c0dff,0xb0c0cff,0xa0a0aff,0x80909ff,0x70708ff,0x60606ff,
0x50505ff,0x40403ff,0x20203ff,0x10101ff,0xff,0xff,0xff,0xff,0xff,0xff,0xff,0xff,0xff,0x100ff,0xff,0xff,0xff,0xff,0xff,0xff,0x1ff,0xff,
0xff,0xff,0xff,0xff,0xff,0x10201ff,0x20302ff,0x40404ff,0x60505ff,0x70607ff,0x80808ff,0x90a09ff,0xa0a0aff,0xc0c0cff,0xd0d0eff,0xe0f0eff,0x101010ff,0x111211ff,0x131213ff,0x141414ff,0x151515ff,0x171717ff,
0x181818ff,0x191919ff,0x1a1b1bff,0x1c1c1cff,0x1d1d1dff,0x1e1f1eff,0x202020ff,0x212121ff,0x222222ff,0x232324ff,0x252525ff,0x262626ff,0x272727ff,0x292929ff,0x2a2a29ff,0x2b2b2bff,0x2d2c2cff,0x2e2d2dff,0x2f2f2fff,0x303030ff,0x323132ff,0x333333ff,
0x343434ff,0x353535ff,0x363736ff,0x383838ff,0x393939ff,0x3a3a3aff,0x3b3b3bff,0x3c3d3dff,0x3e3e3dff,0x3f3f3fff,0x404040ff,0x414141ff,0x434343ff,0x444443ff,0x454544ff,0x474746ff,0x474748ff,0x484849ff,0x4a4a4aff,0x4a4b4bff,0x4c4c4cff,0x4d4d4dff,
0x4e4e4eff,0x504f4fff,0x505151ff,0x525251ff,0x535353ff,0x545454ff,0x555655ff,0x565656ff,0x575757ff,0x595958ff,0x595959ff,0x5b5b5aff,0x5c5b5bff,0x5d5d5cff,0x5d5e5dff,0x5f5f5eff,0x60605fff,0x616060ff,0x616161ff,0x636262ff,0x636463ff,0x656464ff,
0x666565ff,0x666666ff,0x676766ff,0x686867ff,0x696868ff,0x696a69ff,0x6a6b6aff,0x6b6b6bff,0x6b6c6bff,0x6d6c6dff,0x6d6d6dff,0x6e6e6eff,0x6f6f6eff,0x70706fff,0x707070ff,0x717170ff,0x717171ff,0x727272ff,0x737271ff,0x727372ff,0x737372ff,0x747473ff,
0x747474ff,0x757574ff,0x747575ff,0x757575ff,0x757574ff,0x767675ff,0x767675ff,0x767676ff,0x767675ff,0x767676ff,0x777676ff,0x767776ff,0x777676ff,0x767676ff,0x767676ff,0x767676ff,0x767575ff,0x757675ff,0x757575ff,0x757575ff,0x757474ff,0x747574ff,
0x747474ff,0x747473ff,0x737472ff,0x727372ff,0x737372ff,0x727272ff,0x717271ff,0x717070ff,0x707070ff,0x70706fff,0x6f6f6eff,0x6e6e6dff,0x6d6e6cff,0x6c6c6cff,0x6c6c6cff,0x6b6b6aff,0x6a6b6aff,0x6a6969ff,0x696968ff,0x686868ff,0x676766ff,0x666666ff,
0x656564ff,0x646463ff,0x636363ff,0x626262ff,0x626161ff,0x606160ff,0x5f5f5fff,0x5f5f5eff,0x5e5d5dff,0x5d5d5cff,0x5b5c5bff,0x5b5a5aff,0x595959ff,0x585858ff,0x575757ff,0x565655ff,0x555555ff,0x545454ff,0x535353ff,0x525152ff,0x505150ff,0x4f4f4fff,
0x4f4e4eff,0x4d4d4dff,0x4c4c4bff,0x4b4b4bff,0x4a494aff,0x494848ff,0x484747ff,0x464646ff,0x454645ff,0x444444ff,0x434343ff,0x424141ff,0x404040ff,0x3f3f3fff,0x3e3e3dff,0x3d3d3cff,0x3b3b3bff,0x3a3a3aff,0x393939ff,0x373837ff,0x363736ff,0x353535ff,
0x343434ff,0x333332ff,0x313131ff,0x303030ff,0x2f2f2fff,0x2e2e2eff,0x2c2d2dff,0x2b2b2bff,0x2a2a2aff,0x292929ff,0x282827ff,0x262626ff,0x252425ff,0x242423ff,0x222323ff,0x212121ff,0x202020ff,0x1f1e1fff,0x1d1d1dff,0x1c1c1cff,0x1b1a1aff,0x1a1919ff,
0x181818ff,0x161717ff,0x151515ff,0x131414ff,0x131213ff,0x121112ff,0x101010ff,0xf0f0eff,0xe0d0dff,0xc0c0cff,0xb0b0aff,0x90909ff,0x80808ff,0x70707ff,0x50606ff,0x40404ff,0x30202ff,0x10201ff,0xff,0xff,0x100ff,0xff,
0xff,0x100ff,0xff,0xff,0xff,0xff,0xff,0xff,0xff,0xff,0x1ff,0xff,0x10000ff,0xff,0xff,0xff,0xff,0xff,0x100ff,0x20202ff,0x30403ff,0x50404ff,
0x60606ff,0x70807ff,0x90809ff,0xa0a0aff,0xb0c0bff,0xd0d0dff,0xe0e0eff,0xf0f0fff,0x101110ff,0x121212ff,0x131313ff,0x141414ff,0x161616ff,0x171717ff,0x191919ff,0x1a1a1aff,0x1b1b1bff,0x1c1d1dff,0x1e1e1eff,0x1f1f1fff,0x212020ff,0x222222ff,
0x232323ff,0x252424ff,0x252625ff,0x272726ff,0x282928ff,0x2a2a29ff,0x2b2b2aff,0x2c2c2cff,0x2e2d2dff,0x2f2f2eff,0x303030ff,0x313131ff,0x333332ff,0x343333ff,0x353535ff,0x363636ff,0x373737ff,0x393839ff,0x3a3a3aff,0x3b3b3bff,0x3c3c3dff,0x3e3d3dff,
0x3f3f3eff,0x404040ff,0x414141ff,0x424342ff,0x444344ff,0x454544ff,0x464646ff,0x484747ff,0x484948ff,0x4a4a49ff,0x4b4b4aff,0x4c4b4cff,0x4d4d4dff,0x4e4f4eff,0x504f50ff,0x515150ff,0x525152ff,0x535353ff,0x545454ff,0x555555ff,0x575655ff,0x575757ff,
0x585858ff,0x5a5959ff,0x5b5b5bff,0x5c5b5bff,0x5d5d5cff,0x5e5e5eff,0x5f5e5eff,0x60605fff,0x606061ff,0x616261ff,0x636262ff,0x646464ff,0x656564ff,0x666665ff,0x666767ff,0x686867ff,0x696868ff,0x696969ff,0x6a6a6aff,0x6b6b6aff,0x6c6c6bff,0x6d6d6cff,
0x6e6e6dff,0x6f6e6eff,0x6f6f6fff,0x706f6fff,0x707170ff,0x727171ff,0x717172ff,0x737372ff,0x737373ff,0x747373ff,0x747474ff,0x747574ff,0x757574ff,0x767575ff,0x767675ff,0x777775ff,0x777776ff,0x777776ff,0x787777ff,0x787777ff,0x787777ff,0x777877ff,
0x787877ff,0x787878ff,0x787877ff,0x787877ff,0x787877ff,0x787878ff,0x787878ff,0x787778ff,0x777878ff,0x777777ff,0x777877ff,0x777776ff,0x777776ff,0x767676ff,0x767675ff,0x757575ff,0x757574ff,0x757474ff,0x747474ff,0x747473ff,0x737373ff,0x727272ff,
0x727272ff,0x717170ff,0x717070ff,0x70706fff,0x6f6f6fff,0x6e6f6eff,0x6d6d6dff,0x6d6d6cff,0x6c6c6bff,0x6c6b6bff,0x6a6a6aff,0x696968ff,0x686869ff,0x686767ff,0x666766ff,0x666666ff,0x646464ff,0x636464ff,0x636363ff,0x626262ff,0x616061ff,0x60605fff,
0x5f5f5fff,0x5e5e5dff,0x5d5d5cff,0x5b5b5bff,0x5b5a5bff,0x5a595aff,0x585858ff,0x585757ff,0x565656ff,0x555555ff,0x545454ff,0x535253ff,0x525252ff,0x505150ff,0x4f504fff,0x4e4f4eff,0x4d4d4cff,0x4c4c4cff,0x4b4b4bff,0x494949ff,0x494948ff,0x474747ff,
0x464646ff,0x454544ff,0x434344ff,0x434242ff,0x424141ff,0x40403fff,0x3f3f3fff,0x3e3e3dff,0x3c3c3cff,0x3b3b3bff,0x3a393aff,0x393839ff,0x383737ff,0x363636ff,0x343535ff,0x343433ff,0x323333ff,0x323131ff,0x303030ff,0x2f2f2eff,0x2d2d2dff,0x2c2c2bff,
0x2b2b2aff,0x2a2929ff,0x282828ff,0x272727ff,0x262526ff,0x252424ff,0x232323ff,0x212221ff,0x212120ff,0x1f1f1fff,0x1e1e1dff,0x1c1c1cff,0x1b1b1bff,0x1a1a19ff,0x181819ff,0x171817ff,0x161616ff,0x151515ff,0x131314ff,0x121212ff,0x101010ff,0xf1010ff,
0xe0e0eff,0xd0d0dff,0xb0c0bff,0xa0a0aff,0x80908ff,0x80708ff,0x60606ff,0x50405ff,0x40403ff,0x20202ff,0x101ff,0xff,0x1ff,0xff,0xff,0xff,0x10000ff,0x1ff,0xff,0x10000ff,0xff,0xff,
0x10000ff,0xff,0xff,0xff,0xff,0xff,0x10000ff,0xff,0xff,0xff,0x10102ff,0x30302ff,0x40404ff,0x50506ff,0x60706ff,0x70808ff,0x90909ff,0xb0b0aff,0xc0c0cff,0xd0d0dff,0xf0e0eff,0x101010ff,
0x111211ff,0x131313ff,0x141414ff,0x151515ff,0x171616ff,0x181818ff,0x191919ff,0x1b1a1aff,0x1c1c1cff,0x1d1d1dff,0x1f1e1fff,0x20201fff,0x222121ff,0x222222ff,0x242424ff,0x252525ff,0x262726ff,0x282727ff,0x292928ff,0x2a2b2aff,0x2c2b2cff,0x2c2c2dff,
0x2f2e2eff,0x2f2f2fff,0x303130ff,0x323232ff,0x333333ff,0x343434ff,0x363536ff,0x373737ff,0x383838ff,0x393939ff,0x3b3b3bff,0x3c3c3cff,0x3d3d3cff,0x3f3f3fff,0x3f3f3fff,0x414140ff,0x434242ff,0x444343ff,0x444544ff,0x464546ff,0x474747ff,0x484948ff,
0x4a4949ff,0x4b4b4bff,0x4c4c4cff,0x4d4d4dff,0x4e4e4eff,0x4f4f4fff,0x505050ff,0x525251ff,0x535352ff,0x545454ff,0x555555ff,0x575656ff,0x585757ff,0x585858ff,0x5a5959ff,0x5b5b5bff,0x5c5c5cff,0x5d5d5dff,0x5d5e5eff,0x5f5f5eff,0x606060ff,0x616160ff,
0x636261ff,0x636362ff,0x646464ff,0x656664ff,0x666665ff,0x676767ff,0x686867ff,0x696969ff,0x6a6a69ff,0x6b6b6bff,0x6c6c6bff,0x6c6c6cff,0x6e6d6dff,0x6f6f6dff,0x706f6eff,0x70706fff,0x717170ff,0x717171ff,0x727371ff,0x737372ff,0x737473ff,0x747474ff,
0x757474ff,0x767574ff,0x767576ff,0x777676ff,0x777776ff,0x777777ff,0x787877ff,0x787878ff,0x797978ff,0x797979ff,0x797978ff,0x797978ff,0x7a7979ff,0x7a7a79ff,0x7a7a7aff,0x7a7a7aff,0x7a7a7aff,0x7a7a79ff,0x7a7a79ff,0x7a7a7aff,0x7a7a79ff,0x7a7979ff,
0x7a7a79ff,0x797979ff,0x797a79ff,0x797979ff,0x797978ff,0x787878ff,0x787878ff,0x787877ff,0x777676ff,0x767676ff,0x767675ff,0x757675ff,0x757474ff,0x747474ff,0x747473ff,0x727373ff,0x727271ff,0x727271ff,0x717170ff,0x70706fff,0x6f706eff,0x6e6f6eff,
0x6e6d6dff,0x6d6d6cff,0x6c6c6bff,0x6b6b6aff,0x6a6a69ff,0x696969ff,0x686867ff,0x676767ff,0x666665ff,0x666565ff,0x646464ff,0x636362ff,0x626262ff,0x616161ff,0x606060ff,0x5f5f5fff,0x5e5e5eff,0x5d5c5dff,0x5c5c5cff,0x5b5b5bff,0x5a5a59ff,0x595858ff,
0x585757ff,0x575656ff,0x555554ff,0x545454ff,0x535352ff,0x515252ff,0x515150ff,0x50504fff,0x4f4e4eff,0x4d4d4dff,0x4b4c4cff,0x4a4b4aff,0x4a4a49ff,0x484848ff,0x474746ff,0x464645ff,0x444544ff,0x434343ff,0x424242ff,0x414141ff,0x404040ff,0x3e3f3eff,
0x3d3d3dff,0x3c3c3cff,0x3b3b3aff,0x3a3a3aff,0x383838ff,0x373737ff,0x353536ff,0x353434ff,0x333333ff,0x323232ff,0x313130ff,0x30302fff,0x2e2e2eff,0x2c2d2dff,0x2b2c2bff,0x2a2a2aff,0x292929ff,0x282827ff,0x262627ff,0x252525ff,0x242424ff,0x232222ff,
0x212121ff,0x202020ff,0x1e1e1eff,0x1d1d1dff,0x1c1c1cff,0x1b1a1bff,0x191919ff,0x181818ff,0x171617ff,0x161515ff,0x141414ff,0x121213ff,0x111211ff,0x101010ff,0xe0f0fff,0xd0d0dff,0xc0c0cff,0xb0b0aff,0xa0909ff,0x80808ff,0x60706ff,0x50505ff,
0x30404ff,0x30303ff,0x20201ff,0xff,0xff,0xff,0xff,0xff,0x10000ff,0xff,0xff,0x100ff,0xff,0x100ff,0xff,0x101ff,0xff,0x100ff,0x10000ff,0xff,0xff,0xff,
0xff,0x101ff,0x20201ff,0x30303ff,0x50504ff,0x60506ff,0x70707ff,0x80809ff,0xa0a0aff,0xb0b0bff,0xc0c0cff,0xe0e0eff,0x100f0fff,0x111110ff,0x121212ff,0x141313ff,0x141414ff,0x161615ff,0x171717ff,0x191918ff,0x1a1a1aff,0x1b1c1cff,
0x1d1d1cff,0x1e1e1eff,0x1f1f1fff,0x212021ff,0x222222ff,0x232323ff,0x242424ff,0x262625ff,0x272727ff,0x282928ff,0x2a2929ff,0x2b2b2bff,0x2c2c2cff,0x2d2e2dff,0x2f2f2fff,0x303030ff,0x313232ff,0x323332ff,0x343434ff,0x353635ff,0x373736ff,0x383837ff,
0x393939ff,0x3a3a3aff,0x3c3b3cff,0x3d3d3dff,0x3e3e3dff,0x40403fff,0x414141ff,0x414242ff,0x434342ff,0x454444ff,0x454546ff,0x464746ff,0x484848ff,0x494949ff,0x4b4b4aff,0x4b4c4bff,0x4d4d4cff,0x4e4e4eff,0x4f4f4fff,0x505050ff,0x525151ff,0x535352ff,
0x545454ff,0x555555ff,0x565656ff,0x575757ff,0x595958ff,0x5a595aff,0x5b5b5aff,0x5c5c5cff,0x5d5d5dff,0x5e5e5eff,0x605f5fff,0x606060ff,0x616161ff,0x636262ff,0x646463ff,0x656464ff,0x666665ff,0x676666ff,0x686867ff,0x696868ff,0x696969ff,0x6a6a6aff,
0x6c6c6bff,0x6c6d6cff,0x6d6d6dff,0x6e6e6dff,0x6f6f6eff,0x70706fff,0x707171ff,0x727171ff,0x727372ff,0x737373ff,0x747474ff,0x747574ff,0x757675ff,0x767676ff,0x777776ff,0x777777ff,0x777878ff,0x787878ff,0x787978ff,0x797979ff,0x7a7a7aff,0x7a7a7aff,
0x7a7b7aff,0x7a7a7aff,0x7b7b7bff,0x7b7b7bff,0x7c7b7bff,0x7c7b7bff,0x7b7c7bff,0x7c7c7bff,0x7c7c7cff,0x7c7c7cff,0x7c7c7cff,0x7c7c7bff,0x7c7c7bff,0x7c7c7bff,0x7b7c7bff,0x7b7b7bff,0x7b7b7bff,0x7a7a7aff,0x7b7a7aff,0x7a7a7aff,0x7a7a79ff,0x7a7a79ff,
0x787979ff,0x787878ff,0x777877ff,0x777776ff,0x767676ff,0x767676ff,0x757574ff,0x757574ff,0x737474ff,0x737373ff,0x727272ff,0x727172ff,0x717071ff,0x70706fff,0x6f6f6eff,0x6e6e6eff,0x6d6e6cff,0x6d6c6cff,0x6b6c6bff,0x6b6b6aff,0x6a6969ff,0x696868ff,
0x686867ff,0x676766ff,0x666665ff,0x656564ff,0x646363ff,0x636262ff,0x626161ff,0x606060ff,0x5f605fff,0x5e5f5dff,0x5d5d5dff,0x5b5c5cff,0x5b5b5bff,0x5a5959ff,0x595858ff,0x585757ff,0x575756ff,0x555554ff,0x545453ff,0x535353ff,0x515151ff,0x505050ff,
0x4f504eff,0x4e4e4eff,0x4c4d4cff,0x4c4c4bff,0x4a4a4aff,0x494949ff,0x484847ff,0x474646ff,0x464645ff,0x444444ff,0x434343ff,0x414241ff,0x414040ff,0x3f3f3fff,0x3e3e3dff,0x3d3d3dff,0x3c3c3bff,0x3a3a3aff,0x393939ff,0x383837ff,0x373636ff,0x363635ff,
0x343334ff,0x333333ff,0x313132ff,0x303130ff,0x2f2f2fff,0x2d2e2dff,0x2d2c2cff,0x2b2b2bff,0x2a2a2aff,0x292929ff,0x282727ff,0x252525ff,0x242425ff,0x232323ff,0x212221ff,0x202120ff,0x1f1f1fff,0x1e1e1eff,0x1d1d1dff,0x1b1b1bff,0x1a1a19ff,0x191919ff,
0x171717ff,0x161616ff,0x141515ff,0x131413ff,0x121212ff,0x101011ff,0xf0f0fff,0xe0e0dff,0xd0c0dff,0xb0c0bff,0xa0a0aff,0x90908ff,0x70708ff,0x50605ff,0x50405ff,0x30303ff,0x20202ff,0x10101ff,0x100ff,0xff,0xff,0x10000ff,
0xff,0xff,0x100ff,0xff,0x100ff,0xff,0xff,0xff,0xff,0xff,0xff,0x10000ff,0xff,0xff,0xff,0x10101ff,0x20202ff,0x40304ff,0x50505ff,0x60606ff,0x80808ff,0x90909ff,
0xa0a0aff,0xb0c0cff,0xd0d0eff,0xf0f0eff,0xf1010ff,0x111111ff,0x131212ff,0x141414ff,0x151515ff,0x171717ff,0x181818ff,0x19191aff,0x1b1b1bff,0x1c1c1bff,0x1e1d1dff,0x1e1f1fff,0x202020ff,0x212121ff,0x232323ff,0x232323ff,0x252525ff,0x262727ff,
0x282728ff,0x2a2929ff,0x2a2a2aff,0x2c2c2cff,0x2d2d2dff,0x2e2e2eff,0x2f2f30ff,0x313130ff,0x323232ff,0x343333ff,0x353535ff,0x363636ff,0x373737ff,0x393938ff,0x393a3aff,0x3b3b3bff,0x3c3c3cff,0x3e3e3dff,0x3f3f3fff,0x414040ff,0x414241ff,0x434343ff,
0x444444ff,0x454545ff,0x474746ff,0x484847ff,0x494948ff,0x4a4a4aff,0x4b4c4bff,0x4c4c4cff,0x4e4e4dff,0x4f4f4fff,0x515150ff,0x515251ff,0x535352ff,0x535454ff,0x555554ff,0x565656ff,0x575757ff,0x595858ff,0x595959ff,0x5b5a5aff,0x5c5c5cff,0x5e5d5cff,
0x5e5e5dff,0x605f5fff,0x606060ff,0x616261ff,0x636262ff,0x636463ff,0x656565ff,0x666665ff,0x676766ff,0x686868ff,0x696968ff,0x6a6a69ff,0x6b6b6bff,0x6c6c6bff,0x6d6d6dff,0x6e6e6eff,0x6f6f6eff,0x6f6f70ff,0x707070ff,0x717271ff,0x737272ff,0x737373ff,
0x747373ff,0x757574ff,0x757675ff,0x767675ff,0x777776ff,0x777877ff,0x797877ff,0x797978ff,0x7a7a79ff,0x7a7a79ff,0x7a7b7aff,0x7b7b7aff,0x7c7c7bff,0x7b7c7cff,0x7c7c7cff,0x7c7d7dff,0x7d7d7cff,0x7e7e7dff,0x7e7e7dff,0x7e7d7dff,0x7e7d7dff,0x7e7d7dff,
0x7e7d7dff,0x7e7e7eff,0x7e7e7eff,0x7d7e7dff,0x7e7e7eff,0x7d7d7dff,0x7e7d7dff,0x7d7d7cff,0x7d7c7dff,0x7d7c7cff,0x7c7c7bff,0x7c7c7cff,0x7c7c7bff,0x7b7b7bff,0x7a7b7aff,0x7a7b7aff,0x797a78ff,0x787978ff,0x787877ff,0x777877ff,0x777776ff,0x767676ff,
0x757675ff,0x747574ff,0x747474ff,0x737373ff,0x727272ff,0x717172ff,0x707170ff,0x70706fff,0x6e6f6fff,0x6e6e6dff,0x6d6d6cff,0x6c6b6bff,0x6b6b6bff,0x6a6a6aff,0x696969ff,0x676867ff,0x676766ff,0x656665ff,0x646565ff,0x646464ff,0x626363ff,0x616161ff,
0x606060ff,0x5f5f5fff,0x5e5e5dff,0x5d5e5dff,0x5c5c5bff,0x5b5b5aff,0x5a5a59ff,0x585959ff,0x575757ff,0x575756ff,0x555554ff,0x545453ff,0x535252ff,0x525151ff,0x515050ff,0x4e4f4eff,0x4e4e4eff,0x4c4c4cff,0x4b4b4bff,0x4b4a49ff,0x494949ff,0x484847ff,
0x464746ff,0x454645ff,0x444443ff,0x434343ff,0x414241ff,0x404040ff,0x3f3f3eff,0x3d3e3eff,0x3d3c3cff,0x3b3b3bff,0x3a3a39ff,0x393939ff,0x373837ff,0x363636ff,0x353535ff,0x343434ff,0x323232ff,0x313131ff,0x302f2fff,0x2e2e2eff,0x2d2d2dff,0x2b2b2cff,
0x2a2b2aff,0x292929ff,0x282728ff,0x262726ff,0x252525ff,0x242424ff,0x222323ff,0x222121ff,0x20201fff,0x1f1f1eff,0x1d1e1dff,0x1c1c1cff,0x1b1a1bff,0x191919ff,0x181818ff,0x161617ff,0x151515ff,0x141414ff,0x131213ff,0x111112ff,0x101010ff,0xe0e0eff,
0xe0d0dff,0xc0c0cff,0xa0b0bff,0x90909ff,0x80808ff,0x70606ff,0x50505ff,0x40404ff,0x20302ff,0x10101ff,0xff,0xff,0xff,0x100ff,0xff,0x1ff,0xff,0xff,0x100ff,0xff,0xff,0x100ff,
0xff,0xff,0xff,0xff,0xff,0xff,0x10000ff,0x10101ff,0x20303ff,0x50404ff,0x50605ff,0x70707ff,0x90808ff,0xa0a0aff,0xb0b0bff,0xc0d0cff,0xe0e0eff,0xf0f0fff,0x111011ff,0x121212ff,0x131313ff,0x151514ff,
0x161616ff,0x171717ff,0x191918ff,0x1a1a1aff,0x1b1c1bff,0x1d1d1cff,0x1e1e1eff,0x202020ff,0x212121ff,0x222122ff,0x232323ff,0x242425ff,0x262626ff,0x272727ff,0x282828ff,0x2a2a29ff,0x2b2b2bff,0x2c2c2cff,0x2d2e2dff,0x2f2f2fff,0x303030ff,0x323232ff,
0x333333ff,0x343434ff,0x363635ff,0x373737ff,0x393838ff,0x3a3a3aff,0x3a3b3bff,0x3c3c3bff,0x3e3d3dff,0x3f3e3eff,0x403f40ff,0x414141ff,0x434342ff,0x434443ff,0x454445ff,0x464646ff,0x474747ff,0x484948ff,0x4a4a4aff,0x4b4b4aff,0x4c4c4cff,0x4d4d4eff,
0x4f4f4fff,0x505050ff,0x515151ff,0x535252ff,0x535354ff,0x555555ff,0x565655ff,0x575756ff,0x595958ff,0x595a5aff,0x5b5b5aff,0x5c5c5cff,0x5d5d5cff,0x5f5f5eff,0x5f5f5fff,0x606160ff,0x626161ff,0x626362ff,0x646364ff,0x656564ff,0x666666ff,0x676767ff,
0x686868ff,0x696969ff,0x6b6b6aff,0x6b6c6bff,0x6c6d6cff,0x6d6d6dff,0x6f6e6eff,0x6f6f6fff,0x707070ff,0x727171ff,0x727272ff,0x737372ff,0x747473ff,0x757575ff,0x757675ff,0x777676ff,0x777777ff,0x787877ff,0x797878ff,0x797979ff,0x7a7a79ff,0x7b7b7bff,
0x7c7b7bff,0x7c7c7bff,0x7d7c7cff,0x7d7d7dff,0x7d7d7dff,0x7e7e7eff,0x7e7e7eff,0x7f7f7eff,0x7e7e7eff,0x7f807fff,0x7f7f7fff,0x7f7f7fff,0x80807fff,0x807f7fff,0x80807fff,0x80807fff,0x80807fff,0x807f80ff,0x80807fff,0x807f7fff,0x7f7f7eff,0x7f7f7fff,
0x7f7f7eff,0x7f7f7eff,0x7e7e7eff,0x7d7e7eff,0x7d7d7dff,0x7d7d7dff,0x7c7d7cff,0x7c7c7bff,0x7b7b7bff,0x7b7b7aff,0x7a7a7aff,0x797979ff,0x797978ff,0x787878ff,0x787777ff,0x767676ff,0x767675ff,0x757574ff,0x747474ff,0x737373ff,0x727272ff,0x727171ff,
0x707070ff,0x6f6f6fff,0x6e6f6eff,0x6e6e6dff,0x6c6d6cff,0x6b6c6bff,0x6b6a6aff,0x696a69ff,0x696868ff,0x676867ff,0x666666ff,0x656564ff,0x646464ff,0x636363ff,0x616162ff,0x606160ff,0x5f5f5fff,0x5f5e5eff,0x5d5d5dff,0x5c5c5cff,0x5a5a5aff,0x5a5a5aff,
0x585958ff,0x575857ff,0x565656ff,0x555555ff,0x545453ff,0x525253ff,0x525151ff,0x505050ff,0x4e4f4eff,0x4e4d4dff,0x4c4c4cff,0x4b4c4bff,0x4a4a4aff,0x484949ff,0x474747ff,0x464646ff,0x454545ff,0x444444ff,0x424242ff,0x414141ff,0x40403fff,0x3e3f3fff,
0x3e3d3dff,0x3c3c3cff,0x3a3b3aff,0x393939ff,0x383838ff,0x363637ff,0x363535ff,0x343534ff,0x333233ff,0x323232ff,0x303130ff,0x2f2f2fff,0x2e2d2eff,0x2d2d2cff,0x2b2b2bff,0x2a2a2aff,0x282828ff,0x272727ff,0x262625ff,0x252524ff,0x232323ff,0x222221ff,
0x212020ff,0x201f20ff,0x1e1e1eff,0x1d1d1dff,0x1c1b1bff,0x1a1a1aff,0x181819ff,0x171717ff,0x161615ff,0x141414ff,0x131313ff,0x111212ff,0x111110ff,0xf0f0fff,0xe0e0dff,0xc0d0cff,0xc0b0aff,0xa090aff,0x80909ff,0x70707ff,0x60506ff,0x40404ff,
0x20202ff,0x10201ff,0xff,0xff,0xff,0xff,0xff,0xff,0xff,0xff,0xff,0xff,0xff,0xff,0x10000ff,0xff,0xff,0xff,0x10000ff,0xff,0x100ff,0x20302ff,
0x30304ff,0x40504ff,0x60606ff,0x70807ff,0x80908ff,0xa0b0aff,0xc0b0bff,0xd0d0dff,0xe0e0eff,0x101010ff,0x111111ff,0x121312ff,0x141414ff,0x151515ff,0x161716ff,0x181817ff,0x191919ff,0x1a1b1aff,0x1c1c1cff,0x1d1d1dff,0x1f1e1fff,0x20201fff,
0x222122ff,0x222222ff,0x242424ff,0x252525ff,0x272726ff,0x282828ff,0x292929ff,0x2a2b2aff,0x2c2c2cff,0x2d2e2dff,0x2f2e2eff,0x303030ff,0x323131ff,0x323232ff,0x333433ff,0x353535ff,0x363636ff,0x383737ff,0x383939ff,0x3a3a3aff,0x3c3c3bff,0x3c3d3cff,
0x3e3e3dff,0x3f3f40ff,0x404040ff,0x424242ff,0x434343ff,0x454544ff,0x464645ff,0x474747ff,0x494948ff,0x494a49ff,0x4b4b4aff,0x4c4c4cff,0x4d4d4dff,0x4f4f4eff,0x50504fff,0x515151ff,0x525252ff,0x535453ff,0x555454ff,0x565556ff,0x575757ff,0x585858ff,
0x5a5a59ff,0x5b5a5aff,0x5c5b5bff,0x5d5d5dff,0x5e5e5eff,0x5f605fff,0x606160ff,0x616161ff,0x636363ff,0x646463ff,0x666565ff,0x676666ff,0x676767ff,0x696968ff,0x696969ff,0x6b6a6aff,0x6c6c6bff,0x6d6d6dff,0x6d6e6dff,0x6f6e6eff,0x6f7070ff,0x717171ff,
0x727272ff,0x737372ff,0x747373ff,0x757574ff,0x757675ff,0x767676ff,0x777777ff,0x787878ff,0x787978ff,0x7a7a7aff,0x7b7a7aff,0x7b7b7bff,0x7c7b7bff,0x7d7c7cff,0x7d7d7dff,0x7e7e7dff,0x7e7f7eff,0x7f7f7eff,0x7f7f7fff,0x7f807fff,0x81807fff,0x808180ff,
0x818180ff,0x818181ff,0x828181ff,0x818181ff,0x818281ff,0x828282ff,0x828281ff,0x828181ff,0x828181ff,0x828281ff,0x828182ff,0x828281ff,0x818181ff,0x818181ff,0x818180ff,0x818180ff,0x808180ff,0x807f7fff,0x7f7f7fff,0x7f7f7eff,0x7e7e7eff,0x7d7e7eff,
0x7d7d7cff,0x7d7c7cff,0x7b7c7cff,0x7b7b7bff,0x7b7a7aff,0x7a7a79ff,0x797979ff,0x787877ff,0x787877ff,0x777676ff,0x757575ff,0x747574ff,0x737474ff,0x737373ff,0x727171ff,0x717171ff,0x70706fff,0x6f6f6eff,0x6e6e6eff,0x6c6d6cff,0x6c6b6cff,0x6b6a6aff,
0x6a6969ff,0x686868ff,0x686767ff,0x676766ff,0x656565ff,0x646464ff,0x626363ff,0x616161ff,0x616060ff,0x5f605fff,0x5e5e5dff,0x5d5d5cff,0x5c5c5cff,0x5b5a5bff,0x595a5aff,0x585858ff,0x575857ff,0x565655ff,0x545455ff,0x545453ff,0x535252ff,0x515150ff,
0x505050ff,0x4f4f4eff,0x4e4e4dff,0x4c4c4bff,0x4a4b4aff,0x494a49ff,0x484848ff,0x474747ff,0x464646ff,0x454544ff,0x434343ff,0x424242ff,0x414140ff,0x3f403fff,0x3e3e3eff,0x3d3c3cff,0x3b3c3cff,0x3a3b3aff,0x393939ff,0x383838ff,0x373637ff,0x343535ff,
0x333434ff,0x323232ff,0x313131ff,0x303030ff,0x2f2f2eff,0x2d2d2dff,0x2c2c2bff,0x2a2b2aff,0x292929ff,0x282828ff,0x272727ff,0x262625ff,0x242424ff,0x232223ff,0x212121ff,0x202020ff,0x1f1f1eff,0x1d1d1dff,0x1c1c1cff,0x1b1b1bff,0x191919ff,0x181818ff,
0x161716ff,0x151515ff,0x141414ff,0x131312ff,0x111111ff,0x100f10ff,0xe0e0eff,0xd0d0dff,0xc0b0cff,0xa0a0aff,0x90909ff,0x80708ff,0x70706ff,0x50405ff,0x30404ff,0x20202ff,0x10001ff,0xff,0xff,0xff,0xff,0xff,
0x10000ff,0xff,0xff,0x100ff,0xff,0xff,0xff,0xff,0xff,0x10000ff,0xff,0xff,0x20101ff,0x30303ff,0x40404ff,0x60605ff,0x70707ff,0x80808ff,0x90a09ff,0xb0a0aff,0xc0c0cff,0xe0e0eff,
0xf0f0fff,0x101010ff,0x121211ff,0x131313ff,0x141414ff,0x151616ff,0x171717ff,0x181919ff,0x191a19ff,0x1b1b1bff,0x1c1d1cff,0x1e1e1eff,0x1f1f1fff,0x202120ff,0x222222ff,0x232323ff,0x242424ff,0x262526ff,0x282727ff,0x282929ff,0x2a2a2aff,0x2b2b2bff,
0x2d2c2cff,0x2e2e2dff,0x2f2f2eff,0x303030ff,0x323231ff,0x333333ff,0x353434ff,0x363536ff,0x373737ff,0x383838ff,0x3a3a39ff,0x3b3b3aff,0x3c3c3cff,0x3e3e3dff,0x3f3f3fff,0x404040ff,0x414141ff,0x424343ff,0x444443ff,0x464545ff,0x474647ff,0x484748ff,
0x494949ff,0x4a4a4aff,0x4b4b4cff,0x4d4d4dff,0x4e4e4eff,0x4f5050ff,0x505150ff,0x525251ff,0x535353ff,0x545455ff,0x565655ff,0x565756ff,0x585858ff,0x5a5959ff,0x5b5b5aff,0x5c5c5bff,0x5d5d5dff,0x5e5e5eff,0x5f605fff,0x606060ff,0x616261ff,0x636363ff,
0x646464ff,0x656665ff,0x676666ff,0x686768ff,0x686968ff,0x6a6a6aff,0x6b6b6aff,0x6c6c6cff,0x6d6d6cff,0x6f6e6dff,0x70706fff,0x707070ff,0x717171ff,0x727272ff,0x737473ff,0x757574ff,0x767575ff,0x767676ff,0x777776ff,0x787877ff,0x797978ff,0x7a7a79ff,
0x7b7b7aff,0x7c7c7bff,0x7c7c7cff,0x7d7d7dff,0x7e7e7dff,0x7f7e7dff,0x7f7f7eff,0x7f807fff,0x80807fff,0x808180ff,0x818181ff,0x828281ff,0x828282ff,0x828382ff,0x838382ff,0x838383ff,0x838382ff,0x848483ff,0x838483ff,0x848483ff,0x848484ff,0x848484ff,
0x848484ff,0x848484ff,0x848483ff,0x848483ff,0x848383ff,0x838382ff,0x828383ff,0x838282ff,0x828281ff,0x818181ff,0x818281ff,0x818080ff,0x808080ff,0x807f7fff,0x7f7f7eff,0x7e7e7eff,0x7e7e7dff,0x7d7d7cff,0x7c7c7bff,0x7c7c7bff,0x7a7a7aff,0x7a7979ff,
0x797979ff,0x787878ff,0x787777ff,0x767676ff,0x767575ff,0x747474ff,0x737473ff,0x727272ff,0x717270ff,0x707070ff,0x6f6f6fff,0x6f6e6eff,0x6d6d6dff,0x6c6c6bff,0x6b6b6aff,0x696a69ff,0x686969ff,0x686768ff,0x676766ff,0x666565ff,0x646564ff,0x636363ff,
0x626262ff,0x616160ff,0x5f605fff,0x5f5e5eff,0x5d5d5cff,0x5c5c5bff,0x5a5b5aff,0x595959ff,0x585858ff,0x575757ff,0x565655ff,0x545555ff,0x535353ff,0x525252ff,0x515150ff,0x4f4f4fff,0x4f4e4dff,0x4d4d4cff,0x4b4b4bff,0x4a4a4aff,0x494948ff,0x484847ff,
0x474746ff,0x454545ff,0x444444ff,0x434242ff,0x414241ff,0x404040ff,0x3f3f3eff,0x3e3d3dff,0x3c3c3cff,0x3b3b3aff,0x393939ff,0x383938ff,0x373736ff,0x363535ff,0x353534ff,0x333333ff,0x323132ff,0x303030ff,0x2f2f2fff,0x2d2e2eff,0x2d2c2cff,0x2b2b2bff,
0x2a2a2aff,0x282928ff,0x282727ff,0x252626ff,0x242524ff,0x232323ff,0x222222ff,0x212120ff,0x1f1f1fff,0x1e1d1eff,0x1d1c1dff,0x1b1b1bff,0x19191aff,0x181818ff,0x171717ff,0x161616ff,0x141514ff,0x131313ff,0x121211ff,0x111010ff,0xf0f0fff,0xd0e0eff,
0xd0d0dff,0xb0b0bff,0xa0a09ff,0x90808ff,0x70707ff,0x50505ff,0x40404ff,0x30203ff,0x10101ff,0xff,0xff,0xff,0x10000ff,0xff,0xff,0x10000ff,0xff,0x100ff,0xff,0xff,0xff,0xff,
0xff,0xff,0xff,0xff,0x20202ff,0x40304ff,0x40504ff,0x60606ff,0x80807ff,0x90808ff,0xa0a0aff,0xb0b0cff,0xd0d0dff,0xe0e0eff,0x101010ff,0x111111ff,0x121312ff,0x131314ff,0x151414ff,0x161616ff,0x181717ff,0x191918ff,
0x1a1b1aff,0x1c1b1bff,0x1d1d1dff,0x1f1e1eff,0x201f20ff,0x212121ff,0x222223ff,0x232423ff,0x252625ff,0x262626ff,0x282828ff,0x292a29ff,0x2b2a2bff,0x2c2c2cff,0x2d2d2dff,0x2f2f2eff,0x303030ff,0x313231ff,0x323232ff,0x343434ff,0x353535ff,0x373636ff,
0x383838ff,0x393939ff,0x3a3a3aff,0x3c3c3cff,0x3d3d3cff,0x3f3e3eff,0x404040ff,0x404141ff,0x424342ff,0x444343ff,0x444444ff,0x464646ff,0x484748ff,0x494848ff,0x4a4a49ff,0x4b4b4bff,0x4c4c4dff,0x4e4e4eff,0x4f4f4fff,0x505050ff,0x525252ff,0x535352ff,
0x545454ff,0x555555ff,0x575756ff,0x585857ff,0x595958ff,0x5a5a5aff,0x5c5b5cff,0x5c5d5dff,0x5e5e5eff,0x605f5fff,0x606160ff,0x626261ff,0x636363ff,0x646464ff,0x656565ff,0x666766ff,0x676868ff,0x696969ff,0x6a6a6aff,0x6b6c6bff,0x6d6c6cff,0x6e6e6dff,
0x6e6f6eff,0x706f6fff,0x717171ff,0x727272ff,0x737372ff,0x747473ff,0x747474ff,0x767676ff,0x777776ff,0x787777ff,0x797979ff,0x7a7a79ff,0x7a7b7aff,0x7c7c7bff,0x7c7c7cff,0x7d7d7dff,0x7e7e7dff,0x7f7f7fff,0x80807fff,0x808080ff,0x818181ff,0x818181ff,
0x828282ff,0x828282ff,0x848483ff,0x838483ff,0x848484ff,0x848584ff,0x858585ff,0x858585ff,0x858685ff,0x868585ff,0x858685ff,0x868686ff,0x868685ff,0x868685ff,0x868686ff,0x868685ff,0x858585ff,0x868685ff,0x858585ff,0x858684ff,0x858584ff,0x858584ff,
0x848484ff,0x848484ff,0x838382ff,0x828382ff,0x828281ff,0x828181ff,0x818180ff,0x80807fff,0x7f7f7fff,0x7f7f7eff,0x7e7e7dff,0x7e7e7cff,0x7d7c7cff,0x7c7c7bff,0x7b7b7aff,0x7a7a7aff,0x797878ff,0x787777ff,0x777676ff,0x767675ff,0x757574ff,0x747473ff,
0x737272ff,0x727271ff,0x707071ff,0x70706fff,0x6e6f6eff,0x6d6e6dff,0x6c6c6cff,0x6b6b6bff,0x6a6a6aff,0x696868ff,0x686867ff,0x666666ff,0x656565ff,0x646464ff,0x636362ff,0x626161ff,0x616160ff,0x5f605fff,0x5e5e5dff,0x5d5d5dff,0x5c5c5cff,0x5a5b5aff,
0x595a59ff,0x585858ff,0x575756ff,0x565555ff,0x555554ff,0x535352ff,0x525251ff,0x515150ff,0x4f4f4fff,0x4e4d4eff,0x4c4d4cff,0x4c4b4bff,0x4a4a49ff,0x494949ff,0x474748ff,0x464746ff,0x454544ff,0x444443ff,0x434242ff,0x414141ff,0x3f3f40ff,0x3e3e3eff,
0x3d3d3cff,0x3c3c3cff,0x3b3b3aff,0x3a3939ff,0x383838ff,0x373636ff,0x353535ff,0x343434ff,0x333332ff,0x323131ff,0x303030ff,0x2e2f2eff,0x2d2d2dff,0x2c2b2cff,0x2b2b2aff,0x292929ff,0x282728ff,0x272626ff,0x252525ff,0x242423ff,0x232222ff,0x222121ff,
0x201f20ff,0x1e1f1fff,0x1d1d1dff,0x1c1b1bff,0x1a1a1bff,0x191919ff,0x181717ff,0x161616ff,0x151514ff,0x131413ff,0x121312ff,0x111111ff,0x101010ff,0xe0e0eff,0xd0d0dff,0xb0c0bff,0xa0a0aff,0x80908ff,0x70708ff,0x50606ff,0x50404ff,0x30403ff,
0x20101ff,0x1ff,0xff,0xff,0xff,0xff,0xff,0xff,0xff,0xff,0xff,0x100ff,0x10000ff,0xff,0xff,0x100ff,0xff,0x10101ff,0x30303ff,0x40404ff,0x50505ff,0x60607ff,
0x80708ff,0xa0909ff,0xa0b0aff,0xc0c0bff,0xd0d0dff,0xe0f0eff,0x101010ff,0x121111ff,0x131313ff,0x141414ff,0x151616ff,0x171617ff,0x181819ff,0x19191aff,0x1b1b1bff,0x1c1c1dff,0x1e1e1eff,0x1f1f1fff,0x212020ff,0x222222ff,0x232323ff,0x242424ff,
0x252626ff,0x272727ff,0x282929ff,0x2a2a2aff,0x2b2b2bff,0x2c2d2dff,0x2e2e2dff,0x2f302fff,0x303131ff,0x323231ff,0x333333ff,0x343534ff,0x363536ff,0x383837ff,0x383938ff,0x393a39ff,0x3b3b3aff,0x3d3d3cff,0x3e3e3dff,0x3f3f3fff,0x414140ff,0x424141ff,
0x434342ff,0x444444ff,0x454545ff,0x474746ff,0x484848ff,0x4a4a49ff,0x4b4b4aff,0x4c4c4cff,0x4e4e4dff,0x4f4f4fff,0x505050ff,0x515251ff,0x535353ff,0x535453ff,0x555555ff,0x575656ff,0x585858ff,0x595959ff,0x5a5a5aff,0x5b5c5bff,0x5c5c5dff,0x5e5e5eff,
0x605f5fff,0x616060ff,0x626261ff,0x636362ff,0x646464ff,0x656565ff,0x676766ff,0x686868ff,0x696968ff,0x6a6a6aff,0x6b6b6bff,0x6c6c6cff,0x6e6e6eff,0x6f6f6eff,0x706f6fff,0x727171ff,0x727271ff,0x747473ff,0x747473ff,0x757675ff,0x767776ff,0x787777ff,
0x797978ff,0x7a7a79ff,0x7a7a7aff,0x7b7b7bff,0x7d7c7cff,0x7d7e7dff,0x7e7e7eff,0x7f7f7eff,0x80807fff,0x818180ff,0x818181ff,0x828282ff,0x838382ff,0x838383ff,0x848483ff,0x858584ff,0x858584ff,0x868685ff,0x868686ff,0x878786ff,0x868786ff,0x878787ff,
0x878887ff,0x878887ff,0x888887ff,0x888787ff,0x888887ff,0x888887ff,0x888887ff,0x888788ff,0x878887ff,0x878887ff,0x878786ff,0x878787ff,0x878786ff,0x868686ff,0x868685ff,0x868685ff,0x868685ff,0x858584ff,0x848484ff,0x848383ff,0x838282ff,0x828381ff,
0x818181ff,0x808180ff,0x80807fff,0x7f7f7fff,0x7e7e7eff,0x7d7e7dff,0x7c7d7cff,0x7b7b7bff,0x7a7a7aff,0x7a7a79ff,0x787979ff,0x777877ff,0x777676ff,0x767575ff,0x747473ff,0x747372ff,0x727272ff,0x717171ff,0x707070ff,0x6f6f6eff,0x6d6e6dff,0x6c6d6cff,
0x6b6c6aff,0x6a6a69ff,0x696968ff,0x686867ff,0x666766ff,0x666565ff,0x646463ff,0x636363ff,0x626261ff,0x606160ff,0x605f5eff,0x5e5e5eff,0x5d5c5cff,0x5c5c5bff,0x5a5a59ff,0x595959ff,0x585857ff,0x565656ff,0x555555ff,0x545454ff,0x535253ff,0x515251ff,
0x505050ff,0x4f4e4fff,0x4e4e4dff,0x4c4c4cff,0x4b4a4aff,0x4a4a49ff,0x484848ff,0x474747ff,0x464645ff,0x454444ff,0x434343ff,0x424142ff,0x414140ff,0x3f403fff,0x3e3e3dff,0x3d3c3cff,0x3b3b3bff,0x3a3a3aff,0x383938ff,0x373837ff,0x363636ff,0x353434ff,
0x333333ff,0x323232ff,0x313131ff,0x2f2f2fff,0x2d2e2eff,0x2c2d2cff,0x2b2b2bff,0x2a2a2aff,0x282829ff,0x272827ff,0x262626ff,0x242524ff,0x232323ff,0x222221ff,0x212020ff,0x1f1f1fff,0x1e1e1dff,0x1d1d1cff,0x1b1b1bff,0x19191aff,0x181918ff,0x171717ff,
0x151615ff,0x141415ff,0x121313ff,0x121111ff,0x101010ff,0xf0f0eff,0xd0d0eff,0xc0c0cff,0xb0b0aff,0x90909ff,0x80808ff,0x60706ff,0x50505ff,0x30404ff,0x30202ff,0x10101ff,0xff,0xff,0xff,0xff,0x10000ff,0x10001ff,
0xff,0xff,0xff,0xff,0xff,0x100ff,0xff,0xff,0xff,0x20202ff,0x30303ff,0x40404ff,0x60505ff,0x70707ff,0x90809ff,0x9090aff,0xb0b0bff,0xd0d0cff,0xe0e0eff,0x100f0fff,0x101011ff,0x121212ff,
0x131413ff,0x141415ff,0x161616ff,0x171717ff,0x191918ff,0x1a1b1aff,0x1c1c1bff,0x1d1d1dff,0x1f1e1eff,0x201f20ff,0x212120ff,0x222222ff,0x242424ff,0x252525ff,0x272627ff,0x282827ff,0x292929ff,0x2a2b2aff,0x2c2c2cff,0x2d2d2dff,0x2f2e2eff,0x303030ff,
0x323131ff,0x333333ff,0x343433ff,0x353535ff,0x363637ff,0x383838ff,0x3a3939ff,0x3b3b3bff,0x3c3c3cff,0x3d3d3dff,0x3f3f3eff,0x40403fff,0x414141ff,0x434342ff,0x444444ff,0x454545ff,0x464646ff,0x474847ff,0x494949ff,0x4b4a4aff,0x4b4b4bff,0x4d4d4dff,
0x4f4e4eff,0x50504fff,0x515150ff,0x525252ff,0x535353ff,0x555554ff,0x565656ff,0x575757ff,0x595858ff,0x595a5aff,0x5b5b5bff,0x5d5c5dff,0x5e5e5dff,0x5f5f5eff,0x60605fff,0x616162ff,0x636362ff,0x646463ff,0x656565ff,0x666666ff,0x686867ff,0x696969ff,
0x6b6a6aff,0x6b6b6bff,0x6d6c6cff,0x6e6e6eff,0x6f6f6fff,0x707070ff,0x717171ff,0x727272ff,0x747473ff,0x757574ff,0x767675ff,0x767777ff,0x787877ff,0x797978ff,0x7b7a7aff,0x7b7b7bff,0x7d7c7bff,0x7d7d7dff,0x7e7e7dff,0x7f7f7eff,0x80807fff,0x808180ff,
0x828281ff,0x828382ff,0x848483ff,0x848484ff,0x858484ff,0x858585ff,0x868685ff,0x878786ff,0x878887ff,0x878887ff,0x888888ff,0x898988ff,0x898989ff,0x898989ff,0x898989ff,0x8a8a89ff,0x8a8a89ff,0x8a8a8aff,0x8a8a8aff,0x8a8a8aff,0x8a8a8aff,0x8a8a8aff,
0x8a8a89ff,0x8a8989ff,0x8a8a89ff,0x898989ff,0x898988ff,0x898988ff,0x888888ff,0x878887ff,0x878787ff,0x878686ff,0x868686ff,0x858585ff,0x858584ff,0x848484ff,0x838383ff,0x838282ff,0x828281ff,0x818180ff,0x808080ff,0x7f7e7fff,0x7e7e7dff,0x7d7d7dff,
0x7c7c7cff,0x7c7c7bff,0x7a7a7aff,0x797979ff,0x787878ff,0x777777ff,0x767575ff,0x757574ff,0x747373ff,0x727372ff,0x727171ff,0x707070ff,0x6f6f6fff,0x6e6e6eff,0x6c6d6cff,0x6b6b6aff,0x6a6a69ff,0x696969ff,0x686867ff,0x666766ff,0x666665ff,0x646464ff,
0x636262ff,0x616161ff,0x606160ff,0x5f5f5eff,0x5d5e5dff,0x5d5d5cff,0x5b5b5aff,0x595a5aff,0x595959ff,0x585857ff,0x565656ff,0x555555ff,0x535353ff,0x535252ff,0x515151ff,0x50504fff,0x4f4f4eff,0x4d4d4cff,0x4c4c4bff,0x4a4a4aff,0x494949ff,0x484847ff,
0x474746ff,0x454545ff,0x434443ff,0x424243ff,0x414241ff,0x404040ff,0x3e3e3fff,0x3d3d3dff,0x3c3c3cff,0x3b3b3bff,0x393a39ff,0x383838ff,0x363736ff,0x353535ff,0x343434ff,0x333232ff,0x313131ff,0x303030ff,0x2e2e2eff,0x2d2d2dff,0x2c2b2cff,0x2b2b2bff,
0x292928ff,0x282828ff,0x262626ff,0x262525ff,0x242423ff,0x232222ff,0x212121ff,0x1f2020ff,0x1f1e1eff,0x1d1d1dff,0x1c1b1cff,0x1b1a1aff,0x191918ff,0x181718ff,0x161616ff,0x151414ff,0x131314ff,0x121212ff,0x101111ff,0xf100fff,0xd0e0eff,0xc0c0dff,
0xb0b0bff,0xa0a09ff,0x80808ff,0x70707ff,0x60606ff,0x40504ff,0x30202ff,0x20102ff,0xff,0xff,0xff,0xff,0xff,0x10000ff,0xff,0x100ff,0xff,0xff,0xff,0xff,0x100ff,0xff,
0x10000ff,0x10202ff,0x30303ff,0x50505ff,0x60606ff,0x70707ff,0x80909ff,0xa0a0aff,0xc0b0cff,0xd0d0dff,0xe0f0fff,0x10100fff,0x111111ff,0x131213ff,0x141413ff,0x151515ff,0x171717ff,0x181818ff,0x191919ff,0x1b1a1aff,0x1c1c1cff,0x1d1d1eff,
0x1f1f1eff,0x202020ff,0x212121ff,0x232323ff,0x242424ff,0x252526ff,0x272727ff,0x282828ff,0x2a2a2aff,0x2b2b2bff,0x2c2d2dff,0x2e2e2dff,0x302f2fff,0x313030ff,0x313232ff,0x333333ff,0x353434ff,0x363536ff,0x373737ff,0x393939ff,0x3a3a3aff,0x3b3c3bff,
0x3c3d3dff,0x3d3d3eff,0x403f3fff,0x414140ff,0x424241ff,0x434343ff,0x454544ff,0x464646ff,0x484747ff,0x484848ff,0x4a4a49ff,0x4b4c4bff,0x4d4d4dff,0x4e4e4dff,0x4f4f4fff,0x505051ff,0x525152ff,0x535353ff,0x555554ff,0x555655ff,0x575756ff,0x585958ff,
0x5a5959ff,0x5b5b5bff,0x5c5c5bff,0x5d5d5eff,0x5f5f5eff,0x606060ff,0x616261ff,0x636363ff,0x646363ff,0x656565ff,0x666666ff,0x676868ff,0x696969ff,0x6a6a6aff,0x6b6c6bff,0x6d6d6cff,0x6e6e6eff,0x6f6f6eff,0x707070ff,0x727172ff,0x737373ff,0x747474ff,
0x757575ff,0x767675ff,0x777777ff,0x797878ff,0x797a79ff,0x7a7b7bff,0x7c7c7bff,0x7d7d7dff,0x7e7e7dff,0x7f7e7eff,0x807f7fff,0x818080ff,0x828181ff,0x838382ff,0x838483ff,0x858484ff,0x858584ff,0x868686ff,0x868786ff,0x878786ff,0x888887ff,0x888988ff,
0x898a89ff,0x8a8a89ff,0x8a8a8aff,0x8b8b8bff,0x8b8b8aff,0x8b8b8bff,0x8c8c8bff,0x8c8c8bff,0x8c8c8cff,0x8d8c8cff,0x8d8d8bff,0x8c8c8cff,0x8c8c8bff,0x8c8c8cff,0x8c8c8cff,0x8c8c8cff,0x8c8c8bff,0x8b8b8bff,0x8b8b8bff,0x8a8b8aff,0x8a8a8aff,0x8a8a89ff,
0x8a8989ff,0x898988ff,0x888887ff,0x888886ff,0x868786ff,0x868685ff,0x868584ff,0x858584ff,0x838383ff,0x838282ff,0x818181ff,0x808180ff,0x80807fff,0x7e7f7fff,0x7e7e7eff,0x7d7d7cff,0x7b7c7bff,0x7a7b7aff,0x797979ff,0x797978ff,0x787877ff,0x767676ff,
0x757575ff,0x737473ff,0x727273ff,0x717171ff,0x70706fff,0x6f6f6eff,0x6e6e6eff,0x6c6d6cff,0x6c6b6bff,0x6a6a6aff,0x696969ff,0x686867ff,0x666766ff,0x656565ff,0x646463ff,0x636362ff,0x616261ff,0x606060ff,0x5f5f5fff,0x5d5e5dff,0x5c5c5cff,0x5b5b5bff,
0x5a5a5aff,0x595858ff,0x575757ff,0x565655ff,0x545454ff,0x545353ff,0x525252ff,0x505150ff,0x504f4fff,0x4e4e4dff,0x4d4d4dff,0x4b4c4bff,0x4a4a4aff,0x494948ff,0x474747ff,0x464645ff,0x454544ff,0x434443ff,0x424242ff,0x414040ff,0x3f403fff,0x3e3e3eff,
0x3d3d3cff,0x3c3b3bff,0x3a3a3aff,0x393938ff,0x373737ff,0x363536ff,0x343434ff,0x333433ff,0x323232ff,0x303031ff,0x2f2f2fff,0x2e2d2dff,0x2c2c2cff,0x2b2b2bff,0x2a2a29ff,0x282929ff,0x272727ff,0x262625ff,0x242524ff,0x232322ff,0x212122ff,0x202020ff,
0x1f1e1eff,0x1e1e1dff,0x1c1c1cff,0x1a1b1aff,0x1a1a19ff,0x181818ff,0x161716ff,0x151615ff,0x141414ff,0x121212ff,0x111211ff,0x101010ff,0xf0f0eff,0xd0d0dff,0xb0b0cff,0xa0b0aff,0x90808ff,0x70807ff,0x60606ff,0x50505ff,0x30303ff,0x20202ff,
0x100ff,0xff,0xff,0xff,0xff,0x100ff,0xff,0xff,0xff,0xff,0xff,0xff,0x1ff,0xff,0x10000ff,0x20202ff,0x40403ff,0x50505ff,0x60706ff,0x70808ff,0x90909ff,0xb0a0bff,
0xc0c0cff,0xd0e0eff,0xe0f0eff,0x101010ff,0x111211ff,0x131313ff,0x151415ff,0x161616ff,0x171717ff,0x191819ff,0x1a1a1aff,0x1b1b1bff,0x1d1d1cff,0x1e1e1eff,0x1f201fff,0x212121ff,0x222222ff,0x232323ff,0x252525ff,0x262626ff,0x272828ff,0x292928ff,
0x2a2b2bff,0x2c2c2bff,0x2d2d2dff,0x2f2f2eff,0x30302fff,0x313131ff,0x323233ff,0x333434ff,0x353535ff,0x363737ff,0x383738ff,0x3a3939ff,0x3b3a3aff,0x3c3c3cff,0x3d3e3dff,0x3e3e3fff,0x404040ff,0x424141ff,0x434342ff,0x444444ff,0x464545ff,0x474746ff,
0x484848ff,0x49494aff,0x4b4b4aff,0x4c4c4cff,0x4e4d4dff,0x4f4e4fff,0x515050ff,0x515151ff,0x525352ff,0x545454ff,0x565655ff,0x575656ff,0x575858ff,0x595959ff,0x5a5b5aff,0x5c5c5bff,0x5e5e5dff,0x5e5e5eff,0x606060ff,0x616161ff,0x626262ff,0x636463ff,
0x656565ff,0x676665ff,0x686867ff,0x686968ff,0x6b6a69ff,0x6b6c6bff,0x6d6d6cff,0x6d6e6dff,0x6f6f6fff,0x707070ff,0x727171ff,0x737373ff,0x747473ff,0x757574ff,0x767676ff,0x787877ff,0x797979ff,0x7a7a79ff,0x7b7b7bff,0x7c7c7cff,0x7e7e7dff,0x7e7e7eff,
0x80807eff,0x808080ff,0x818181ff,0x838382ff,0x838383ff,0x848484ff,0x868585ff,0x868686ff,0x878786ff,0x888887ff,0x898988ff,0x8a8989ff,0x8a8a89ff,0x8b8b8bff,0x8c8b8aff,0x8c8c8cff,0x8d8d8cff,0x8d8d8cff,0x8d8d8cff,0x8e8d8dff,0x8e8e8dff,0x8e8e8dff,
0x8e8f8eff,0x8f8f8eff,0x8f8e8eff,0x8f8f8eff,0x8f8f8eff,0x8e8e8eff,0x8e8e8eff,0x8e8e8eff,0x8e8e8dff,0x8d8e8dff,0x8d8d8dff,0x8d8d8cff,0x8c8c8cff,0x8c8c8bff,0x8c8c8aff,0x8b8b8aff,0x8a8a8aff,0x8a8a89ff,0x888888ff,0x888887ff,0x878786ff,0x868685ff,
0x858585ff,0x848584ff,0x848483ff,0x838382ff,0x818281ff,0x808080ff,0x807f7fff,0x7f7e7eff,0x7e7d7dff,0x7c7d7cff,0x7c7c7aff,0x7a7a7aff,0x797978ff,0x787877ff,0x767776ff,0x757575ff,0x747474ff,0x737373ff,0x727271ff,0x717170ff,0x6f6f6eff,0x6e6e6dff,
0x6c6c6cff,0x6b6c6bff,0x6a6a6aff,0x696969ff,0x686867ff,0x676666ff,0x656564ff,0x646463ff,0x636362ff,0x616160ff,0x60605fff,0x5e5f5eff,0x5d5d5dff,0x5b5c5bff,0x5b5b5aff,0x595959ff,0x585758ff,0x575657ff,0x565655ff,0x545454ff,0x525353ff,0x515151ff,
0x51504fff,0x4f4f4eff,0x4d4d4dff,0x4c4c4cff,0x4a4b4aff,0x494a49ff,0x484848ff,0x464746ff,0x464545ff,0x454544ff,0x434342ff,0x414241ff,0x404040ff,0x3f3e3eff,0x3d3d3dff,0x3c3c3bff,0x3b3b3bff,0x393a39ff,0x383737ff,0x373636ff,0x353535ff,0x343433ff,
0x323332ff,0x313131ff,0x2f2f2fff,0x2f2e2eff,0x2d2e2dff,0x2c2b2bff,0x2a2b2bff,0x292929ff,0x282727ff,0x262626ff,0x252525ff,0x232323ff,0x222322ff,0x212120ff,0x201f1fff,0x1e1e1eff,0x1d1c1dff,0x1b1b1bff,0x191a1aff,0x181919ff,0x171717ff,0x161615ff,
0x141414ff,0x131313ff,0x111211ff,0x101010ff,0xf0f0fff,0xe0d0dff,0xc0d0cff,0xa0b0bff,0x90909ff,0x80708ff,0x60606ff,0x50505ff,0x30403ff,0x20303ff,0x10101ff,0xff,0xff,0xff,0xff,0xff,0xff,0xff,
0xff,0x1ff,0xff,0xff,0xff,0xff,0x10101ff,0x30302ff,0x40405ff,0x60606ff,0x70707ff,0x80808ff,0xa090aff,0xb0b0bff,0xc0d0dff,0xe0e0eff,0xf100fff,0x111111ff,0x131212ff,0x131314ff,0x151515ff,0x161616ff,
0x171718ff,0x191919ff,0x1a1a1aff,0x1b1c1bff,0x1d1d1dff,0x1e1f1eff,0x202020ff,0x212121ff,0x222223ff,0x242424ff,0x262526ff,0x272727ff,0x282829ff,0x2a2929ff,0x2b2b2aff,0x2c2c2cff,0x2e2e2dff,0x2f2f2fff,0x303030ff,0x313231ff,0x333333ff,0x343534ff,
0x363536ff,0x373837ff,0x393938ff,0x3a3a3aff,0x3b3b3bff,0x3d3d3dff,0x3e3e3eff,0x3f3f3fff,0x414140ff,0x424342ff,0x444343ff,0x454445ff,0x474646ff,0x474847ff,0x494849ff,0x4a4a4aff,0x4b4b4bff,0x4d4d4cff,0x4e4e4eff,0x504f4fff,0x515050ff,0x525252ff,
0x545454ff,0x555554ff,0x565656ff,0x585757ff,0x585958ff,0x5a5a5aff,0x5c5b5bff,0x5d5d5dff,0x5e5e5eff,0x60605fff,0x616060ff,0x626262ff,0x636463ff,0x656564ff,0x666666ff,0x686867ff,0x686868ff,0x6a6a6aff,0x6c6b6bff,0x6c6c6dff,0x6e6e6dff,0x6f6f6fff,
0x707070ff,0x717271ff,0x737372ff,0x747474ff,0x757575ff,0x767776ff,0x787877ff,0x797979ff,0x7a7a7aff,0x7b7b7cff,0x7c7d7cff,0x7e7e7eff,0x7f7f7fff,0x80807fff,0x818180ff,0x828282ff,0x848383ff,0x848484ff,0x858584ff,0x878686ff,0x878887ff,0x888988ff,
0x898989ff,0x8a8a89ff,0x8b8a8aff,0x8b8c8bff,0x8d8c8bff,0x8d8d8dff,0x8d8d8dff,0x8e8e8dff,0x8f8f8eff,0x8f8f8fff,0x90908fff,0x8f908fff,0x90908fff,0x909190ff,0x919190ff,0x919190ff,0x919191ff,0x919190ff,0x919190ff,0x909090ff,0x919190ff,0x909190ff,
0x909090ff,0x908f8fff,0x908f8fff,0x8f908fff,0x8e8e8eff,0x8f8e8eff,0x8d8d8dff,0x8d8d8cff,0x8d8c8cff,0x8b8b8bff,0x8a8b8aff,0x8a8a8aff,0x898988ff,0x888888ff,0x878787ff,0x868686ff,0x868585ff,0x848584ff,0x838382ff,0x828382ff,0x818180ff,0x808080ff,
0x7f7f7fff,0x7e7e7eff,0x7c7c7cff,0x7b7c7bff,0x7b7b7aff,0x7a7978ff,0x787878ff,0x767676ff,0x757575ff,0x747474ff,0x737372ff,0x727272ff,0x717070ff,0x6f6f6fff,0x6d6e6eff,0x6c6d6cff,0x6c6c6aff,0x6a6a6aff,0x696968ff,0x676767ff,0x666666ff,0x656565ff,
0x646463ff,0x626262ff,0x616160ff,0x5f5f5fff,0x5e5e5eff,0x5c5d5dff,0x5c5b5bff,0x5b5a5aff,0x595958ff,0x585757ff,0x565756ff,0x555454ff,0x545353ff,0x535352ff,0x505150ff,0x50504fff,0x4f4e4dff,0x4d4d4cff,0x4b4b4bff,0x4a4a4aff,0x494848ff,0x474747ff,
0x464646ff,0x454544ff,0x434443ff,0x424242ff,0x404140ff,0x3f403fff,0x3e3e3dff,0x3c3d3cff,0x3b3b3bff,0x3a3a3aff,0x393938ff,0x383737ff,0x363636ff,0x353435ff,0x333333ff,0x323232ff,0x303030ff,0x2f2f2fff,0x2d2d2eff,0x2d2c2cff,0x2b2b2bff,0x2a2a29ff,
0x282828ff,0x272727ff,0x262526ff,0x242524ff,0x232223ff,0x212122ff,0x20201fff,0x1f1e1fff,0x1d1d1dff,0x1c1c1bff,0x1b1b1bff,0x191819ff,0x181718ff,0x161716ff,0x151515ff,0x131413ff,0x121212ff,0x101010ff,0x101010ff,0xe0e0eff,0xc0d0cff,0xc0b0bff,
0xa0909ff,0x80909ff,0x70707ff,0x60606ff,0x40404ff,0x30303ff,0x20101ff,0xff,0xff,0xff,0xff,0xff,0xff,0xff,0xff,0xff,0xff,0xff,0xff,0x10001ff,0x20102ff,0x30303ff,
0x50405ff,0x60606ff,0x80808ff,0x90908ff,0xb0b0aff,0xc0b0cff,0xd0d0dff,0xe0e0eff,0x10100fff,0x111111ff,0x131313ff,0x141414ff,0x161616ff,0x171716ff,0x181818ff,0x1a191aff,0x1b1b1bff,0x1c1c1cff,0x1d1e1dff,0x1f1f1fff,0x212021ff,0x222222ff,
0x232423ff,0x252524ff,0x262626ff,0x272827ff,0x292929ff,0x2a2a2aff,0x2c2c2bff,0x2d2d2dff,0x2e2e2eff,0x2f3030ff,0x313130ff,0x323332ff,0x343434ff,0x353535ff,0x373736ff,0x383838ff,0x393939ff,0x3b3a3bff,0x3c3c3cff,0x3d3e3dff,0x3f3f3eff,0x404040ff,
0x424141ff,0x434343ff,0x444444ff,0x464546ff,0x474746ff,0x484847ff,0x4a4a49ff,0x4b4a4aff,0x4c4c4cff,0x4e4e4eff,0x4f4f4fff,0x515050ff,0x525252ff,0x535353ff,0x555554ff,0x565655ff,0x575757ff,0x585859ff,0x5a5a59ff,0x5b5b5aff,0x5c5d5cff,0x5e5e5dff,
0x5f605fff,0x616060ff,0x616262ff,0x646363ff,0x646565ff,0x666665ff,0x676767ff,0x686968ff,0x6a6a6aff,0x6b6b6bff,0x6c6d6cff,0x6e6d6dff,0x6f6f6fff,0x707170ff,0x727271ff,0x737372ff,0x747474ff,0x757575ff,0x777776ff,0x787877ff,0x7a7979ff,0x7a7a7bff,
0x7c7c7bff,0x7d7d7dff,0x7e7e7eff,0x807f7fff,0x818180ff,0x828281ff,0x838383ff,0x848483ff,0x858584ff,0x868686ff,0x888786ff,0x888888ff,0x898989ff,0x8a8a8aff,0x8b8b8aff,0x8c8c8cff,0x8c8d8dff,0x8e8e8dff,0x8f8e8eff,0x8f8e8fff,0x8f908fff,0x909090ff,
0x909090ff,0x919190ff,0x929292ff,0x929291ff,0x929392ff,0x929392ff,0x939392ff,0x939392ff,0x939392ff,0x939392ff,0x939393ff,0x939393ff,0x939392ff,0x939292ff,0x929392ff,0x919292ff,0x919292ff,0x919190ff,0x909190ff,0x909190ff,0x8f908fff,0x8f8f8eff,
0x8e8f8eff,0x8e8d8dff,0x8c8c8cff,0x8c8c8bff,0x8b8b8aff,0x8a8a8aff,0x898989ff,0x888888ff,0x878786ff,0x868686ff,0x858585ff,0x848484ff,0x838383ff,0x818281ff,0x818081ff,0x7f807fff,0x7e7e7dff,0x7d7d7dff,0x7c7c7bff,0x7b7b7aff,0x7a7979ff,0x787878ff,
0x767677ff,0x757675ff,0x747473ff,0x737372ff,0x727272ff,0x707070ff,0x6f6f6fff,0x6d6e6eff,0x6c6c6cff,0x6c6b6bff,0x696a69ff,0x686868ff,0x676767ff,0x666665ff,0x646464ff,0x636363ff,0x626262ff,0x606160ff,0x5f5f5fff,0x5e5e5eff,0x5d5d5cff,0x5b5b5bff,
0x5a595aff,0x595858ff,0x575756ff,0x565655ff,0x545554ff,0x535353ff,0x515151ff,0x505050ff,0x4f4f4eff,0x4d4e4dff,0x4c4c4cff,0x4b4b4bff,0x4a4a4aff,0x484848ff,0x474747ff,0x454546ff,0x444444ff,0x434342ff,0x414141ff,0x40403fff,0x3e3e3fff,0x3d3d3dff,
0x3c3c3cff,0x3a3b3aff,0x393939ff,0x383838ff,0x373736ff,0x353535ff,0x343333ff,0x323332ff,0x313131ff,0x303030ff,0x2e2e2eff,0x2d2d2cff,0x2c2b2cff,0x2a2a2aff,0x292829ff,0x272827ff,0x262626ff,0x242424ff,0x232323ff,0x222221ff,0x212120ff,0x1f1f1fff,
0x1d1d1eff,0x1c1d1cff,0x1a1b1aff,0x1a1a1aff,0x181818ff,0x171717ff,0x151515ff,0x141413ff,0x131312ff,0x111111ff,0x100f10ff,0xf0f0eff,0xd0d0dff,0xc0b0bff,0xa0a0aff,0x90809ff,0x80708ff,0x60606ff,0x50405ff,0x30303ff,0x10101ff,0x10101ff,
0xff,0xff,0xff,0xff,0xff,0xff,0xff,0xff,0xff,0xff,0xff,0x10101ff,0x30303ff,0x40403ff,0x50505ff,0x60607ff,0x80808ff,0xa0909ff,0xa0b0aff,0xc0c0cff,0xd0e0dff,0xe0f0fff,
0x101011ff,0x111211ff,0x131313ff,0x151414ff,0x161616ff,0x171717ff,0x191918ff,0x1a1a19ff,0x1b1b1bff,0x1c1d1dff,0x1f1e1eff,0x201f1fff,0x212121ff,0x232222ff,0x242424ff,0x252525ff,0x272726ff,0x282827ff,0x2a292aff,0x2a2b2bff,0x2c2c2cff,0x2d2d2eff,
0x2e2f2fff,0x313130ff,0x313232ff,0x333333ff,0x343534ff,0x363636ff,0x373737ff,0x393839ff,0x3a3a39ff,0x3b3c3bff,0x3c3d3cff,0x3e3e3eff,0x3f403fff,0x414140ff,0x424242ff,0x434343ff,0x454445ff,0x464746ff,0x474747ff,0x494948ff,0x4a4a4aff,0x4c4b4cff,
0x4d4d4cff,0x4e4e4fff,0x50504fff,0x515151ff,0x525253ff,0x545453ff,0x555555ff,0x575756ff,0x585858ff,0x5a5959ff,0x5b5b5aff,0x5c5c5cff,0x5d5d5dff,0x5f5f5eff,0x60605fff,0x616162ff,0x636363ff,0x646464ff,0x666665ff,0x676766ff,0x686867ff,0x6a6969ff,
0x6b6b6aff,0x6c6d6cff,0x6e6e6eff,0x6f6f6fff,0x717070ff,0x727271ff,0x737373ff,0x747474ff,0x757675ff,0x777776ff,0x797878ff,0x7a7979ff,0x7a7b7aff,0x7c7c7cff,0x7d7e7dff,0x7e7f7eff,0x807f80ff,0x818281ff,0x828282ff,0x848383ff,0x858585ff,0x868685ff,
0x878686ff,0x888888ff,0x898989ff,0x8a8a89ff,0x8b8b8aff,0x8c8d8cff,0x8d8d8cff,0x8e8e8dff,0x8f8f8eff,0x90908fff,0x91918fff,0x919291ff,0x919291ff,0x929292ff,0x939393ff,0x949392ff,0x949493ff,0x949593ff,0x949594ff,0x959595ff,0x959594ff,0x969594ff,
0x969695ff,0x959695ff,0x969695ff,0x969595ff,0x959594ff,0x959594ff,0x949594ff,0x949493ff,0x949494ff,0x939393ff,0x939392ff,0x929292ff,0x919292ff,0x919190ff,0x909090ff,0x8f8f8fff,0x8f8e8eff,0x8e8e8dff,0x8d8d8dff,0x8c8c8bff,0x8b8c8bff,0x8a8a8aff,
0x898989ff,0x888887ff,0x878786ff,0x868685ff,0x858484ff,0x848483ff,0x828282ff,0x828181ff,0x808080ff,0x7e7f7eff,0x7d7e7cff,0x7c7d7cff,0x7b7b7aff,0x7a7979ff,0x787978ff,0x777777ff,0x767676ff,0x747474ff,0x737372ff,0x727271ff,0x70706fff,0x6f6f6fff,
0x6d6d6dff,0x6c6d6cff,0x6b6b6bff,0x696a69ff,0x696968ff,0x676767ff,0x656565ff,0x656464ff,0x626362ff,0x616161ff,0x606060ff,0x5f5e5eff,0x5d5e5dff,0x5d5c5bff,0x5b5a5aff,0x595959ff,0x585757ff,0x565657ff,0x555655ff,0x535453ff,0x525352ff,0x525151ff,
0x4f504fff,0x4e4e4eff,0x4d4d4dff,0x4c4c4bff,0x4a4b4aff,0x494948ff,0x484847ff,0x474646ff,0x444544ff,0x444443ff,0x424242ff,0x414140ff,0x3f3f3fff,0x3e3e3eff,0x3d3c3dff,0x3b3b3bff,0x3a3a3aff,0x393938ff,0x373737ff,0x363636ff,0x353534ff,0x333333ff,
0x323232ff,0x303030ff,0x2f2f2eff,0x2d2e2eff,0x2c2c2cff,0x2b2b2aff,0x2a2a2aff,0x282827ff,0x262727ff,0x252525ff,0x242424ff,0x222322ff,0x212121ff,0x201f20ff,0x1f1e1eff,0x1d1d1dff,0x1b1c1bff,0x1a1a1aff,0x181819ff,0x171717ff,0x161616ff,0x151414ff,
0x131313ff,0x111211ff,0x101110ff,0xf0f0fff,0xd0d0dff,0xc0c0cff,0xb0b0aff,0x90a09ff,0x80808ff,0x60606ff,0x50505ff,0x40404ff,0x20202ff,0x10101ff,0xff,0xff,0x1ff,0xff,0xff,0x10100ff,0xff,0x100ff,
0xff,0xff,0x1ff,0x10101ff,0x30303ff,0x40404ff,0x50606ff,0x70707ff,0x80908ff,0xa0a0aff,0xb0b0bff,0xc0d0cff,0xe0e0eff,0xf0f0fff,0x111111ff,0x121212ff,0x141313ff,0x151515ff,0x161617ff,0x181818ff,0x191a19ff,0x1a1a1aff,
0x1c1c1cff,0x1d1e1dff,0x1e1e1fff,0x202020ff,0x212222ff,0x232323ff,0x242524ff,0x252526ff,0x282727ff,0x282828ff,0x2a2a2aff,0x2b2b2bff,0x2d2d2cff,0x2e2e2eff,0x2f2f2fff,0x313131ff,0x323232ff,0x333333ff,0x353535ff,0x363736ff,0x383838ff,0x393939ff,
0x3b3a3aff,0x3c3c3bff,0x3d3d3dff,0x3e3f3fff,0x40403fff,0x424241ff,0x434342ff,0x444444ff,0x464545ff,0x474746ff,0x494848ff,0x494a49ff,0x4b4b4bff,0x4c4c4cff,0x4e4e4dff,0x4f4f4fff,0x515151ff,0x525252ff,0x535453ff,0x555555ff,0x565656ff,0x585757ff,
0x595958ff,0x5a5a5aff,0x5c5c5cff,0x5d5d5cff,0x5e5f5eff,0x5f605fff,0x616060ff,0x626262ff,0x646463ff,0x656565ff,0x676766ff,0x686868ff,0x696969ff,0x6a6a6aff,0x6c6c6cff,0x6d6e6dff,0x6f6f6eff,0x70716fff,0x717171ff,0x737273ff,0x747574ff,0x757675ff,
0x777777ff,0x787878ff,0x7a7a7aff,0x7b7b7aff,0x7c7c7cff,0x7d7e7dff,0x7e7e7eff,0x818180ff,0x828181ff,0x838282ff,0x848483ff,0x858685ff,0x868786ff,0x888887ff,0x898988ff,0x8a8a8aff,0x8b8b8bff,0x8c8c8cff,0x8d8d8cff,0x8e8e8eff,0x8f8f8fff,0x90908fff,
0x919190ff,0x929291ff,0x929292ff,0x939393ff,0x949493ff,0x959594ff,0x959595ff,0x969696ff,0x969796ff,0x979796ff,0x979796ff,0x989797ff,0x989896ff,0x989897ff,0x989797ff,0x989897ff,0x989898ff,0x979897ff,0x989897ff,0x979796ff,0x979796ff,0x969796ff,
0x969695ff,0x969695ff,0x959695ff,0x959594ff,0x949493ff,0x939493ff,0x929392ff,0x929191ff,0x919191ff,0x90908fff,0x8f8f8fff,0x8e8e8dff,0x8d8d8cff,0x8c8c8cff,0x8b8b8bff,0x8a8989ff,0x898888ff,0x878887ff,0x868785ff,0x858585ff,0x848484ff,0x828282ff,
0x828281ff,0x808080ff,0x7f7f7eff,0x7d7d7dff,0x7c7c7cff,0x7b7b7bff,0x7a7a79ff,0x787877ff,0x777776ff,0x767675ff,0x747474ff,0x727372ff,0x727271ff,0x70706fff,0x6f6f6eff,0x6d6d6dff,0x6c6c6cff,0x6b6b6aff,0x696a69ff,0x686767ff,0x666766ff,0x656565ff,
0x646464ff,0x636362ff,0x616161ff,0x5f6060ff,0x5f5e5eff,0x5d5c5dff,0x5b5b5cff,0x5b5a5aff,0x595958ff,0x585857ff,0x565655ff,0x555554ff,0x535353ff,0x525252ff,0x505151ff,0x4f4f4fff,0x4d4e4dff,0x4d4c4cff,0x4b4b4bff,0x494949ff,0x484948ff,0x474747ff,
0x464645ff,0x444444ff,0x434342ff,0x414141ff,0x40403fff,0x3f3e3fff,0x3d3d3dff,0x3c3c3cff,0x3b3a3aff,0x393a39ff,0x383737ff,0x363636ff,0x353534ff,0x333434ff,0x323232ff,0x313130ff,0x2f2f2fff,0x2e2e2dff,0x2d2d2dff,0x2b2b2bff,0x2a2a2aff,0x282928ff,
0x272727ff,0x252626ff,0x242525ff,0x232323ff,0x222221ff,0x202020ff,0x1f1e1fff,0x1d1e1eff,0x1c1c1cff,0x1b1a1aff,0x1a1919ff,0x181718ff,0x161616ff,0x151515ff,0x141314ff,0x121212ff,0x101111ff,0xf0f0fff,0xe0e0eff,0xc0c0cff,0xb0b0bff,0x90a0aff,
0x80809ff,0x70707ff,0x50605ff,0x40404ff,0x30303ff,0x10102ff,0xff,0xff,0x10001ff,0xff,0x101ff,0x100ff,0xff,0x1ff,0xff,0xff,0x101ff,0x10202ff,0x30303ff,0x40505ff,0x60606ff,0x70807ff,
0x80909ff,0xa0a0aff,0xc0b0bff,0xc0d0dff,0xe0f0fff,0x101010ff,0x111111ff,0x131312ff,0x141414ff,0x161616ff,0x171716ff,0x181818ff,0x1a1a1aff,0x1b1b1bff,0x1d1d1cff,0x1e1e1eff,0x1f201fff,0x212121ff,0x222122ff,0x232323ff,0x242525ff,0x262626ff,
0x282828ff,0x292929ff,0x2a2a2aff,0x2c2b2bff,0x2d2d2dff,0x2f2f2eff,0x303030ff,0x323131ff,0x333233ff,0x343434ff,0x353535ff,0x373737ff,0x383838ff,0x3a393aff,0x3b3b3bff,0x3d3c3cff,0x3e3e3dff,0x3f3f3fff,0x414140ff,0x424242ff,0x434343ff,0x454444ff,
0x474646ff,0x484847ff,0x494948ff,0x4a4a4aff,0x4c4c4bff,0x4d4d4dff,0x4e4e4eff,0x505050ff,0x515251ff,0x535352ff,0x545454ff,0x555555ff,0x575757ff,0x595858ff,0x5a5a59ff,0x5b5b5bff,0x5d5c5cff,0x5e5e5eff,0x5f5f5fff,0x606060ff,0x626161ff,0x646363ff,
0x656564ff,0x666666ff,0x686868ff,0x696968ff,0x6a6a6aff,0x6c6c6bff,0x6d6d6dff,0x6f6e6eff,0x706f6fff,0x727171ff,0x727372ff,0x747474ff,0x757675ff,0x777776ff,0x787878ff,0x797a79ff,0x7b7b7bff,0x7d7c7cff,0x7e7d7dff,0x7f7f7eff,0x808080ff,0x818281ff,
0x838383ff,0x848483ff,0x868685ff,0x878786ff,0x888887ff,0x8a8989ff,0x8a8b89ff,0x8b8c8bff,0x8d8d8cff,0x8e8e8eff,0x8f8f8eff,0x909090ff,0x919190ff,0x929292ff,0x939392ff,0x949393ff,0x949495ff,0x959595ff,0x969696ff,0x979797ff,0x979797ff,0x989898ff,
0x999998ff,0x999998ff,0x9a9999ff,0x999a99ff,0x9a9a9aff,0x9a9a9aff,0x9a9a99ff,0x9b9a99ff,0x9a9a9aff,0x9a9b9aff,0x9a9a9aff,0x999a99ff,0x999a99ff,0x999998ff,0x989898ff,0x989897ff,0x989797ff,0x979797ff,0x969696ff,0x969595ff,0x949594ff,0x949493ff,
0x939392ff,0x929292ff,0x919190ff,0x909090ff,0x8f8f8eff,0x8e8e8dff,0x8d8c8cff,0x8b8c8bff,0x8a8a89ff,0x898988ff,0x888887ff,0x878786ff,0x858585ff,0x848484ff,0x838382ff,0x818281ff,0x818080ff,0x7f7f7eff,0x7d7e7dff,0x7c7c7bff,0x7b7b7bff,0x7a7979ff,
0x787978ff,0x777777ff,0x757675ff,0x747473ff,0x727372ff,0x727271ff,0x70706fff,0x6e6e6eff,0x6d6d6cff,0x6c6b6cff,0x6a6a69ff,0x696968ff,0x676868ff,0x666665ff,0x656465ff,0x636363ff,0x626262ff,0x616160ff,0x605f5fff,0x5d5e5dff,0x5d5d5cff,0x5b5b5bff,
0x5a595aff,0x585858ff,0x575656ff,0x565555ff,0x545454ff,0x525352ff,0x515151ff,0x50504fff,0x4e4e4eff,0x4d4d4dff,0x4c4c4cff,0x4a4a4aff,0x494949ff,0x484848ff,0x464646ff,0x444544ff,0x434343ff,0x424242ff,0x414140ff,0x3f3f3fff,0x3d3e3dff,0x3c3d3cff,
0x3b3c3bff,0x3a3a3aff,0x383838ff,0x373737ff,0x353535ff,0x353434ff,0x323333ff,0x313231ff,0x30302fff,0x2f2f2eff,0x2e2d2dff,0x2b2b2bff,0x2a2a2aff,0x292929ff,0x272827ff,0x262627ff,0x252524ff,0x232423ff,0x222221ff,0x202121ff,0x1f1f1fff,0x1e1e1eff,
0x1c1c1dff,0x1b1b1bff,0x1a1a19ff,0x181819ff,0x161717ff,0x151615ff,0x141414ff,0x121212ff,0x121111ff,0xf1010ff,0xf0e0fff,0xd0d0dff,0xb0b0cff,0xb0a0aff,0x90908ff,0x70708ff,0x60506ff,0x50405ff,0x30303ff,0x20202ff,0xff,0xff,
0x1ff,0xff,0xff,0xff,0xff,0x1ff,0xff,0xff,0x10001ff,0x20202ff,0x40404ff,0x50504ff,0x60706ff,0x70808ff,0x90909ff,0xa0a0bff,0xc0c0cff,0xd0e0eff,0xf0f0fff,0x101010ff,0x121111ff,0x131313ff,
0x151514ff,0x161516ff,0x171717ff,0x191819ff,0x1a1a1aff,0x1c1c1bff,0x1d1d1dff,0x1f1f1fff,0x20201fff,0x222121ff,0x222222ff,0x242424ff,0x252625ff,0x272726ff,0x282828ff,0x2a2a29ff,0x2b2b2bff,0x2c2c2cff,0x2e2d2eff,0x2f2f2fff,0x313030ff,0x323132ff,
0x333333ff,0x343535ff,0x363736ff,0x383837ff,0x383939ff,0x3a3b3aff,0x3c3c3cff,0x3d3d3dff,0x3f3f3fff,0x404040ff,0x414241ff,0x434242ff,0x444444ff,0x464645ff,0x474647ff,0x484848ff,0x4a4949ff,0x4b4b4bff,0x4d4d4dff,0x4d4e4eff,0x4f4f4fff,0x505150ff,
0x525252ff,0x535453ff,0x555554ff,0x565656ff,0x575757ff,0x595959ff,0x5b5a5aff,0x5c5b5cff,0x5d5d5cff,0x5f5f5eff,0x606060ff,0x626161ff,0x636362ff,0x646464ff,0x666565ff,0x676767ff,0x686968ff,0x6a6a69ff,0x6b6b6bff,0x6d6c6cff,0x6f6e6eff,0x6f6f70ff,
0x717170ff,0x727372ff,0x747474ff,0x757574ff,0x777776ff,0x787878ff,0x7a7a79ff,0x7a7a7bff,0x7c7d7cff,0x7e7d7dff,0x7f7f7fff,0x808180ff,0x828281ff,0x838383ff,0x848584ff,0x868686ff,0x878787ff,0x888988ff,0x8a8a89ff,0x8b8b8bff,0x8c8d8bff,0x8d8e8dff,
0x8f8e8fff,0x8f9090ff,0x919190ff,0x929291ff,0x939392ff,0x949494ff,0x959594ff,0x969695ff,0x979796ff,0x979897ff,0x999998ff,0x999998ff,0x9a9a99ff,0x9a9b9aff,0x9b9b9aff,0x9b9c9bff,0x9c9c9bff,0x9c9c9cff,0x9c9c9cff,0x9d9c9bff,0x9d9c9cff,0x9c9c9bff,
0x9c9d9cff,0x9c9c9cff,0x9c9c9bff,0x9c9c9bff,0x9c9c9cff,0x9c9b9aff,0x9b9b9aff,0x9a9a9aff,0x9a9999ff,0x999999ff,0x989898ff,0x989797ff,0x979796ff,0x969695ff,0x959595ff,0x949494ff,0x939393ff,0x929291ff,0x919091ff,0x8f908fff,0x8e8e8eff,0x8e8e8cff,
0x8c8d8cff,0x8b8b8bff,0x8a8a8aff,0x898888ff,0x878786ff,0x868685ff,0x848484ff,0x838382ff,0x828281ff,0x808180ff,0x7f7f7fff,0x7e7e7eff,0x7c7c7cff,0x7b7b7aff,0x7a7a79ff,0x787877ff,0x767676ff,0x757575ff,0x747473ff,0x737372ff,0x717170ff,0x706f6fff,
0x6e6e6eff,0x6d6d6dff,0x6c6c6bff,0x696a6aff,0x696968ff,0x686767ff,0x666665ff,0x646563ff,0x636362ff,0x626161ff,0x606060ff,0x5e5e5fff,0x5e5d5dff,0x5c5c5bff,0x5b5a5aff,0x595959ff,0x585857ff,0x565656ff,0x555554ff,0x545354ff,0x525252ff,0x505050ff,
0x4f4f4fff,0x4e4e4eff,0x4c4d4cff,0x4b4b4aff,0x4a4a49ff,0x484848ff,0x464647ff,0x454645ff,0x444444ff,0x434342ff,0x414141ff,0x40403fff,0x3e3f3eff,0x3d3e3dff,0x3c3c3cff,0x3b3a3aff,0x393939ff,0x373837ff,0x363636ff,0x343434ff,0x333333ff,0x323231ff,
0x313130ff,0x2f2f2fff,0x2e2e2eff,0x2c2d2cff,0x2b2b2aff,0x2a2a29ff,0x282828ff,0x272727ff,0x252525ff,0x242424ff,0x232222ff,0x212121ff,0x1f2020ff,0x1e1e1fff,0x1d1d1dff,0x1c1c1bff,0x1b1a1aff,0x181819ff,0x171717ff,0x161616ff,0x151515ff,0x131313ff,
0x121211ff,0x101110ff,0xf0f0fff,0xd0d0dff,0xc0c0cff,0xb0b0bff,0xa0909ff,0x80808ff,0x60706ff,0x50505ff,0x30404ff,0x20202ff,0x10101ff,0xff,0xff,0xff,0xff,0xff,0xff,0xff,0x1ff,0xff,
0x10201ff,0x20203ff,0x40404ff,0x50506ff,0x70606ff,0x80808ff,0x90a0aff,0xb0b0bff,0xd0c0cff,0xe0e0eff,0xf0f0fff,0x111111ff,0x131212ff,0x131413ff,0x151514ff,0x161616ff,0x171718ff,0x191919ff,0x1b1b1aff,0x1c1c1cff,0x1d1d1dff,0x1f1f1eff,
0x212020ff,0x212121ff,0x232322ff,0x252424ff,0x262526ff,0x272727ff,0x292929ff,0x2a2a2aff,0x2c2c2bff,0x2d2c2cff,0x2f2f2eff,0x2f302fff,0x313131ff,0x323232ff,0x343433ff,0x353535ff,0x363736ff,0x383838ff,0x3a3a39ff,0x3b3a3bff,0x3c3c3cff,0x3e3e3dff,
0x3f3f3fff,0x404040ff,0x424242ff,0x444443ff,0x444545ff,0x464646ff,0x484748ff,0x494948ff,0x4b4a4aff,0x4c4c4cff,0x4d4d4cff,0x4e4e4fff,0x50504fff,0x515251ff,0x535253ff,0x545554ff,0x565655ff,0x575756ff,0x595858ff,0x595a59ff,0x5b5c5bff,0x5d5d5cff,
0x5e5e5eff,0x5f605fff,0x616160ff,0x626362ff,0x646464ff,0x656565ff,0x676766ff,0x686868ff,0x696a69ff,0x6b6b6aff,0x6c6d6cff,0x6e6e6eff,0x706f6fff,0x707171ff,0x737272ff,0x747373ff,0x757575ff,0x777776ff,0x787878ff,0x797a79ff,0x7b7b7bff,0x7c7c7cff,
0x7e7d7dff,0x7f7f7fff,0x818180ff,0x828282ff,0x838382ff,0x858584ff,0x868686ff,0x888787ff,0x898989ff,0x8a8a8aff,0x8c8b8bff,0x8d8d8dff,0x8e8f8dff,0x8f8f8fff,0x919090ff,0x929291ff,0x939393ff,0x949493ff,0x959595ff,0x969695ff,0x979897ff,0x989897ff,
0x999999ff,0x9a9a99ff,0x9b9b9aff,0x9c9b9aff,0x9c9c9bff,0x9c9d9cff,0x9d9d9dff,0x9d9e9dff,0x9e9e9eff,0x9f9e9eff,0x9f9f9eff,0x9f9f9fff,0x9f9f9eff,0x9f9f9fff,0x9f9f9fff,0x9f9f9fff,0x9e9f9eff,0x9f9f9eff,0x9f9e9eff,0x9d9e9dff,0x9d9d9cff,0x9d9d9dff,
0x9d9c9cff,0x9b9c9bff,0x9b9b9aff,0x9a9a9aff,0x999998ff,0x989897ff,0x979796ff,0x979695ff,0x959594ff,0x949493ff,0x939393ff,0x929292ff,0x909190ff,0x8f8f8fff,0x8e8e8eff,0x8d8d8cff,0x8b8c8bff,0x8b8a89ff,0x888888ff,0x878887ff,0x868685ff,0x858584ff,
0x838383ff,0x828281ff,0x818080ff,0x7f7f7fff,0x7d7e7dff,0x7d7d7cff,0x7a7a7aff,0x797979ff,0x787877ff,0x777676ff,0x757575ff,0x737473ff,0x727272ff,0x717170ff,0x70706fff,0x6e6e6dff,0x6d6c6cff,0x6b6b6aff,0x6a6a69ff,0x686868ff,0x676666ff,0x656565ff,
0x646464ff,0x626262ff,0x616161ff,0x60605fff,0x5e5e5eff,0x5d5c5cff,0x5b5c5bff,0x595a59ff,0x595858ff,0x575757ff,0x555655ff,0x555454ff,0x525352ff,0x525151ff,0x505050ff,0x4e4e4eff,0x4d4d4cff,0x4c4c4bff,0x4b4a4aff,0x494948ff,0x484747ff,0x464646ff,
0x454544ff,0x434343ff,0x424242ff,0x414140ff,0x403f3fff,0x3d3e3eff,0x3c3c3cff,0x3b3b3bff,0x393939ff,0x383838ff,0x363736ff,0x363535ff,0x343333ff,0x333232ff,0x313130ff,0x302f30ff,0x2e2e2eff,0x2d2c2dff,0x2b2c2bff,0x2a2a2aff,0x292828ff,0x272727ff,
0x262626ff,0x242424ff,0x232323ff,0x222122ff,0x202020ff,0x1f1f1eff,0x1d1d1dff,0x1c1c1bff,0x1a1b1aff,0x191919ff,0x181818ff,0x161617ff,0x151415ff,0x141313ff,0x121212ff,0x111111ff,0x10100fff,0xd0e0eff,0xd0d0dff,0xb0b0bff,0xa0909ff,0x80808ff,
0x70607ff,0x50505ff,0x40404ff,0x20303ff,0x10101ff,0xff,0xff,0xff,0xff,0xff,0x1ff,0xff,0xff,0xff,0x10102ff,0x30203ff,0x50505ff,0x60505ff,0x70707ff,0x90908ff,0xa0a09ff,0xb0b0bff,
0xd0d0dff,0xe0e0fff,0xf0f0fff,0x111111ff,0x131212ff,0x141414ff,0x151515ff,0x171717ff,0x191818ff,0x191a19ff,0x1b1b1bff,0x1c1c1cff,0x1e1e1dff,0x201f20ff,0x212120ff,0x222222ff,0x232323ff,0x252424ff,0x262626ff,0x282827ff,0x292929ff,0x2b2b2bff,
0x2c2c2cff,0x2d2d2dff,0x2f2f2eff,0x303030ff,0x323231ff,0x323333ff,0x353434ff,0x353535ff,0x373737ff,0x383939ff,0x3a3a3aff,0x3b3b3bff,0x3d3d3dff,0x3e3e3eff,0x3f3f40ff,0x414141ff,0x434243ff,0x444443ff,0x454545ff,0x474747ff,0x484848ff,0x4a4a49ff,
0x4a4b4bff,0x4c4c4cff,0x4e4e4eff,0x4f4f4fff,0x515150ff,0x525252ff,0x545453ff,0x555554ff,0x565656ff,0x585757ff,0x595a58ff,0x5b5a5aff,0x5c5c5bff,0x5e5e5dff,0x5e5f5eff,0x616060ff,0x626261ff,0x636363ff,0x656465ff,0x666666ff,0x686867ff,0x696968ff,
0x6a6a6aff,0x6c6c6bff,0x6d6d6dff,0x6f6f6eff,0x707070ff,0x727272ff,0x737373ff,0x757574ff,0x767675ff,0x787877ff,0x797978ff,0x7b7a7aff,0x7c7c7cff,0x7d7d7dff,0x7f7f7eff,0x818080ff,0x828281ff,0x838383ff,0x858585ff,0x868786ff,0x888887ff,0x898989ff,
0x8a8a8aff,0x8c8c8bff,0x8d8d8dff,0x8f8e8eff,0x90908fff,0x929191ff,0x939292ff,0x949393ff,0x959594ff,0x969695ff,0x979797ff,0x989898ff,0x999a99ff,0x9a9a99ff,0x9b9b9bff,0x9c9d9bff,0x9d9d9dff,0x9e9e9dff,0x9f9f9eff,0x9f9f9fff,0xa09f9fff,0xa0a0a0ff,
0xa1a1a0ff,0xa1a1a1ff,0xa2a1a1ff,0xa2a1a1ff,0xa2a2a1ff,0xa1a2a1ff,0xa1a1a1ff,0xa2a2a1ff,0xa2a1a1ff,0xa1a1a0ff,0xa1a1a0ff,0xa0a0a0ff,0x9fa09fff,0x9f9f9eff,0x9f9f9dff,0x9e9e9dff,0x9d9d9dff,0x9c9c9cff,0x9b9b9aff,0x9b9a9aff,0x999999ff,0x989897ff,
0x989797ff,0x969695ff,0x959594ff,0x949393ff,0x929292ff,0x919191ff,0x90908fff,0x8f8f8eff,0x8d8e8cff,0x8c8c8bff,0x8b8b8aff,0x898989ff,0x888887ff,0x878686ff,0x858584ff,0x838383ff,0x828281ff,0x808080ff,0x7f7f7eff,0x7d7e7dff,0x7d7c7cff,0x7b7b7bff,
0x797979ff,0x777877ff,0x767676ff,0x747574ff,0x737372ff,0x727172ff,0x707070ff,0x6f6f6eff,0x6d6e6dff,0x6c6c6cff,0x6b6b6aff,0x696969ff,0x676868ff,0x666666ff,0x656564ff,0x636362ff,0x626261ff,0x616160ff,0x5f5f5fff,0x5d5e5eff,0x5c5c5cff,0x5a5b5bff,
0x595a59ff,0x585757ff,0x565656ff,0x555554ff,0x545353ff,0x525252ff,0x505151ff,0x504f4eff,0x4e4e4dff,0x4c4c4cff,0x4b4a4aff,0x4a4949ff,0x484848ff,0x474747ff,0x464646ff,0x444443ff,0x424342ff,0x414241ff,0x3f3f3fff,0x3e3e3eff,0x3d3d3dff,0x3b3b3cff,
0x3a3a3aff,0x393839ff,0x373837ff,0x353636ff,0x353534ff,0x333333ff,0x313131ff,0x303030ff,0x2f2e2fff,0x2e2e2dff,0x2c2b2cff,0x2b2b2aff,0x292929ff,0x272827ff,0x262626ff,0x252525ff,0x242323ff,0x222222ff,0x212120ff,0x1f1f20ff,0x1e1e1eff,0x1d1c1cff,
0x1b1b1bff,0x19191aff,0x191818ff,0x171617ff,0x151615ff,0x141414ff,0x131312ff,0x111011ff,0x100f0fff,0xe0e0eff,0xd0d0cff,0xc0b0bff,0xa0a0aff,0x80908ff,0x70707ff,0x60505ff,0x40404ff,0x30302ff,0x10102ff,0xff,0xff,0xff,
0xff,0xff,0xff,0xff,0xff,0x10000ff,0x10202ff,0x30403ff,0x50504ff,0x60606ff,0x70807ff,0x90909ff,0xa0a0aff,0xb0c0cff,0xd0e0dff,0xf0e0fff,0x101010ff,0x111112ff,0x131312ff,0x141514ff,0x161516ff,0x181717ff,
0x181818ff,0x1a1919ff,0x1c1b1cff,0x1d1d1dff,0x1f1f1eff,0x1f2020ff,0x212121ff,0x222322ff,0x242424ff,0x252625ff,0x262727ff,0x282828ff,0x2a2929ff,0x2b2b2bff,0x2d2c2dff,0x2e2e2eff,0x302f2fff,0x313131ff,0x323232ff,0x343433ff,0x353535ff,0x363636ff,
0x373738ff,0x393939ff,0x3a3a3bff,0x3c3c3bff,0x3d3d3dff,0x3f3f3fff,0x414040ff,0x424242ff,0x434343ff,0x444444ff,0x464546ff,0x474847ff,0x494949ff,0x4a4b4aff,0x4b4c4cff,0x4d4d4dff,0x4f4e4eff,0x505050ff,0x525150ff,0x535352ff,0x545454ff,0x565655ff,
0x575757ff,0x595858ff,0x5a5a5aff,0x5b5c5bff,0x5c5d5dff,0x5e5f5eff,0x5f605fff,0x616261ff,0x636362ff,0x646464ff,0x666565ff,0x676766ff,0x686968ff,0x6a6a69ff,0x6b6b6bff,0x6d6d6cff,0x6e6f6eff,0x70706fff,0x717171ff,0x737272ff,0x757573ff,0x767676ff,
0x787877ff,0x797979ff,0x7b7a7aff,0x7c7c7cff,0x7d7d7cff,0x7e7f7fff,0x808180ff,0x828281ff,0x848383ff,0x848584ff,0x868786ff,0x888887ff,0x898988ff,0x8b8b8aff,0x8c8c8cff,0x8d8e8dff,0x8f8f8fff,0x909190ff,0x929291ff,0x939392ff,0x949493ff,0x959696ff,
0x979797ff,0x989897ff,0x9a9999ff,0x9b9a9aff,0x9c9c9bff,0x9c9c9cff,0x9d9e9dff,0x9f9e9eff,0xa0a09fff,0xa0a1a0ff,0xa1a1a1ff,0xa1a2a1ff,0xa2a2a1ff,0xa2a3a2ff,0xa3a3a2ff,0xa3a4a3ff,0xa4a4a3ff,0xa4a4a3ff,0xa4a4a3ff,0xa5a5a4ff,0xa5a4a3ff,0xa4a4a4ff,
0xa4a4a3ff,0xa3a4a3ff,0xa3a3a3ff,0xa2a3a2ff,0xa2a2a2ff,0xa2a2a1ff,0xa1a1a1ff,0xa0a0a0ff,0xa0a09fff,0x9f9f9eff,0x9e9e9dff,0x9d9d9cff,0x9b9b9bff,0x9a9a9aff,0x999999ff,0x989898ff,0x979797ff,0x969695ff,0x949494ff,0x939393ff,0x929291ff,0x90918fff,
0x8f8f8eff,0x8e8e8dff,0x8d8c8bff,0x8a8a8aff,0x8a8a88ff,0x888887ff,0x868686ff,0x858584ff,0x838383ff,0x828282ff,0x808080ff,0x7f7e7eff,0x7d7e7dff,0x7c7c7bff,0x7a7a7aff,0x797978ff,0x777777ff,0x767676ff,0x747473ff,0x727372ff,0x717271ff,0x707070ff,
0x6f6f6eff,0x6d6d6cff,0x6b6b6bff,0x6a6a69ff,0x696868ff,0x676767ff,0x656665ff,0x646464ff,0x636362ff,0x616160ff,0x606060ff,0x5e5e5eff,0x5d5c5dff,0x5c5c5bff,0x595a59ff,0x595958ff,0x575756ff,0x555556ff,0x545454ff,0x535352ff,0x515150ff,0x505050ff,
0x4f4f4eff,0x4d4d4cff,0x4c4b4cff,0x4a4a49ff,0x494948ff,0x474747ff,0x464645ff,0x454544ff,0x434343ff,0x414241ff,0x404040ff,0x3f3f3eff,0x3e3d3dff,0x3c3c3cff,0x3b3b3bff,0x393939ff,0x383837ff,0x373636ff,0x353534ff,0x333433ff,0x323232ff,0x313030ff,
0x2f302fff,0x2e2e2dff,0x2c2c2cff,0x2b2b2bff,0x292a2aff,0x282828ff,0x272727ff,0x252525ff,0x242424ff,0x222322ff,0x212121ff,0x20201fff,0x1e1f1eff,0x1d1d1dff,0x1b1b1bff,0x1a1a1aff,0x191918ff,0x171817ff,0x161615ff,0x151414ff,0x121213ff,0x121211ff,
0x101010ff,0xe0e0fff,0xe0d0dff,0xb0c0cff,0xb0a0aff,0x90908ff,0x70808ff,0x60606ff,0x50504ff,0x30303ff,0x20201ff,0xff,0xff,0xff,0xff,0xff,0xff,0xff,0x100ff,0x10100ff,0x20302ff,0x30303ff,
0x50505ff,0x60706ff,0x70708ff,0x9090aff,0xa0a0bff,0xc0c0cff,0xd0e0eff,0xf0f0fff,0x101011ff,0x121112ff,0x141313ff,0x141414ff,0x161616ff,0x181817ff,0x191919ff,0x1a1b1aff,0x1c1c1cff,0x1d1d1dff,0x1f1e1fff,0x202020ff,0x212121ff,0x232322ff,
0x242424ff,0x262525ff,0x272727ff,0x282929ff,0x2a2a2aff,0x2c2b2cff,0x2d2d2dff,0x2e2e2eff,0x2f3030ff,0x313131ff,0x333232ff,0x343434ff,0x353535ff,0x373737ff,0x383838ff,0x3a393aff,0x3c3b3bff,0x3c3d3dff,0x3e3e3dff,0x3f3f3fff,0x414140ff,0x424242ff,
0x444344ff,0x454545ff,0x474746ff,0x484848ff,0x494949ff,0x4b4b4aff,0x4c4c4cff,0x4e4e4dff,0x4f504fff,0x515050ff,0x525252ff,0x535353ff,0x555554ff,0x565656ff,0x585857ff,0x595a59ff,0x5b5a5aff,0x5c5d5bff,0x5d5e5dff,0x5f5f5fff,0x606060ff,0x626161ff,
0x646363ff,0x656565ff,0x676766ff,0x686867ff,0x6a6a69ff,0x6a6b6aff,0x6d6c6cff,0x6e6e6dff,0x6f6f6fff,0x717170ff,0x727372ff,0x747473ff,0x757575ff,0x777776ff,0x787978ff,0x7a7a7aff,0x7c7b7bff,0x7d7d7dff,0x7f7f7eff,0x808080ff,0x828282ff,0x838382ff,
0x858484ff,0x868686ff,0x878887ff,0x8a8989ff,0x8b8b8aff,0x8c8c8bff,0x8e8e8dff,0x8f8f8fff,0x919090ff,0x929292ff,0x949493ff,0x959594ff,0x979696ff,0x979798ff,0x999998ff,0x9a9a9aff,0x9c9c9bff,0x9d9c9cff,0x9d9d9dff,0x9e9e9eff,0xa0a09fff,0xa0a1a0ff,
0xa2a2a1ff,0xa3a3a2ff,0xa3a3a3ff,0xa4a4a4ff,0xa5a4a4ff,0xa5a5a5ff,0xa5a6a5ff,0xa6a6a6ff,0xa6a6a6ff,0xa6a6a6ff,0xa6a7a6ff,0xa7a6a6ff,0xa6a7a6ff,0xa7a6a6ff,0xa6a6a5ff,0xa6a6a5ff,0xa5a6a5ff,0xa5a6a5ff,0xa5a4a4ff,0xa4a4a4ff,0xa4a4a3ff,0xa3a2a2ff,
0xa2a2a1ff,0xa1a1a0ff,0xa0a0a0ff,0x9f9f9eff,0x9e9e9dff,0x9c9c9cff,0x9b9c9bff,0x9a9a99ff,0x999998ff,0x989898ff,0x979696ff,0x959594ff,0x949493ff,0x929392ff,0x919090ff,0x8f8f8fff,0x8e8e8dff,0x8d8c8cff,0x8a8b8bff,0x898a88ff,0x878788ff,0x868686ff,
0x858584ff,0x838383ff,0x818181ff,0x808080ff,0x7f7e7eff,0x7d7d7dff,0x7c7c7cff,0x7a7a79ff,0x787978ff,0x777677ff,0x767575ff,0x747473ff,0x727272ff,0x707170ff,0x6f6f6fff,0x6d6e6eff,0x6c6d6bff,0x6b6b6aff,0x696969ff,0x686867ff,0x666766ff,0x656565ff,
0x646363ff,0x626261ff,0x606060ff,0x5f5f5eff,0x5d5e5dff,0x5c5c5cff,0x5b5b5aff,0x595a59ff,0x585858ff,0x565656ff,0x555554ff,0x545353ff,0x525252ff,0x505150ff,0x4f4f4fff,0x4d4e4eff,0x4c4c4cff,0x4a4b4bff,0x494949ff,0x484848ff,0x474646ff,0x454545ff,
0x444443ff,0x434342ff,0x404040ff,0x3f3f3fff,0x3e3e3dff,0x3c3c3cff,0x3b3b3aff,0x3a3a3aff,0x383938ff,0x373736ff,0x353635ff,0x343434ff,0x323232ff,0x313131ff,0x30302fff,0x2e2f2eff,0x2c2c2cff,0x2c2c2bff,0x2a2a2aff,0x292828ff,0x272727ff,0x262526ff,
0x242525ff,0x232322ff,0x212121ff,0x202020ff,0x1f1e1fff,0x1d1d1dff,0x1c1c1cff,0x1a1a1aff,0x191919ff,0x171817ff,0x161616ff,0x151514ff,0x141314ff,0x121212ff,0x111110ff,0xf0f0fff,0xe0e0dff,0xc0d0cff,0xa0b0bff,0x90909ff,0x80808ff,0x70606ff,
0x50505ff,0x40303ff,0x30202ff,0x10101ff,0xff,0xff,0x1ff,0xff,0xff,0xff,0xff,0x10101ff,0x20302ff,0x40403ff,0x60605ff,0x60707ff,0x80808ff,0xa0a0aff,0xb0b0bff,0xd0c0cff,0xe0e0eff,0x10100fff,
0x101111ff,0x121212ff,0x141414ff,0x151515ff,0x161716ff,0x181818ff,0x191a19ff,0x1b1b1aff,0x1c1c1dff,0x1e1e1eff,0x1f1f1fff,0x202120ff,0x222222ff,0x242323ff,0x252424ff,0x262626ff,0x282828ff,0x292929ff,0x2a2b2aff,0x2c2c2cff,0x2e2d2eff,0x2f2e2eff,
0x313030ff,0x313232ff,0x333332ff,0x343534ff,0x353636ff,0x383837ff,0x393838ff,0x3a3a3aff,0x3c3c3cff,0x3d3d3dff,0x3f3e3eff,0x40403fff,0x414141ff,0x434242ff,0x444444ff,0x464546ff,0x474747ff,0x494948ff,0x494a4aff,0x4c4b4bff,0x4d4d4cff,0x4e4e4dff,
0x50504fff,0x515151ff,0x535352ff,0x545454ff,0x555556ff,0x575756ff,0x585858ff,0x5a5a59ff,0x5c5b5bff,0x5d5d5dff,0x5e5f5eff,0x606060ff,0x616161ff,0x636262ff,0x646464ff,0x666665ff,0x676767ff,0x686869ff,0x6a6a6aff,0x6c6b6cff,0x6d6d6cff,0x6f6e6eff,
0x717070ff,0x727271ff,0x737373ff,0x757574ff,0x767676ff,0x787878ff,0x7a7979ff,0x7b7b7bff,0x7d7d7cff,0x7e7f7dff,0x7f8080ff,0x818181ff,0x838483ff,0x848484ff,0x868686ff,0x878887ff,0x898a89ff,0x8b8b8aff,0x8c8c8cff,0x8e8e8dff,0x8f908fff,0x919190ff,
0x939391ff,0x949493ff,0x959595ff,0x979796ff,0x989998ff,0x9a9a99ff,0x9b9b9aff,0x9c9c9cff,0x9d9d9dff,0x9f9f9fff,0xa0a09fff,0xa1a1a0ff,0xa2a2a1ff,0xa4a3a3ff,0xa4a4a4ff,0xa5a5a4ff,0xa6a6a5ff,0xa7a7a6ff,0xa7a7a7ff,0xa7a8a7ff,0xa8a9a8ff,0xa9a9a8ff,
0xa9a9a9ff,0xaaa9a8ff,0xa9aaa9ff,0xa9a9a8ff,0xaaa9a8ff,0xaaa9a8ff,0xa9a9a8ff,0xa9a9a8ff,0xa8a9a8ff,0xa8a7a7ff,0xa7a7a7ff,0xa6a7a6ff,0xa6a6a5ff,0xa5a5a5ff,0xa4a4a4ff,0xa3a3a3ff,0xa2a2a1ff,0xa1a1a1ff,0xa0a09fff,0x9f9f9eff,0x9e9e9dff,0x9c9c9cff,
0x9b9b9bff,0x9a9999ff,0x989898ff,0x979697ff,0x969594ff,0x949493ff,0x939292ff,0x919191ff,0x908f8fff,0x8e8e8dff,0x8c8d8cff,0x8b8a8bff,0x898989ff,0x888787ff,0x868685ff,0x848584ff,0x838382ff,0x818281ff,0x808080ff,0x7e7e7eff,0x7d7d7cff,0x7b7b7aff,
0x7a7979ff,0x787877ff,0x767676ff,0x757474ff,0x737373ff,0x727272ff,0x707070ff,0x6f6f6eff,0x6d6d6dff,0x6c6b6bff,0x6a6a6aff,0x696968ff,0x676767ff,0x656565ff,0x646463ff,0x626362ff,0x616161ff,0x60605fff,0x5e5e5eff,0x5c5d5cff,0x5b5c5bff,0x5a5a59ff,
0x585858ff,0x575757ff,0x555655ff,0x545453ff,0x535352ff,0x515251ff,0x50504fff,0x4f4f4eff,0x4d4d4cff,0x4c4b4bff,0x4a4949ff,0x494948ff,0x474847ff,0x464546ff,0x444443ff,0x434343ff,0x414142ff,0x404040ff,0x3e3e3eff,0x3d3d3dff,0x3c3c3bff,0x3b3a3aff,
0x393838ff,0x373737ff,0x363635ff,0x343534ff,0x333333ff,0x323132ff,0x313130ff,0x2e2f2fff,0x2e2e2dff,0x2c2c2cff,0x2a2a2aff,0x292928ff,0x272728ff,0x262626ff,0x242525ff,0x232324ff,0x222122ff,0x212120ff,0x1f1f1fff,0x1d1e1eff,0x1c1c1cff,0x1b1b1bff,
0x191a19ff,0x181818ff,0x161616ff,0x151514ff,0x141313ff,0x121212ff,0x111111ff,0xf0f0fff,0xe0e0eff,0xd0c0cff,0xb0b0bff,0x90a0aff,0x80808ff,0x70607ff,0x60605ff,0x40403ff,0x20202ff,0x10102ff,0xff,0xff,0x100ff,0xff,
0xff,0xff,0xff,0x10101ff,0x20303ff,0x40504ff,0x60606ff,0x70707ff,0x80908ff,0xa0a09ff,0xc0c0bff,0xd0d0dff,0xe0e0eff,0x100f10ff,0x111111ff,0x131312ff,0x141414ff,0x161615ff,0x171717ff,0x191819ff,0x1a1a1aff,0x1b1c1bff,
0x1d1d1dff,0x1e1e1eff,0x1f201fff,0x202021ff,0x222222ff,0x242423ff,0x252525ff,0x272626ff,0x282828ff,0x292a29ff,0x2b2b2bff,0x2d2c2dff,0x2e2e2eff,0x2f2f2fff,0x313130ff,0x323232ff,0x333333ff,0x343535ff,0x363636ff,0x383837ff,0x393939ff,0x3b3b3bff,
0x3c3c3cff,0x3e3d3dff,0x3f3f3fff,0x414040ff,0x414141ff,0x434343ff,0x444545ff,0x464746ff,0x474847ff,0x494948ff,0x4b4a4aff,0x4c4c4bff,0x4d4e4dff,0x4e4e4eff,0x505150ff,0x515151ff,0x535353ff,0x555554ff,0x565655ff,0x585857ff,0x595959ff,0x5a5b5bff,
0x5c5c5bff,0x5d5e5dff,0x5f5f5eff,0x616060ff,0x626262ff,0x646463ff,0x656565ff,0x666766ff,0x686868ff,0x6a6a69ff,0x6b6b6bff,0x6d6d6cff,0x6f6f6dff,0x70706fff,0x717171ff,0x737373ff,0x747474ff,0x767675ff,0x777877ff,0x797978ff,0x7b7b7aff,0x7c7c7cff,
0x7e7d7eff,0x80807fff,0x828180ff,0x838382ff,0x848484ff,0x858685ff,0x878787ff,0x898a88ff,0x8a8b8bff,0x8c8c8cff,0x8e8e8dff,0x8f908fff,0x919191ff,0x929292ff,0x949494ff,0x969695ff,0x989797ff,0x999998ff,0x9a9a9aff,0x9c9b9bff,0x9d9d9cff,0x9f9e9eff,
0xa0a0a0ff,0xa1a1a0ff,0xa3a3a2ff,0xa4a4a2ff,0xa5a5a4ff,0xa6a5a5ff,0xa7a6a6ff,0xa7a7a7ff,0xa8a9a7ff,0xa9a9a8ff,0xaaaaa9ff,0xaaabaaff,0xababaaff,0xabacaaff,0xacabaaff,0xacacacff,0xacacabff,0xacacacff,0xacacacff,0xacacabff,0xacacabff,0xabababff,
0xabaaaaff,0xaaaaaaff,0xa9aaa9ff,0xa9a9a9ff,0xa8a8a7ff,0xa7a8a7ff,0xa6a6a6ff,0xa6a5a5ff,0xa5a4a4ff,0xa3a3a3ff,0xa2a2a2ff,0xa1a1a0ff,0x9fa09fff,0x9f9e9eff,0x9d9d9dff,0x9c9c9bff,0x9a9a9aff,0x989998ff,0x979797ff,0x969695ff,0x949494ff,0x939392ff,
0x919190ff,0x8f908fff,0x8e8e8dff,0x8c8c8cff,0x8a8b8aff,0x898989ff,0x888887ff,0x858685ff,0x848483ff,0x838383ff,0x818180ff,0x7f807fff,0x7e7e7dff,0x7c7c7cff,0x7b7a7aff,0x7a7979ff,0x787777ff,0x767675ff,0x747574ff,0x737373ff,0x717171ff,0x706f6fff,
0x6e6e6dff,0x6d6c6cff,0x6b6b6aff,0x696a69ff,0x686868ff,0x676667ff,0x656564ff,0x636463ff,0x626262ff,0x616061ff,0x5f5f5eff,0x5d5d5eff,0x5c5c5cff,0x5a5b5aff,0x595958ff,0x575858ff,0x565656ff,0x545454ff,0x535353ff,0x525252ff,0x515050ff,0x4f4f4eff,
0x4e4e4dff,0x4c4c4cff,0x4b4a4aff,0x494949ff,0x474747ff,0x464646ff,0x454544ff,0x434343ff,0x424241ff,0x414041ff,0x3e3f3eff,0x3e3e3eff,0x3c3c3cff,0x3b3a3bff,0x393939ff,0x383837ff,0x363736ff,0x353534ff,0x343433ff,0x323232ff,0x303130ff,0x302f2fff,
0x2e2e2eff,0x2c2c2cff,0x2b2b2bff,0x292929ff,0x282828ff,0x272627ff,0x252525ff,0x242323ff,0x222222ff,0x212121ff,0x202020ff,0x1e1e1eff,0x1d1c1cff,0x1b1b1bff,0x1a1a1aff,0x181919ff,0x161717ff,0x151515ff,0x141414ff,0x131312ff,0x111111ff,0x101010ff,
0xe0e0eff,0xd0d0dff,0xb0c0bff,0xa0a0aff,0x80908ff,0x70707ff,0x60605ff,0x40404ff,0x20303ff,0x20201ff,0xff,0xff,0xff,0xff,0xff,0x1ff,0x1ff,0x10202ff,0x30303ff,0x50504ff,0x60606ff,0x70808ff,
0x90909ff,0xa0a0aff,0xb0c0cff,0xd0d0dff,0xf0e0eff,0x111010ff,0x121212ff,0x131313ff,0x141515ff,0x161616ff,0x171717ff,0x191919ff,0x1b1a1aff,0x1b1c1bff,0x1d1d1dff,0x1e1e1eff,0x202020ff,0x212121ff,0x222322ff,0x242424ff,0x262626ff,0x272727ff,
0x292928ff,0x29292aff,0x2b2b2bff,0x2c2c2cff,0x2e2e2eff,0x302f2fff,0x313131ff,0x323332ff,0x343434ff,0x363535ff,0x373737ff,0x383838ff,0x3a393aff,0x3b3b3aff,0x3c3d3cff,0x3e3e3dff,0x3f403fff,0x404140ff,0x424242ff,0x444443ff,0x464545ff,0x464747ff,
0x484848ff,0x4a4949ff,0x4b4b4aff,0x4d4d4cff,0x4e4e4eff,0x50504fff,0x505150ff,0x535352ff,0x535454ff,0x555655ff,0x565757ff,0x585958ff,0x5a5a5aff,0x5b5b5bff,0x5d5d5dff,0x5f5e5eff,0x60605fff,0x616161ff,0x636362ff,0x646563ff,0x666665ff,0x676766ff,
0x696968ff,0x6a6a6aff,0x6c6c6cff,0x6e6e6dff,0x6f6f6eff,0x717170ff,0x727272ff,0x737473ff,0x767575ff,0x777776ff,0x787878ff,0x7a7a7aff,0x7c7c7bff,0x7d7d7cff,0x7e7f7eff,0x818080ff,0x828281ff,0x848383ff,0x858585ff,0x878786ff,0x898889ff,0x8b8a8aff,
0x8d8c8bff,0x8e8d8dff,0x908f8fff,0x919191ff,0x939392ff,0x949594ff,0x969696ff,0x989897ff,0x999998ff,0x9b9b9aff,0x9c9c9bff,0x9e9e9dff,0x9f9f9fff,0xa1a0a0ff,0xa2a2a1ff,0xa3a4a2ff,0xa5a5a4ff,0xa6a6a5ff,0xa6a7a6ff,0xa8a8a7ff,0xa9a9a9ff,0xaaaaa9ff,
0xababaaff,0xacacabff,0xacadacff,0xadadacff,0xaeaeadff,0xaeaeadff,0xaeaeaeff,0xaeafaeff,0xafafaeff,0xaeaeaeff,0xafafaeff,0xafaeaeff,0xafafaeff,0xaeadadff,0xaeadadff,0xadadacff,0xacacacff,0xacacabff,0xababaaff,0xaaaaa9ff,0xa9a9a8ff,0xa8a8a7ff,
0xa7a7a6ff,0xa5a6a5ff,0xa4a4a4ff,0xa3a3a3ff,0xa2a2a1ff,0xa0a19fff,0x9f9f9fff,0x9e9e9dff,0x9c9c9cff,0x9b9a9aff,0x999999ff,0x989797ff,0x969695ff,0x949493ff,0x939292ff,0x919190ff,0x8f908eff,0x8e8e8dff,0x8c8c8cff,0x8a8a8aff,0x888889ff,0x878786ff,
0x858585ff,0x838484ff,0x828382ff,0x818080ff,0x7f7f7fff,0x7d7d7dff,0x7c7c7bff,0x7a7a7aff,0x787878ff,0x777777ff,0x757575ff,0x747473ff,0x727272ff,0x717171ff,0x6f6f6fff,0x6d6d6dff,0x6c6c6cff,0x6a6a6aff,0x696968ff,0x676767ff,0x656665ff,0x646564ff,
0x636363ff,0x616161ff,0x5f6060ff,0x5e5e5eff,0x5d5d5cff,0x5b5c5bff,0x5a5959ff,0x585858ff,0x575756ff,0x555555ff,0x545354ff,0x525352ff,0x515151ff,0x4f4f4fff,0x4e4e4eff,0x4d4c4cff,0x4b4b4aff,0x4a4949ff,0x484847ff,0x464746ff,0x454545ff,0x444444ff,
0x424242ff,0x414041ff,0x3f4040ff,0x3e3e3dff,0x3d3c3cff,0x3b3b3bff,0x393a39ff,0x383839ff,0x373736ff,0x353535ff,0x343434ff,0x333232ff,0x313130ff,0x2f2f30ff,0x2e2e2eff,0x2c2d2dff,0x2c2b2bff,0x2a2a2aff,0x282928ff,0x272726ff,0x252525ff,0x242424ff,
0x232223ff,0x212121ff,0x1f201fff,0x1f1e1eff,0x1d1d1dff,0x1b1b1cff,0x1a1a1aff,0x191919ff,0x181717ff,0x161616ff,0x141514ff,0x131313ff,0x121212ff,0x101010ff,0xf0f0eff,0xd0d0eff,0xc0c0cff,0xa0a0aff,0x90909ff,0x80807ff,0x60606ff,0x50504ff,
0x30303ff,0x10202ff,0x100ff,0xff,0xff,0xff,0xff,0xff,0x10001ff,0x20202ff,0x30304ff,0x50505ff,0x70607ff,0x70808ff,0x90909ff,0xb0b0bff,0xc0d0cff,0xe0d0eff,0xf0f0fff,0x101010ff,0x121211ff,0x131313ff,
0x151515ff,0x161716ff,0x181717ff,0x191919ff,0x1b1a1aff,0x1c1c1cff,0x1e1d1dff,0x1e1f1fff,0x202020ff,0x212121ff,0x232323ff,0x252524ff,0x252626ff,0x272727ff,0x282929ff,0x2a2a2aff,0x2c2c2bff,0x2d2d2dff,0x2e2f2eff,0x303030ff,0x313232ff,0x333332ff,
0x353534ff,0x363535ff,0x373737ff,0x393838ff,0x3b3a3aff,0x3b3b3cff,0x3d3d3dff,0x3e3e3eff,0x40403fff,0x414241ff,0x424343ff,0x444444ff,0x464645ff,0x474847ff,0x484849ff,0x4a4a4aff,0x4c4b4bff,0x4d4d4cff,0x4e4f4eff,0x505050ff,0x525151ff,0x535352ff,
0x555554ff,0x565556ff,0x585757ff,0x595959ff,0x5a5b5aff,0x5c5b5bff,0x5d5d5dff,0x5f5f5eff,0x606060ff,0x626262ff,0x636363ff,0x656564ff,0x676666ff,0x686867ff,0x696a69ff,0x6b6b6bff,0x6d6d6dff,0x6e6e6eff,0x707070ff,0x717171ff,0x737373ff,0x747574ff,
0x767676ff,0x787877ff,0x7a7a79ff,0x7b7c7aff,0x7c7d7cff,0x7f7e7eff,0x808080ff,0x828281ff,0x848383ff,0x868584ff,0x868786ff,0x888988ff,0x8a8a8aff,0x8c8c8cff,0x8e8e8dff,0x8f8f8fff,0x919191ff,0x929392ff,0x949494ff,0x969696ff,0x979797ff,0x999999ff,
0x9b9b9aff,0x9c9c9cff,0x9e9e9dff,0x9f9f9fff,0xa1a2a1ff,0xa2a2a2ff,0xa4a4a3ff,0xa6a5a5ff,0xa7a6a6ff,0xa8a8a7ff,0xa9aaa9ff,0xaaaaa9ff,0xabababff,0xacacacff,0xadadadff,0xaeaeadff,0xafafaeff,0xafb0afff,0xb0b0afff,0xb0b1b0ff,0xb1b1b1ff,0xb2b2b0ff,
0xb1b1b1ff,0xb1b2b0ff,0xb1b1b0ff,0xb1b1b1ff,0xb1b1b1ff,0xb1b1b0ff,0xb0b0afff,0xafafafff,0xafafaeff,0xaeaeadff,0xadaeadff,0xacacacff,0xabababff,0xaaaaaaff,0xa9a9a8ff,0xa8a8a7ff,0xa7a6a6ff,0xa6a6a5ff,0xa4a4a4ff,0xa3a3a2ff,0xa1a1a0ff,0x9fa09fff,
0x9e9e9dff,0x9c9c9cff,0x9b9b9aff,0x9a9a99ff,0x989897ff,0x969695ff,0x959494ff,0x929392ff,0x909190ff,0x8f8f8fff,0x8e8d8dff,0x8c8b8bff,0x8a8a89ff,0x898988ff,0x878786ff,0x858584ff,0x838383ff,0x828281ff,0x80807fff,0x7f7f7eff,0x7d7d7cff,0x7b7b7bff,
0x7a7a7aff,0x787877ff,0x777776ff,0x747574ff,0x737372ff,0x717271ff,0x70706fff,0x6e6e6dff,0x6d6d6cff,0x6b6b6aff,0x696969ff,0x686867ff,0x676666ff,0x656565ff,0x636463ff,0x626262ff,0x606060ff,0x5f5f5fff,0x5e5e5dff,0x5c5c5bff,0x5a5b5aff,0x595958ff,
0x575757ff,0x555656ff,0x555454ff,0x525353ff,0x525151ff,0x505050ff,0x4e4f4eff,0x4d4d4cff,0x4c4c4bff,0x4a4a4aff,0x484848ff,0x474747ff,0x464646ff,0x444444ff,0x434342ff,0x424142ff,0x40403fff,0x3e3f3eff,0x3d3d3dff,0x3c3b3bff,0x3a3a3aff,0x393939ff,
0x373737ff,0x353536ff,0x343534ff,0x333332ff,0x323232ff,0x303030ff,0x2e2f2eff,0x2d2d2dff,0x2b2c2bff,0x2a2a2aff,0x292929ff,0x282727ff,0x262626ff,0x252525ff,0x232323ff,0x222121ff,0x212020ff,0x1f1e1fff,0x1d1d1eff,0x1c1c1cff,0x1a1b1aff,0x191919ff,
0x181817ff,0x161717ff,0x151514ff,0x141313ff,0x121212ff,0x111110ff,0xf0f0fff,0xe0d0eff,0xc0c0cff,0xb0b0bff,0x90909ff,0x80808ff,0x60706ff,0x50505ff,0x30303ff,0x20202ff,0x10100ff,0xff,0x10000ff,0xff,0xff,0xff,
0x10001ff,0x30202ff,0x40404ff,0x50505ff,0x70706ff,0x80808ff,0xa0909ff,0xb0b0bff,0xc0d0dff,0xd0d0eff,0xf0f0fff,0x101110ff,0x121212ff,0x141414ff,0x151515ff,0x161717ff,0x171817ff,0x1a1919ff,0x1b1a1bff,0x1c1c1cff,0x1d1e1dff,0x1f1f1fff,
0x212121ff,0x222222ff,0x232423ff,0x242525ff,0x262726ff,0x282828ff,0x292929ff,0x2a2a2aff,0x2c2c2cff,0x2d2d2dff,0x2f2f2fff,0x303130ff,0x323231ff,0x333333ff,0x343534ff,0x373736ff,0x383738ff,0x393939ff,0x3a3b3bff,0x3c3c3cff,0x3e3e3dff,0x3f3f3fff,
0x404040ff,0x424241ff,0x434443ff,0x454545ff,0x464646ff,0x484847ff,0x494949ff,0x4b4b4aff,0x4c4c4bff,0x4d4d4dff,0x4f4f4eff,0x515150ff,0x525251ff,0x535353ff,0x555455ff,0x565656ff,0x585857ff,0x5a5959ff,0x5b5b5bff,0x5c5c5cff,0x5e5e5eff,0x606060ff,
0x616161ff,0x626362ff,0x646464ff,0x666665ff,0x676766ff,0x696968ff,0x6a6a6aff,0x6c6b6cff,0x6d6d6dff,0x6f6f6eff,0x707170ff,0x727271ff,0x737474ff,0x767575ff,0x777877ff,0x797978ff,0x7b7a7aff,0x7c7c7bff,0x7d7e7dff,0x807f7fff,0x828180ff,0x838382ff,
0x858584ff,0x878686ff,0x888888ff,0x898a89ff,0x8b8b8bff,0x8d8d8dff,0x908f8eff,0x919190ff,0x939292ff,0x949593ff,0x969695ff,0x979897ff,0x999a98ff,0x9b9b9aff,0x9d9c9cff,0x9e9e9eff,0xa0a0a0ff,0xa1a2a1ff,0xa3a3a3ff,0xa4a4a4ff,0xa6a7a6ff,0xa8a7a7ff,
0xa9a9a8ff,0xababaaff,0xacacabff,0xacadacff,0xaeaeadff,0xafafaeff,0xb0b0b0ff,0xb1b1b0ff,0xb1b2b0ff,0xb2b3b2ff,0xb3b3b2ff,0xb3b4b2ff,0xb3b3b3ff,0xb4b4b3ff,0xb4b5b3ff,0xb4b4b3ff,0xb5b4b4ff,0xb4b4b3ff,0xb4b3b3ff,0xb3b3b2ff,0xb2b3b2ff,0xb2b2b1ff,
0xb1b2b1ff,0xb1b1b0ff,0xb0b0afff,0xafafaeff,0xadaeadff,0xacadacff,0xabababff,0xaaaaaaff,0xa9a9a8ff,0xa8a7a7ff,0xa6a6a6ff,0xa5a5a4ff,0xa3a4a3ff,0xa2a2a1ff,0xa0a0a0ff,0x9e9e9eff,0x9d9d9cff,0x9c9b9aff,0x999999ff,0x979897ff,0x969696ff,0x949493ff,
0x929392ff,0x919190ff,0x8f8f8eff,0x8d8e8dff,0x8b8c8bff,0x8a898aff,0x888888ff,0x868686ff,0x848584ff,0x838382ff,0x818181ff,0x807f7fff,0x7d7e7dff,0x7c7d7cff,0x7a7a7aff,0x787978ff,0x787776ff,0x757575ff,0x747474ff,0x727272ff,0x717071ff,0x6f6f6fff,
0x6d6d6dff,0x6c6c6cff,0x6b6a6aff,0x686868ff,0x676766ff,0x656665ff,0x656464ff,0x636262ff,0x616160ff,0x60605fff,0x5e5e5eff,0x5d5d5cff,0x5b5b5aff,0x595959ff,0x585858ff,0x575656ff,0x555554ff,0x545453ff,0x525252ff,0x505150ff,0x4f4f4fff,0x4e4d4dff,
0x4c4c4cff,0x4a4b4aff,0x494949ff,0x484847ff,0x464646ff,0x454544ff,0x444343ff,0x424141ff,0x404040ff,0x3f3f3eff,0x3e3d3dff,0x3c3c3cff,0x3a3a3aff,0x3a3939ff,0x383838ff,0x363736ff,0x343535ff,0x333433ff,0x323232ff,0x303130ff,0x2f2f2fff,0x2d2e2dff,
0x2c2c2bff,0x2a2b2aff,0x292929ff,0x272828ff,0x272626ff,0x252525ff,0x242323ff,0x222222ff,0x202020ff,0x1f1f1fff,0x1e1d1eff,0x1c1c1cff,0x1b1b1aff,0x191a1aff,0x181818ff,0x171716ff,0x151514ff,0x141414ff,0x121212ff,0x111111ff,0xf0f0fff,0xe0e0eff,
0xc0c0cff,0xb0b0bff,0xa0a09ff,0x80808ff,0x60707ff,0x50505ff,0x30303ff,0x20202ff,0x10101ff,0x1ff,0x100ff,0xff,0xff,0x10000ff,0x10101ff,0x20303ff,0x40405ff,0x50505ff,0x70706ff,0x90809ff,0xa090aff,0xc0b0bff,
0xc0d0cff,0xe0e0eff,0x100f0fff,0x111111ff,0x121212ff,0x141414ff,0x151615ff,0x171616ff,0x191818ff,0x191a1aff,0x1b1b1bff,0x1c1c1dff,0x1e1e1eff,0x202020ff,0x212120ff,0x232222ff,0x242423ff,0x252525ff,0x272726ff,0x282828ff,0x292929ff,0x2b2b2bff,
0x2d2c2cff,0x2e2e2eff,0x302f2fff,0x313131ff,0x323232ff,0x343433ff,0x353535ff,0x363737ff,0x383838ff,0x39393aff,0x3a3b3bff,0x3d3c3cff,0x3e3d3eff,0x3f3f3fff,0x414140ff,0x424242ff,0x434444ff,0x454545ff,0x474746ff,0x484848ff,0x494a49ff,0x4b4b4bff,
0x4d4d4cff,0x4e4e4eff,0x50504fff,0x515151ff,0x525352ff,0x545454ff,0x555655ff,0x575757ff,0x585958ff,0x5a5a59ff,0x5b5c5cff,0x5d5d5cff,0x5e5e5eff,0x606060ff,0x626161ff,0x636362ff,0x656464ff,0x676766ff,0x686868ff,0x6a6a69ff,0x6b6b6aff,0x6d6c6dff,
0x6e6e6eff,0x707070ff,0x727271ff,0x737373ff,0x757574ff,0x767776ff,0x787878ff,0x7a7a79ff,0x7b7c7bff,0x7e7e7dff,0x7f7f7fff,0x818080ff,0x828282ff,0x848484ff,0x868686ff,0x888887ff,0x898989ff,0x8b8b8bff,0x8d8d8dff,0x8f8f8eff,0x919090ff,0x929291ff,
0x949494ff,0x959695ff,0x979797ff,0x999999ff,0x9b9b9aff,0x9d9c9cff,0x9e9e9dff,0xa0a1a0ff,0xa2a2a1ff,0xa4a3a3ff,0xa5a5a5ff,0xa7a6a6ff,0xa8a8a8ff,0xa9aaa9ff,0xabacaaff,0xacadacff,0xaeaeadff,0xafafaeff,0xb0b0b0ff,0xb2b1b0ff,0xb2b2b1ff,0xb3b3b3ff,
0xb4b4b3ff,0xb5b5b4ff,0xb6b5b5ff,0xb6b6b5ff,0xb6b7b6ff,0xb6b6b6ff,0xb7b7b6ff,0xb7b6b6ff,0xb7b6b7ff,0xb7b7b6ff,0xb6b6b5ff,0xb6b6b5ff,0xb6b5b5ff,0xb5b5b4ff,0xb4b4b3ff,0xb4b3b3ff,0xb2b2b2ff,0xb2b1b0ff,0xb0b0b0ff,0xafafafff,0xaeaeadff,0xacadacff,
0xabababff,0xaaaaa9ff,0xa8a9a8ff,0xa6a7a6ff,0xa5a5a4ff,0xa4a4a3ff,0xa2a2a1ff,0xa0a0a0ff,0x9e9f9eff,0x9d9c9cff,0x9b9b9bff,0x9a9998ff,0x979797ff,0x959595ff,0x949494ff,0x929291ff,0x91908fff,0x8f8e8eff,0x8d8d8cff,0x8b8b8bff,0x8a8989ff,0x888887ff,
0x858685ff,0x848483ff,0x828382ff,0x818080ff,0x7f7e7eff,0x7d7d7cff,0x7c7b7bff,0x7a7a79ff,0x787878ff,0x777676ff,0x757574ff,0x737373ff,0x727171ff,0x707070ff,0x6e6e6eff,0x6d6c6cff,0x6b6b6aff,0x696a69ff,0x686868ff,0x666666ff,0x656565ff,0x636362ff,
0x616161ff,0x606060ff,0x5e5e5eff,0x5d5d5dff,0x5c5b5bff,0x5a5a5aff,0x585958ff,0x575757ff,0x565655ff,0x545453ff,0x535253ff,0x515151ff,0x50504fff,0x4e4e4eff,0x4d4d4cff,0x4b4b4aff,0x49494aff,0x484847ff,0x474746ff,0x454545ff,0x444443ff,0x424242ff,
0x404140ff,0x3f3f3fff,0x3e3e3dff,0x3d3d3cff,0x3b3b3bff,0x3a3939ff,0x393838ff,0x363736ff,0x353535ff,0x343434ff,0x323232ff,0x303130ff,0x2f302fff,0x2e2e2eff,0x2c2c2cff,0x2b2b2bff,0x29292aff,0x282828ff,0x272627ff,0x252525ff,0x242424ff,0x232222ff,
0x212121ff,0x1f1f1fff,0x1e1e1eff,0x1d1d1dff,0x1c1b1bff,0x1a191aff,0x181818ff,0x171717ff,0x151515ff,0x131413ff,0x121212ff,0x111111ff,0x100f10ff,0xe0e0eff,0xc0d0dff,0xb0b0bff,0xa0a0aff,0x90808ff,0x70707ff,0x50505ff,0x40404ff,0x30203ff,
0x10101ff,0xff,0x10000ff,0xff,0xff,0xff,0x10102ff,0x30203ff,0x40405ff,0x60505ff,0x70807ff,0x80909ff,0xa0a0aff,0xc0c0bff,0xd0d0dff,0xf0e0eff,0x100f10ff,0x111111ff,0x131312ff,0x151414ff,0x161515ff,0x181717ff,
0x181818ff,0x1a1a1aff,0x1c1c1bff,0x1d1d1cff,0x1e1e1eff,0x201f20ff,0x212121ff,0x232222ff,0x242524ff,0x252626ff,0x272727ff,0x292828ff,0x2a2a2aff,0x2c2c2bff,0x2c2d2dff,0x2e2e2eff,0x30302fff,0x313131ff,0x323332ff,0x343434ff,0x353535ff,0x373736ff,
0x393838ff,0x3a3a3aff,0x3c3b3bff,0x3c3d3dff,0x3f3e3eff,0x404040ff,0x414141ff,0x424343ff,0x444444ff,0x464645ff,0x474847ff,0x494848ff,0x4a4a49ff,0x4c4c4bff,0x4d4d4cff,0x4f4f4eff,0x505050ff,0x515251ff,0x535352ff,0x545454ff,0x565656ff,0x585757ff,
0x595959ff,0x5b5b5bff,0x5c5c5cff,0x5d5e5dff,0x5f5f5fff,0x616160ff,0x626262ff,0x636463ff,0x656565ff,0x676767ff,0x686868ff,0x6a6a69ff,0x6c6c6bff,0x6d6d6cff,0x6f6f6fff,0x717171ff,0x737272ff,0x737473ff,0x767675ff,0x777777ff,0x797979ff,0x7a7b7aff,
0x7c7d7bff,0x7e7e7dff,0x7f7f7fff,0x828281ff,0x848483ff,0x858585ff,0x868786ff,0x898988ff,0x8b8a89ff,0x8c8d8cff,0x8e8e8eff,0x90908fff,0x929191ff,0x939393ff,0x959595ff,0x979797ff,0x999998ff,0x9b9b9aff,0x9d9c9cff,0x9f9f9dff,0xa0a09fff,0xa2a2a1ff,
0xa4a4a4ff,0xa5a5a5ff,0xa7a7a7ff,0xa8a9a8ff,0xabaaaaff,0xacacacff,0xaeaeadff,0xafafaeff,0xb0b0b0ff,0xb2b2b1ff,0xb3b3b3ff,0xb4b4b3ff,0xb5b5b4ff,0xb5b6b5ff,0xb7b7b6ff,0xb8b7b7ff,0xb8b9b8ff,0xb8b9b8ff,0xbab9b8ff,0xb9b9b9ff,0xb9bab9ff,0xbabab9ff,
0xbabab9ff,0xb9b9b9ff,0xb9bab9ff,0xb8b9b8ff,0xb8b9b8ff,0xb8b8b7ff,0xb7b7b6ff,0xb6b6b5ff,0xb5b5b4ff,0xb4b4b3ff,0xb3b3b2ff,0xb2b2b1ff,0xb0b1b0ff,0xafafaeff,0xadadadff,0xacacabff,0xababaaff,0xa9a9a9ff,0xa8a7a6ff,0xa5a6a5ff,0xa4a4a3ff,0xa2a2a1ff,
0xa1a1a0ff,0x9e9f9eff,0x9c9c9cff,0x9b9b9aff,0x999999ff,0x989797ff,0x959595ff,0x939393ff,0x929291ff,0x90908fff,0x8e8e8dff,0x8c8d8cff,0x8b8a8aff,0x898988ff,0x878687ff,0x858584ff,0x848483ff,0x818281ff,0x7f7f80ff,0x7e7f7eff,0x7d7d7cff,0x7a7b7aff,
0x787979ff,0x777777ff,0x767675ff,0x747473ff,0x727272ff,0x717170ff,0x6f706fff,0x6d6d6dff,0x6b6c6bff,0x6a6a6aff,0x686868ff,0x676766ff,0x666565ff,0x636364ff,0x636262ff,0x616060ff,0x5f5f5fff,0x5e5e5dff,0x5c5c5cff,0x5a5b5bff,0x595959ff,0x585757ff,
0x565656ff,0x545555ff,0x535353ff,0x525251ff,0x505050ff,0x4e4e4fff,0x4d4d4dff,0x4b4b4bff,0x4a4a4aff,0x494948ff,0x474747ff,0x464545ff,0x454444ff,0x434343ff,0x414141ff,0x3f4040ff,0x3f3e3eff,0x3d3d3cff,0x3b3b3bff,0x3a3a3aff,0x383838ff,0x373737ff,
0x353635ff,0x343434ff,0x333232ff,0x313131ff,0x2f302fff,0x2f2f2eff,0x2c2c2cff,0x2b2b2cff,0x2a2a2aff,0x292828ff,0x272727ff,0x252525ff,0x242424ff,0x232322ff,0x222121ff,0x1f1f20ff,0x1e1e1eff,0x1d1d1dff,0x1c1b1bff,0x1a1a1aff,0x181818ff,0x181717ff,
0x161615ff,0x141414ff,0x131313ff,0x111112ff,0x101010ff,0xf0e0fff,0xd0d0cff,0xc0c0cff,0xa0b0aff,0x90908ff,0x70707ff,0x60606ff,0x40404ff,0x20302ff,0x10101ff,0xff,0x10000ff,0xff,0xff,0x100ff,0x20202ff,0x30303ff,
0x50504ff,0x60606ff,0x70807ff,0x90909ff,0xa0a0aff,0xc0c0cff,0xd0d0dff,0xe0f0fff,0x101010ff,0x121112ff,0x131313ff,0x141514ff,0x161616ff,0x181818ff,0x191918ff,0x1a1a1aff,0x1b1c1bff,0x1d1d1dff,0x1f1f1fff,0x202120ff,0x222221ff,0x232323ff,
0x242525ff,0x262626ff,0x282827ff,0x292929ff,0x2a2a2aff,0x2c2c2bff,0x2d2d2dff,0x2e2e2eff,0x303030ff,0x323231ff,0x333333ff,0x343535ff,0x363635ff,0x373837ff,0x393939ff,0x3a3a3aff,0x3b3b3bff,0x3d3e3dff,0x3f3f3eff,0x414140ff,0x424141ff,0x434343ff,
0x444544ff,0x464646ff,0x474847ff,0x494949ff,0x4a4a4aff,0x4c4c4cff,0x4e4d4eff,0x4f4f4fff,0x515050ff,0x525251ff,0x535453ff,0x555554ff,0x565756ff,0x585857ff,0x5a5a59ff,0x5b5b5aff,0x5d5d5cff,0x5f5f5dff,0x605f60ff,0x626161ff,0x636362ff,0x646564ff,
0x666666ff,0x686867ff,0x696969ff,0x6b6b6aff,0x6d6d6cff,0x6e6e6eff,0x706f6fff,0x717271ff,0x737373ff,0x757574ff,0x777676ff,0x787978ff,0x797a7aff,0x7c7b7cff,0x7d7d7cff,0x7f7f7eff,0x818180ff,0x838282ff,0x858484ff,0x868686ff,0x888887ff,0x8a8a89ff,
0x8c8b8bff,0x8e8d8dff,0x8f8f8fff,0x919190ff,0x939392ff,0x959595ff,0x979797ff,0x999998ff,0x9a9b9aff,0x9d9d9cff,0x9e9e9eff,0xa0a0a0ff,0xa2a3a1ff,0xa4a4a3ff,0xa6a5a5ff,0xa8a7a7ff,0xa9a9a9ff,0xababaaff,0xacacacff,0xaeaeadff,0xb0b0afff,0xb2b2b0ff,
0xb3b2b2ff,0xb4b5b3ff,0xb5b5b4ff,0xb6b7b5ff,0xb8b8b7ff,0xb9b8b8ff,0xb9bab8ff,0xbababaff,0xbbbbbaff,0xbcbcbbff,0xbcbcbcff,0xbcbdbcff,0xbcbcbcff,0xbdbcbbff,0xbcbcbcff,0xbcbdbbff,0xbbbcbbff,0xbcbbbbff,0xbbbbbaff,0xbabbbaff,0xb9bab9ff,0xb9b9b8ff,
0xb7b7b7ff,0xb7b7b6ff,0xb6b5b5ff,0xb4b4b3ff,0xb3b3b2ff,0xb1b1b1ff,0xb0b0afff,0xaeaeaeff,0xacadacff,0xababaaff,0xaaa9a8ff,0xa8a8a7ff,0xa6a6a5ff,0xa4a4a3ff,0xa2a3a1ff,0xa0a19fff,0x9e9f9eff,0x9c9d9bff,0x9a9a9aff,0x999998ff,0x979796ff,0x959594ff,
0x939392ff,0x929191ff,0x908f8fff,0x8e8d8dff,0x8b8c8cff,0x8a8a8aff,0x888888ff,0x868685ff,0x848584ff,0x838382ff,0x818181ff,0x7f7f7eff,0x7d7d7dff,0x7c7b7bff,0x7a7a7aff,0x797978ff,0x767676ff,0x757574ff,0x737373ff,0x717171ff,0x706f6fff,0x6e6e6eff,
0x6c6d6cff,0x6b6b6aff,0x696968ff,0x676767ff,0x666666ff,0x646465ff,0x636363ff,0x626261ff,0x60605fff,0x5e5f5eff,0x5d5d5dff,0x5b5b5bff,0x5a5a59ff,0x585857ff,0x575656ff,0x555554ff,0x545453ff,0x525251ff,0x515150ff,0x4f4f4fff,0x4d4d4dff,0x4c4c4cff,
0x4a4b4aff,0x494948ff,0x474847ff,0x464646ff,0x454544ff,0x434343ff,0x414242ff,0x404140ff,0x3f3e3eff,0x3d3d3dff,0x3c3c3cff,0x3b3b3bff,0x393938ff,0x383837ff,0x363635ff,0x353534ff,0x333333ff,0x313231ff,0x303030ff,0x2e2e2eff,0x2d2d2dff,0x2c2c2bff,
0x2b2a2aff,0x292929ff,0x272727ff,0x262625ff,0x242424ff,0x232323ff,0x212221ff,0x202020ff,0x1e1e1eff,0x1d1e1dff,0x1b1c1cff,0x1a1b1aff,0x191919ff,0x171817ff,0x161616ff,0x141515ff,0x131313ff,0x111111ff,0x101010ff,0xe0f0eff,0xd0d0dff,0xc0c0bff,
0xa0a0bff,0x90909ff,0x80708ff,0x60606ff,0x50504ff,0x30303ff,0x20102ff,0x1ff,0xff,0xff,0xff,0x1ff,0x10102ff,0x30403ff,0x50505ff,0x60606ff,0x80808ff,0x90909ff,0xb0a0bff,0xc0c0cff,0xe0e0dff,0xf0f0eff,
0x101010ff,0x121211ff,0x131313ff,0x151515ff,0x161616ff,0x171817ff,0x191919ff,0x1a1b1aff,0x1c1c1cff,0x1e1e1eff,0x1f1f1fff,0x202120ff,0x222222ff,0x232423ff,0x252524ff,0x262626ff,0x282828ff,0x292929ff,0x2b2a2aff,0x2c2c2cff,0x2d2d2eff,0x2f2f2fff,
0x303131ff,0x323132ff,0x333434ff,0x353535ff,0x363636ff,0x373737ff,0x393939ff,0x3b3b3aff,0x3c3c3cff,0x3e3e3dff,0x3f3f3fff,0x414040ff,0x424242ff,0x444343ff,0x454545ff,0x474647ff,0x484848ff,0x494a49ff,0x4b4a4bff,0x4c4c4cff,0x4e4e4eff,0x504f4fff,
0x515150ff,0x525253ff,0x545453ff,0x555655ff,0x575856ff,0x595958ff,0x5a5a5aff,0x5b5c5bff,0x5d5d5cff,0x5f5f5eff,0x616060ff,0x626262ff,0x636363ff,0x656564ff,0x676766ff,0x686868ff,0x6a6a69ff,0x6b6c6bff,0x6d6d6dff,0x6f6f6fff,0x707170ff,0x727271ff,
0x747474ff,0x757575ff,0x777877ff,0x797979ff,0x7b7b7aff,0x7c7c7cff,0x7e7e7eff,0x80807fff,0x828181ff,0x848484ff,0x858584ff,0x878787ff,0x8a8989ff,0x8b8b8aff,0x8d8d8cff,0x8f8f8eff,0x909190ff,0x939292ff,0x949593ff,0x969696ff,0x999998ff,0x9a9b99ff,
0x9c9c9cff,0x9e9e9dff,0xa0a09fff,0xa2a2a2ff,0xa4a4a3ff,0xa6a5a5ff,0xa7a7a7ff,0xa9a9a9ff,0xababaaff,0xadacacff,0xaeafaeff,0xb0b1afff,0xb2b2b1ff,0xb4b3b2ff,0xb5b5b5ff,0xb6b6b5ff,0xb7b8b7ff,0xb9b9b8ff,0xbbbab9ff,0xbbbcbaff,0xbcbcbbff,0xbdbdbcff,
0xbebdbdff,0xbebebdff,0xbfbfbeff,0xbfbfbeff,0xc0bfbfff,0xbfbfbeff,0xbfbfbeff,0xbfbfbeff,0xbebfbeff,0xbfbebdff,0xbebebdff,0xbdbdbcff,0xbdbdbcff,0xbbbbbbff,0xbabab9ff,0xb9b9b8ff,0xb7b7b7ff,0xb6b6b6ff,0xb5b5b4ff,0xb3b4b3ff,0xb2b1b1ff,0xb1b0b0ff,
0xafafaeff,0xadacacff,0xababaaff,0xa9a9a8ff,0xa8a8a7ff,0xa6a5a5ff,0xa4a4a3ff,0xa2a2a2ff,0xa0a09fff,0x9e9f9dff,0x9c9c9cff,0x9a9a99ff,0x999898ff,0x979696ff,0x959594ff,0x929292ff,0x909090ff,0x8f8f8eff,0x8d8d8cff,0x8b8b8aff,0x898988ff,0x878787ff,
0x868585ff,0x848383ff,0x828181ff,0x808080ff,0x7e7e7eff,0x7c7c7cff,0x7a7b7aff,0x797979ff,0x777777ff,0x757674ff,0x737474ff,0x727272ff,0x717071ff,0x6e6f6fff,0x6d6d6dff,0x6c6c6bff,0x6a6a69ff,0x686867ff,0x676666ff,0x656565ff,0x636463ff,0x616261ff,
0x616060ff,0x5f5e5eff,0x5d5e5dff,0x5c5c5bff,0x5a5a59ff,0x595858ff,0x575757ff,0x565556ff,0x545454ff,0x535353ff,0x515150ff,0x4f504fff,0x4e4e4eff,0x4d4c4cff,0x4b4b4aff,0x494949ff,0x484847ff,0x464646ff,0x454545ff,0x444443ff,0x424241ff,0x414040ff,
0x3f3f3fff,0x3d3d3eff,0x3c3c3cff,0x3b3a3aff,0x393939ff,0x383838ff,0x363636ff,0x353534ff,0x333334ff,0x323231ff,0x303130ff,0x2e2f2eff,0x2d2e2dff,0x2c2c2cff,0x2b2a2aff,0x292929ff,0x282727ff,0x262626ff,0x252524ff,0x232323ff,0x222222ff,0x212021ff,
0x1f1f1fff,0x1e1d1dff,0x1c1c1cff,0x1b1a1bff,0x191919ff,0x181818ff,0x161616ff,0x141515ff,0x131413ff,0x121212ff,0x101010ff,0xf0f0eff,0xe0d0eff,0xc0c0cff,0xb0b0bff,0xa0909ff,0x80808ff,0x60706ff,0x50405ff,0x30303ff,0x20202ff,0x10001ff,
0xff,0x10000ff,0xff,0x10101ff,0x20202ff,0x30403ff,0x50505ff,0x60606ff,0x80808ff,0x90a0aff,0xb0b0bff,0xd0c0cff,0xe0e0eff,0xf0f0fff,0x111010ff,0x121212ff,0x131314ff,0x151515ff,0x171616ff,0x181818ff,0x1a1919ff,0x1b1a1aff,
0x1c1d1dff,0x1e1e1eff,0x201f1fff,0x212121ff,0x222222ff,0x232323ff,0x252525ff,0x262626ff,0x282828ff,0x292a29ff,0x2b2b2aff,0x2c2d2cff,0x2e2e2eff,0x2f2f2fff,0x313130ff,0x323232ff,0x343334ff,0x353534ff,0x373636ff,0x383938ff,0x393939ff,0x3b3b3bff,
0x3c3d3cff,0x3e3e3eff,0x3f3f3fff,0x414141ff,0x424342ff,0x444444ff,0x464545ff,0x474747ff,0x484848ff,0x4a4a4aff,0x4c4c4bff,0x4d4d4dff,0x4f4e4eff,0x50504fff,0x525251ff,0x535353ff,0x545454ff,0x565656ff,0x585757ff,0x595958ff,0x5b5b5aff,0x5c5c5bff,
0x5e5e5eff,0x5f5f5fff,0x606161ff,0x626262ff,0x646464ff,0x666665ff,0x676766ff,0x696869ff,0x6a6b6aff,0x6c6c6cff,0x6e6e6dff,0x70706fff,0x717171ff,0x737372ff,0x757474ff,0x767776ff,0x787877ff,0x79797aff,0x7b7b7bff,0x7d7d7dff,0x7f7f7eff,0x818081ff,
0x838382ff,0x848484ff,0x868686ff,0x888887ff,0x8a8a89ff,0x8c8c8cff,0x8e8e8dff,0x90908fff,0x929291ff,0x949493ff,0x969696ff,0x989897ff,0x9a9a99ff,0x9c9b9bff,0x9e9e9dff,0xa0a09fff,0xa1a1a1ff,0xa3a4a3ff,0xa5a6a5ff,0xa8a8a7ff,0xa9a9a9ff,0xacabaaff,
0xadadadff,0xaeafaeff,0xb0b1b0ff,0xb3b2b2ff,0xb4b4b4ff,0xb6b6b5ff,0xb7b7b7ff,0xb8b9b8ff,0xbabab9ff,0xbcbcbaff,0xbdbcbcff,0xbebebdff,0xbfbfbeff,0xbfbfbfff,0xc0c1c0ff,0xc2c1c1ff,0xc2c1c1ff,0xc2c2c1ff,0xc2c3c1ff,0xc2c3c2ff,0xc2c2c2ff,0xc2c2c1ff,
0xc2c1c1ff,0xc1c1c1ff,0xc1c0c0ff,0xbfbfbfff,0xbebfbeff,0xbebdbdff,0xbdbdbcff,0xbcbbbaff,0xbababaff,0xb9b8b8ff,0xb8b8b6ff,0xb6b6b5ff,0xb4b4b3ff,0xb2b2b2ff,0xb1b1b0ff,0xafafaeff,0xadadacff,0xababaaff,0xaaa9a9ff,0xa7a8a7ff,0xa5a6a5ff,0xa3a4a3ff,
0xa2a1a1ff,0x9fa09fff,0x9e9e9dff,0x9c9c9bff,0x9a9a99ff,0x989897ff,0x959695ff,0x949394ff,0x929191ff,0x8f908fff,0x8e8e8dff,0x8c8c8cff,0x8b8a89ff,0x888887ff,0x868685ff,0x848484ff,0x838282ff,0x818180ff,0x7f7f7fff,0x7e7e7dff,0x7c7c7bff,0x7a7a79ff,
0x787877ff,0x767676ff,0x747474ff,0x737372ff,0x717171ff,0x6f706fff,0x6e6d6dff,0x6c6c6bff,0x6a6b6aff,0x696968ff,0x676767ff,0x656565ff,0x646463ff,0x636262ff,0x616160ff,0x60605eff,0x5d5e5dff,0x5d5c5cff,0x5a5b5aff,0x595959ff,0x575757ff,0x565655ff,
0x555554ff,0x535353ff,0x515151ff,0x504f50ff,0x4f4e4eff,0x4d4d4dff,0x4b4b4bff,0x4a4a4aff,0x484849ff,0x474646ff,0x454545ff,0x444444ff,0x434342ff,0x414140ff,0x3f3f3fff,0x3e3e3eff,0x3d3c3cff,0x3b3b3bff,0x3a3a39ff,0x383837ff,0x373737ff,0x353535ff,
0x333434ff,0x323332ff,0x303131ff,0x2f2f2fff,0x2e2e2eff,0x2c2c2cff,0x2b2b2bff,0x292929ff,0x282828ff,0x272726ff,0x252525ff,0x242324ff,0x222322ff,0x202121ff,0x1f1f1fff,0x1e1e1eff,0x1c1c1dff,0x1b1b1aff,0x191919ff,0x181818ff,0x161616ff,0x151514ff,
0x131413ff,0x121212ff,0x111111ff,0xf0f0fff,0xe0e0eff,0xc0c0dff,0xb0b0bff,0x9090aff,0x80808ff,0x70607ff,0x50505ff,0x30404ff,0x20202ff,0x10100ff,0xff,0xff,0xff,0x10101ff,0x20302ff,0x40404ff,0x50605ff,0x70606ff,
0x80909ff,0x90a09ff,0xb0b0bff,0xd0c0cff,0xe0e0eff,0xf0f0fff,0x111111ff,0x121312ff,0x141414ff,0x151515ff,0x171717ff,0x191818ff,0x1a1a1aff,0x1b1b1bff,0x1c1c1cff,0x1e1e1eff,0x1f1f1fff,0x212121ff,0x232222ff,0x242424ff,0x252526ff,0x272726ff,
0x282928ff,0x29292aff,0x2b2b2bff,0x2d2d2cff,0x2e2e2dff,0x303030ff,0x313131ff,0x333332ff,0x343434ff,0x363635ff,0x363736ff,0x393938ff,0x3a3a3aff,0x3c3b3bff,0x3d3d3dff,0x3e3f3eff,0x40403fff,0x424141ff,0x424242ff,0x444444ff,0x454645ff,0x484847ff,
0x494949ff,0x4a4a4aff,0x4c4b4bff,0x4d4e4dff,0x4f4f4eff,0x505050ff,0x515252ff,0x535453ff,0x555554ff,0x575656ff,0x585858ff,0x5a5a59ff,0x5b5b5bff,0x5c5d5cff,0x5e5e5eff,0x606060ff,0x616161ff,0x636363ff,0x656464ff,0x666666ff,0x676867ff,0x696969ff,
0x6b6b6aff,0x6c6d6cff,0x6e6f6eff,0x707070ff,0x717272ff,0x737373ff,0x757674ff,0x777776ff,0x787978ff,0x7b7a7aff,0x7c7c7cff,0x7e7e7dff,0x80807fff,0x828181ff,0x838483ff,0x858584ff,0x878787ff,0x898988ff,0x8b8b8aff,0x8d8d8cff,0x8f8f8fff,0x919190ff,
0x939392ff,0x959594ff,0x979797ff,0x999998ff,0x9b9b9bff,0x9d9d9cff,0x9f9f9eff,0xa1a1a1ff,0xa3a3a2ff,0xa5a5a5ff,0xa7a8a7ff,0xa9a9a9ff,0xabacaaff,0xadadadff,0xafafafff,0xb1b1b1ff,0xb3b3b2ff,0xb4b5b4ff,0xb6b7b6ff,0xb8b9b7ff,0xbab9b9ff,0xbbbbbaff,
0xbdbcbcff,0xbebebdff,0xbfbfbfff,0xc0c0c0ff,0xc2c1c0ff,0xc3c2c2ff,0xc3c4c3ff,0xc4c4c3ff,0xc4c4c3ff,0xc5c5c4ff,0xc6c5c5ff,0xc5c5c4ff,0xc5c5c4ff,0xc5c4c4ff,0xc4c4c3ff,0xc4c4c3ff,0xc4c3c2ff,0xc2c3c2ff,0xc1c1c1ff,0xc1c1c0ff,0xbfbfbfff,0xbebebdff,
0xbcbdbcff,0xbbbbbbff,0xbab9b9ff,0xb8b8b8ff,0xb7b7b5ff,0xb5b5b4ff,0xb3b3b2ff,0xb1b1b0ff,0xafb0afff,0xaeadacff,0xabababff,0xa9aaa8ff,0xa7a7a6ff,0xa5a6a4ff,0xa4a4a2ff,0xa1a1a0ff,0x9f9f9fff,0x9d9d9dff,0x9b9b9aff,0x999998ff,0x979796ff,0x959594ff,
0x939392ff,0x919091ff,0x8f8f8eff,0x8d8d8dff,0x8c8b8bff,0x898a89ff,0x888787ff,0x868685ff,0x838383ff,0x818281ff,0x80807fff,0x7e7e7dff,0x7c7c7cff,0x7a7a7aff,0x797978ff,0x777776ff,0x757575ff,0x747373ff,0x727272ff,0x707070ff,0x6f6f6eff,0x6d6d6cff,
0x6b6b6bff,0x696969ff,0x686767ff,0x666666ff,0x646465ff,0x636363ff,0x626161ff,0x5f5f5fff,0x5e5e5dff,0x5c5c5cff,0x5b5b5bff,0x5a5a59ff,0x575858ff,0x575656ff,0x555555ff,0x535453ff,0x515252ff,0x515150ff,0x4f4f4fff,0x4e4d4dff,0x4c4b4cff,0x4a4a4aff,
0x494949ff,0x474747ff,0x454546ff,0x454444ff,0x434343ff,0x414141ff,0x404040ff,0x3e3f3eff,0x3d3c3dff,0x3b3c3bff,0x3a3a3aff,0x393938ff,0x373636ff,0x353636ff,0x343434ff,0x333332ff,0x313131ff,0x2f302fff,0x2e2e2eff,0x2c2c2cff,0x2b2b2bff,0x2a2a2aff,
0x292828ff,0x262727ff,0x262525ff,0x232323ff,0x222222ff,0x212121ff,0x1f2020ff,0x1e1e1eff,0x1d1d1cff,0x1b1b1bff,0x1a191aff,0x181818ff,0x171716ff,0x151515ff,0x141413ff,0x121213ff,0x111110ff,0x10100fff,0xe0e0eff,0xc0c0cff,0xb0b0bff,0xa0a0aff,
0x80908ff,0x70707ff,0x60506ff,0x40304ff,0x30203ff,0x10101ff,0xff,0xff,0x10000ff,0x10101ff,0x20303ff,0x40404ff,0x60506ff,0x70707ff,0x90808ff,0xa090aff,0xb0c0bff,0xc0d0dff,0xf0e0eff,0x100f10ff,0x111211ff,0x131313ff,
0x141414ff,0x161616ff,0x171717ff,0x181919ff,0x1a1a1aff,0x1b1c1bff,0x1d1d1dff,0x1e1e1eff,0x202020ff,0x212121ff,0x222323ff,0x242524ff,0x252625ff,0x272727ff,0x292928ff,0x2a2a2aff,0x2c2b2bff,0x2d2d2dff,0x2e2e2eff,0x303030ff,0x313131ff,0x333332ff,
0x343534ff,0x353635ff,0x373837ff,0x383839ff,0x3b3a3aff,0x3c3c3bff,0x3d3d3dff,0x3f3e3eff,0x40403fff,0x424241ff,0x434442ff,0x454544ff,0x464646ff,0x484848ff,0x494949ff,0x4a4b4aff,0x4c4c4cff,0x4e4e4dff,0x4f4f4fff,0x515151ff,0x525352ff,0x535353ff,
0x565555ff,0x575757ff,0x595958ff,0x5a5a59ff,0x5b5b5cff,0x5d5d5cff,0x5e5f5fff,0x616060ff,0x626162ff,0x636463ff,0x656564ff,0x666766ff,0x686868ff,0x6a6a69ff,0x6b6b6cff,0x6d6d6dff,0x6f6f6eff,0x717170ff,0x737372ff,0x747474ff,0x767676ff,0x787877ff,
0x7a7a79ff,0x7b7c7bff,0x7d7d7cff,0x7f7f7eff,0x818180ff,0x838282ff,0x848584ff,0x868686ff,0x888887ff,0x8a8a89ff,0x8c8c8cff,0x8e8e8eff,0x909090ff,0x929291ff,0x949494ff,0x969695ff,0x989898ff,0x9b9b9aff,0x9c9c9bff,0x9e9e9eff,0xa0a1a0ff,0xa2a3a2ff,
0xa5a5a4ff,0xa6a7a6ff,0xa8a9a8ff,0xabababff,0xadadacff,0xafafafff,0xb1b1b1ff,0xb3b2b2ff,0xb4b5b5ff,0xb6b7b6ff,0xb9b9b7ff,0xbabbbaff,0xbcbcbbff,0xbdbdbdff,0xbfbfbeff,0xc1c1c0ff,0xc2c2c1ff,0xc3c3c2ff,0xc4c4c3ff,0xc5c6c4ff,0xc6c6c5ff,0xc7c7c6ff,
0xc7c8c6ff,0xc8c8c7ff,0xc8c8c8ff,0xc9c8c7ff,0xc8c8c7ff,0xc8c8c7ff,0xc8c7c7ff,0xc7c7c6ff,0xc6c6c6ff,0xc5c5c4ff,0xc4c5c3ff,0xc3c4c2ff,0xc2c2c1ff,0xc1c1c0ff,0xbfbfbfff,0xbebdbdff,0xbcbcbcff,0xbabbbaff,0xb8b9b8ff,0xb7b6b6ff,0xb5b4b4ff,0xb3b3b3ff,
0xb1b1b1ff,0xafafaeff,0xadadacff,0xababaaff,0xa9a9a8ff,0xa7a7a6ff,0xa5a4a4ff,0xa3a3a2ff,0xa1a0a0ff,0x9e9e9eff,0x9d9c9bff,0x9a9a9aff,0x989998ff,0x969796ff,0x949493ff,0x929291ff,0x90908fff,0x8e8e8eff,0x8c8c8cff,0x8a8a8aff,0x888888ff,0x878786ff,
0x848484ff,0x828282ff,0x808180ff,0x7e7f7eff,0x7d7d7dff,0x7b7b7bff,0x797979ff,0x777777ff,0x757676ff,0x747473ff,0x737372ff,0x717170ff,0x6f6f6eff,0x6d6e6dff,0x6c6b6bff,0x6a6a69ff,0x686868ff,0x676767ff,0x656564ff,0x646463ff,0x616161ff,0x61605fff,
0x5e5e5fff,0x5d5d5dff,0x5b5b5bff,0x5a5a59ff,0x595858ff,0x575757ff,0x565655ff,0x535453ff,0x525252ff,0x515050ff,0x4f4f4fff,0x4d4e4eff,0x4c4c4cff,0x4b4a4aff,0x494949ff,0x484748ff,0x464646ff,0x454544ff,0x444443ff,0x424141ff,0x40403fff,0x3f3f3fff,
0x3d3e3dff,0x3c3b3cff,0x3a3a3aff,0x393839ff,0x373737ff,0x363636ff,0x343534ff,0x333333ff,0x313131ff,0x30302fff,0x2e2e2eff,0x2d2d2dff,0x2b2c2cff,0x2a2a2aff,0x282928ff,0x272727ff,0x252526ff,0x242424ff,0x222323ff,0x212121ff,0x1f1f20ff,0x1f1e1eff,
0x1d1d1cff,0x1b1b1cff,0x1a1a1aff,0x191918ff,0x171717ff,0x161616ff,0x141414ff,0x131313ff,0x121111ff,0x101010ff,0xe0e0eff,0xd0d0dff,0xc0b0bff,0xa0a09ff,0x80808ff,0x70707ff,0x50505ff,0x40404ff,0x30303ff,0x20102ff,0x10000ff,0xff,
0xff,0x10101ff,0x30303ff,0x40404ff,0x50606ff,0x70708ff,0x80808ff,0xa0a0aff,0xc0c0cff,0xd0d0dff,0xf0e0fff,0x101010ff,0x111211ff,0x131313ff,0x141514ff,0x161616ff,0x171717ff,0x191819ff,0x1b1a1aff,0x1b1c1cff,0x1d1d1dff,0x1e1e1eff,
0x202020ff,0x222121ff,0x232323ff,0x252425ff,0x262626ff,0x282727ff,0x292929ff,0x2a2a2aff,0x2c2c2bff,0x2d2d2dff,0x2f2e2fff,0x30302fff,0x323131ff,0x333333ff,0x343534ff,0x363735ff,0x373837ff,0x393939ff,0x3a3b3bff,0x3c3c3cff,0x3e3e3dff,0x3f3f3fff,
0x404040ff,0x424242ff,0x434444ff,0x454545ff,0x474646ff,0x484847ff,0x494a49ff,0x4b4b4bff,0x4d4c4cff,0x4e4e4dff,0x4f5050ff,0x515151ff,0x525252ff,0x545453ff,0x555656ff,0x575757ff,0x595858ff,0x5b5b5aff,0x5c5c5cff,0x5d5d5dff,0x5f5f5fff,0x606060ff,
0x626262ff,0x646464ff,0x656665ff,0x686767ff,0x686869ff,0x6b6b6aff,0x6c6c6cff,0x6d6e6dff,0x6f706fff,0x717170ff,0x727373ff,0x757474ff,0x767776ff,0x787878ff,0x7a7a79ff,0x7c7c7bff,0x7e7d7dff,0x7f807fff,0x818180ff,0x848483ff,0x868585ff,0x878786ff,
0x898988ff,0x8b8b8bff,0x8d8d8dff,0x8f8f8eff,0x919190ff,0x939392ff,0x959695ff,0x979797ff,0x9a9999ff,0x9b9c9bff,0x9e9d9dff,0xa09f9fff,0xa2a2a2ff,0xa4a4a3ff,0xa6a6a5ff,0xa9a8a8ff,0xabaaaaff,0xadadacff,0xafaeaeff,0xb1b0b0ff,0xb3b3b2ff,0xb5b5b4ff,
0xb7b7b6ff,0xb9b9b8ff,0xbbbbbaff,0xbdbcbcff,0xbebebeff,0xc0c0bfff,0xc2c2c1ff,0xc3c3c3ff,0xc5c5c4ff,0xc5c6c5ff,0xc7c7c7ff,0xc8c8c8ff,0xc9c9c8ff,0xcacac9ff,0xcbcac9ff,0xcbcbcaff,0xcbcbcaff,0xcbcbcaff,0xcbcbcbff,0xcbcacaff,0xcacac9ff,0xc9c9c9ff,
0xc9c9c8ff,0xc8c8c7ff,0xc7c7c6ff,0xc6c6c5ff,0xc4c5c4ff,0xc3c3c2ff,0xc1c2c1ff,0xc0c0bfff,0xbebebdff,0xbcbcbbff,0xbababaff,0xb8b9b8ff,0xb7b7b6ff,0xb5b5b4ff,0xb3b2b2ff,0xb1b1b0ff,0xafaeaeff,0xadadacff,0xaaaaaaff,0xa9a8a8ff,0xa6a6a6ff,0xa4a4a3ff,
0xa2a2a1ff,0xa0a09fff,0x9d9e9dff,0x9b9c9bff,0x999a99ff,0x979796ff,0x959595ff,0x939392ff,0x919190ff,0x8f8f8fff,0x8d8e8cff,0x8b8b8bff,0x898988ff,0x878787ff,0x868685ff,0x838383ff,0x818281ff,0x7f807fff,0x7e7e7dff,0x7c7c7cff,0x7a7b79ff,0x797877ff,
0x777676ff,0x747475ff,0x737372ff,0x727171ff,0x6f6f6fff,0x6e6e6eff,0x6c6c6cff,0x6b6a6aff,0x696969ff,0x676867ff,0x666565ff,0x646463ff,0x626262ff,0x606161ff,0x5f5f5fff,0x5d5d5dff,0x5c5c5bff,0x5a5a5aff,0x585958ff,0x575757ff,0x565655ff,0x545454ff,
0x535253ff,0x515151ff,0x50504fff,0x4e4e4dff,0x4c4d4cff,0x4b4b4bff,0x4a4a4aff,0x484848ff,0x474646ff,0x454544ff,0x444343ff,0x424242ff,0x414041ff,0x3f3f3eff,0x3d3e3eff,0x3b3c3cff,0x3b3a3aff,0x393939ff,0x373838ff,0x363636ff,0x353434ff,0x333433ff,
0x313231ff,0x313030ff,0x2f2e2eff,0x2d2e2dff,0x2b2c2bff,0x2b2a2aff,0x282929ff,0x282727ff,0x262626ff,0x242424ff,0x232323ff,0x212121ff,0x202020ff,0x1e1f1eff,0x1d1d1dff,0x1b1c1bff,0x1a1a1aff,0x191818ff,0x171717ff,0x151616ff,0x151415ff,0x121313ff,
0x111112ff,0x10100fff,0xf0f0eff,0xd0d0dff,0xc0b0bff,0xa0a0aff,0x90909ff,0x70707ff,0x50606ff,0x50405ff,0x20302ff,0x10202ff,0xff,0x1ff,0xff,0x10201ff,0x30303ff,0x50404ff,0x50506ff,0x70807ff,0x90909ff,0xa0a0aff,
0xc0c0cff,0xd0d0dff,0xe0e0fff,0x111010ff,0x111111ff,0x131313ff,0x141514ff,0x161616ff,0x171718ff,0x191919ff,0x1b1b1aff,0x1c1c1cff,0x1e1e1dff,0x1f1f1fff,0x212120ff,0x212221ff,0x232323ff,0x242524ff,0x262626ff,0x272828ff,0x292929ff,0x2b2a2bff,
0x2c2c2cff,0x2d2d2eff,0x2f2f2fff,0x313030ff,0x323231ff,0x333433ff,0x353534ff,0x373636ff,0x383837ff,0x393a39ff,0x3a3b3bff,0x3d3d3cff,0x3d3d3dff,0x3f3f3fff,0x414140ff,0x424242ff,0x434443ff,0x464545ff,0x464747ff,0x484848ff,0x4a4a49ff,0x4b4b4bff,
0x4d4d4cff,0x4e4f4eff,0x505050ff,0x515251ff,0x535353ff,0x555454ff,0x565655ff,0x585757ff,0x595a59ff,0x5b5a5aff,0x5c5c5cff,0x5d5e5eff,0x5f5f5fff,0x616160ff,0x636262ff,0x656464ff,0x666665ff,0x676867ff,0x696a69ff,0x6b6b6aff,0x6d6c6cff,0x6f6e6eff,
0x707070ff,0x727171ff,0x737373ff,0x757575ff,0x777777ff,0x797979ff,0x7b7b7bff,0x7d7c7cff,0x7f7e7dff,0x80817fff,0x828281ff,0x848483ff,0x868685ff,0x888788ff,0x8a8a8aff,0x8c8c8bff,0x8e8e8dff,0x90908fff,0x929291ff,0x949593ff,0x969695ff,0x999898ff,
0x9b9b9aff,0x9d9c9bff,0x9f9f9fff,0xa1a1a1ff,0xa3a3a3ff,0xa6a5a5ff,0xa7a7a7ff,0xaaa9a9ff,0xacacacff,0xaeaeadff,0xb0b0b0ff,0xb3b2b2ff,0xb5b4b4ff,0xb6b7b6ff,0xb9b9b8ff,0xbbbabaff,0xbdbdbcff,0xbebfbeff,0xc1c0c0ff,0xc2c2c2ff,0xc4c4c3ff,0xc5c5c4ff,
0xc7c8c7ff,0xc8c9c8ff,0xcac9c9ff,0xcbcacaff,0xcccccbff,0xccccccff,0xcdcdcdff,0xcdcecdff,0xcecdcdff,0xcdcdcdff,0xcececdff,0xcecdcdff,0xcdcdccff,0xcdcdccff,0xcccccbff,0xcbcbcaff,0xc9cac9ff,0xc8c8c8ff,0xc7c7c6ff,0xc5c6c5ff,0xc4c4c4ff,0xc2c2c1ff,
0xc0c1c0ff,0xbebfbeff,0xbcbdbcff,0xbbbabaff,0xb9b8b9ff,0xb7b7b6ff,0xb4b4b3ff,0xb3b3b2ff,0xb0b0b0ff,0xaeaeaeff,0xacacacff,0xa9aaa9ff,0xa7a8a7ff,0xa6a5a5ff,0xa3a3a3ff,0xa1a1a1ff,0x9f9f9eff,0x9c9c9cff,0x9b9b9aff,0x989997ff,0x969696ff,0x959494ff,
0x929292ff,0x90908fff,0x8e8e8dff,0x8c8c8cff,0x8a8a8aff,0x888888ff,0x868685ff,0x858483ff,0x828282ff,0x81807fff,0x7f7e7eff,0x7d7d7cff,0x7b7b7aff,0x797978ff,0x777777ff,0x757675ff,0x737373ff,0x727271ff,0x707070ff,0x6e6e6eff,0x6c6c6dff,0x6b6b6aff,
0x696a69ff,0x686767ff,0x666665ff,0x656464ff,0x636362ff,0x626161ff,0x5f5f5fff,0x5e5e5dff,0x5c5c5cff,0x5b5b5aff,0x595a59ff,0x575758ff,0x565656ff,0x555454ff,0x535353ff,0x515251ff,0x50504fff,0x4e4f4eff,0x4d4c4dff,0x4b4b4bff,0x4a4a49ff,0x484848ff,
0x464746ff,0x454545ff,0x444344ff,0x434342ff,0x414140ff,0x403f3fff,0x3d3e3eff,0x3c3d3cff,0x3a3b3aff,0x3a3939ff,0x373738ff,0x363636ff,0x353535ff,0x333434ff,0x323232ff,0x313030ff,0x2f2f2fff,0x2e2d2dff,0x2c2b2bff,0x2a2b2aff,0x292929ff,0x272828ff,
0x262626ff,0x252524ff,0x232323ff,0x222222ff,0x202020ff,0x1e1e1fff,0x1d1d1dff,0x1b1c1cff,0x1b1a1aff,0x191919ff,0x181718ff,0x161516ff,0x151415ff,0x131313ff,0x111212ff,0x101010ff,0xf0f0fff,0xd0e0dff,0xb0c0cff,0xb0b0aff,0x90909ff,0x80707ff,
0x60606ff,0x40504ff,0x30303ff,0x10202ff,0xff,0xff,0x10001ff,0x10102ff,0x30303ff,0x40505ff,0x60606ff,0x70707ff,0x90909ff,0xb0a0bff,0xc0c0cff,0xe0e0eff,0xf0f0fff,0x101011ff,0x121212ff,0x141313ff,0x151514ff,0x161616ff,
0x171818ff,0x1a1919ff,0x1a1b1aff,0x1c1c1cff,0x1e1e1dff,0x1f1f1fff,0x202020ff,0x222222ff,0x242323ff,0x252424ff,0x262626ff,0x282828ff,0x292929ff,0x2b2b2aff,0x2c2c2cff,0x2d2e2dff,0x2f2f2eff,0x313031ff,0x323232ff,0x333334ff,0x353535ff,0x363736ff,
0x383838ff,0x3a3a3aff,0x3b3b3aff,0x3d3c3dff,0x3e3e3eff,0x403f3fff,0x414140ff,0x434242ff,0x444444ff,0x464646ff,0x474747ff,0x494848ff,0x4a4a4aff,0x4c4b4cff,0x4d4d4dff,0x4e4f4eff,0x505150ff,0x525252ff,0x535353ff,0x555554ff,0x565756ff,0x585857ff,
0x5a5a59ff,0x5b5b5bff,0x5d5c5dff,0x5f5f5eff,0x606060ff,0x626261ff,0x636462ff,0x656564ff,0x666766ff,0x686868ff,0x6a6a69ff,0x6b6b6bff,0x6d6d6cff,0x6f6f6eff,0x717170ff,0x727272ff,0x747474ff,0x757676ff,0x787777ff,0x797a79ff,0x7b7b7bff,0x7d7d7cff,
0x7f7f7fff,0x818180ff,0x838382ff,0x858584ff,0x868786ff,0x888988ff,0x8b8b8aff,0x8d8d8cff,0x8f8e8eff,0x919190ff,0x939392ff,0x959595ff,0x979796ff,0x999999ff,0x9b9b9bff,0x9e9e9dff,0xa0a0a0ff,0xa2a2a1ff,0xa4a5a4ff,0xa7a7a6ff,0xa9a9a8ff,0xacabaaff,
0xaeaeadff,0xb0b0afff,0xb2b2b1ff,0xb4b4b3ff,0xb6b7b6ff,0xb8b8b8ff,0xbbbabaff,0xbdbdbcff,0xbebebeff,0xc0c1c0ff,0xc3c2c2ff,0xc5c4c4ff,0xc7c6c6ff,0xc8c8c7ff,0xc9cac9ff,0xcbcbcaff,0xcccdcbff,0xcececdff,0xcfcfcdff,0xcfcfcfff,0xd0d0cfff,0xd0d0d0ff,
0xd1d1d0ff,0xd1d1d0ff,0xd1d1d0ff,0xd0d1d0ff,0xd0d0cfff,0xd0d0cfff,0xcfcecdff,0xcdcdcdff,0xcdcccbff,0xcacbcaff,0xc9c9c9ff,0xc8c8c8ff,0xc7c7c5ff,0xc4c4c4ff,0xc3c3c2ff,0xc0c0c0ff,0xbfbfbeff,0xbdbdbcff,0xbababaff,0xb8b9b7ff,0xb6b6b5ff,0xb4b4b4ff,
0xb2b2b1ff,0xb0b0afff,0xadadadff,0xabacabff,0xa9a9a8ff,0xa6a7a6ff,0xa5a4a4ff,0xa2a2a1ff,0xa0a0a0ff,0x9e9e9dff,0x9c9c9bff,0x9a9999ff,0x979797ff,0x959594ff,0x939393ff,0x919090ff,0x8f8f8eff,0x8d8d8dff,0x8b8b8aff,0x888988ff,0x878686ff,0x848584ff,
0x838382ff,0x818181ff,0x7f7f7fff,0x7d7d7dff,0x7c7b7bff,0x7a7979ff,0x787877ff,0x757676ff,0x747473ff,0x727272ff,0x707170ff,0x6f6f6eff,0x6d6d6dff,0x6b6c6bff,0x696a69ff,0x686868ff,0x676666ff,0x656464ff,0x636363ff,0x616161ff,0x5f605fff,0x5f5e5eff,
0x5d5d5dff,0x5b5b5bff,0x595959ff,0x585858ff,0x575756ff,0x555554ff,0x535353ff,0x525251ff,0x50504fff,0x4e4f4eff,0x4d4d4cff,0x4c4b4cff,0x4a4a4aff,0x484848ff,0x484747ff,0x464645ff,0x444444ff,0x434242ff,0x414140ff,0x3f403fff,0x3e3e3eff,0x3c3c3dff,
0x3b3b3bff,0x3a3939ff,0x383938ff,0x373737ff,0x353535ff,0x343433ff,0x323332ff,0x303130ff,0x2f2f2fff,0x2e2e2eff,0x2c2c2cff,0x2b2a2bff,0x292a29ff,0x282828ff,0x262626ff,0x252425ff,0x232423ff,0x222222ff,0x202020ff,0x1f1f1fff,0x1d1d1dff,0x1c1c1cff,
0x1b1b1bff,0x191919ff,0x181718ff,0x161716ff,0x151514ff,0x131313ff,0x121112ff,0x101010ff,0xf0f0eff,0xd0e0eff,0xc0c0cff,0xb0a0aff,0x90909ff,0x70707ff,0x60606ff,0x50505ff,0x30303ff,0x20202ff,0xff,0x1ff,0x100ff,0x20202ff,
0x30403ff,0x50505ff,0x60607ff,0x80808ff,0x90909ff,0xb0b0aff,0xc0c0cff,0xe0d0dff,0xf0f0fff,0x111011ff,0x121212ff,0x141313ff,0x151514ff,0x161616ff,0x181718ff,0x191a19ff,0x1b1b1bff,0x1c1c1cff,0x1e1e1eff,0x1f1f1fff,0x212121ff,0x222222ff,
0x242324ff,0x262525ff,0x272726ff,0x282828ff,0x2a2a29ff,0x2b2b2bff,0x2c2d2cff,0x2e2e2dff,0x2f302fff,0x313131ff,0x323332ff,0x333433ff,0x353535ff,0x373737ff,0x383838ff,0x3a3a3aff,0x3b3b3bff,0x3d3c3cff,0x3f3e3eff,0x3f4040ff,0x414241ff,0x424342ff,
0x444444ff,0x464646ff,0x474747ff,0x494948ff,0x4a4b4aff,0x4c4c4bff,0x4d4d4dff,0x4f4f4eff,0x515050ff,0x525252ff,0x545453ff,0x555555ff,0x565756ff,0x585958ff,0x595a5aff,0x5b5b5bff,0x5d5d5cff,0x5e5e5eff,0x606060ff,0x626262ff,0x646463ff,0x656565ff,
0x676766ff,0x696968ff,0x6a6a6aff,0x6c6c6cff,0x6e6d6eff,0x6f6f6fff,0x717170ff,0x727273ff,0x747574ff,0x767676ff,0x787878ff,0x7a7a79ff,0x7c7c7bff,0x7d7d7dff,0x807f7fff,0x818181ff,0x838383ff,0x858685ff,0x878886ff,0x898989ff,0x8b8c8bff,0x8e8e8dff,
0x908f8fff,0x919291ff,0x949493ff,0x969696ff,0x989898ff,0x9a9a9aff,0x9c9c9bff,0x9f9f9eff,0xa1a1a0ff,0xa4a3a3ff,0xa6a6a5ff,0xa8a8a7ff,0xabaaa9ff,0xadacacff,0xafafaeff,0xb1b2b1ff,0xb3b3b3ff,0xb6b6b5ff,0xb8b9b8ff,0xbabbb9ff,0xbdbcbbff,0xbfbebeff,
0xc1c0c0ff,0xc3c3c2ff,0xc5c5c4ff,0xc6c7c6ff,0xc9c9c8ff,0xcbcbc9ff,0xcccccbff,0xcdcdcdff,0xcfcfceff,0xd0d0cfff,0xd1d2d0ff,0xd2d2d1ff,0xd2d3d2ff,0xd4d4d3ff,0xd4d4d3ff,0xd4d4d3ff,0xd4d3d3ff,0xd3d3d2ff,0xd3d3d2ff,0xd2d2d2ff,0xd1d1d0ff,0xd0d0cfff,
0xcfcfcfff,0xcecdccff,0xccccccff,0xcacac9ff,0xc9c9c8ff,0xc7c7c6ff,0xc5c4c4ff,0xc3c3c2ff,0xc0c1c0ff,0xbfbfbdff,0xbcbcbcff,0xbabbbaff,0xb8b8b8ff,0xb5b6b5ff,0xb3b3b3ff,0xb1b1b1ff,0xafafaeff,0xadacacff,0xaaabaaff,0xa8a8a8ff,0xa6a6a5ff,0xa3a3a3ff,
0xa1a1a0ff,0x9f9f9fff,0x9d9d9cff,0x9a9a99ff,0x989898ff,0x969696ff,0x939493ff,0x929291ff,0x90908fff,0x8d8d8dff,0x8c8b8bff,0x8a8988ff,0x888887ff,0x858585ff,0x838483ff,0x828281ff,0x7f8080ff,0x7e7e7eff,0x7c7c7bff,0x7a7a79ff,0x787878ff,0x777776ff,
0x747574ff,0x737372ff,0x717171ff,0x6f6f6fff,0x6e6e6eff,0x6c6c6bff,0x6b6a6aff,0x696968ff,0x676766ff,0x656565ff,0x636464ff,0x626162ff,0x606060ff,0x5f5f5fff,0x5e5d5dff,0x5b5c5bff,0x5a5a5aff,0x595858ff,0x575756ff,0x555554ff,0x545453ff,0x525252ff,
0x515151ff,0x4f4f4eff,0x4e4d4dff,0x4c4b4bff,0x4a4a4aff,0x494949ff,0x474747ff,0x464645ff,0x444444ff,0x424343ff,0x424241ff,0x403f3fff,0x3e3e3eff,0x3d3d3dff,0x3c3b3bff,0x3a3a3aff,0x393838ff,0x373736ff,0x363535ff,0x333433ff,0x333232ff,0x313130ff,
0x2f302fff,0x2e2e2eff,0x2d2c2cff,0x2b2b2bff,0x2a2a2aff,0x282828ff,0x262627ff,0x252525ff,0x242324ff,0x222222ff,0x212121ff,0x1f1f1fff,0x1e1e1eff,0x1c1c1cff,0x1b1b1aff,0x191919ff,0x181818ff,0x171617ff,0x151515ff,0x131313ff,0x121212ff,0x111011ff,
0xf0f0fff,0xd0d0eff,0xc0d0cff,0xb0b0bff,0xa0909ff,0x80807ff,0x60706ff,0x40405ff,0x40303ff,0x20202ff,0x10000ff,0xff,0x10101ff,0x20202ff,0x30303ff,0x40505ff,0x60706ff,0x80807ff,0xa0909ff,0xb0b0bff,0xc0d0dff,0xd0e0eff,
0xf0f0fff,0x111111ff,0x121212ff,0x131413ff,0x151515ff,0x161617ff,0x181817ff,0x191a19ff,0x1b1b1bff,0x1d1d1cff,0x1e1e1eff,0x201f1fff,0x212120ff,0x232322ff,0x232324ff,0x262525ff,0x262627ff,0x292828ff,0x292a29ff,0x2b2b2bff,0x2d2d2cff,0x2e2e2eff,
0x30302fff,0x313231ff,0x323333ff,0x343434ff,0x353535ff,0x373737ff,0x383839ff,0x3a3a39ff,0x3c3b3bff,0x3d3d3dff,0x3f3e3eff,0x404040ff,0x414241ff,0x434343ff,0x454444ff,0x464646ff,0x484748ff,0x494948ff,0x4a4a4aff,0x4d4d4cff,0x4e4e4eff,0x4f4f4fff,
0x515151ff,0x535252ff,0x545454ff,0x555655ff,0x575757ff,0x585858ff,0x5a5a5aff,0x5c5c5bff,0x5d5d5dff,0x5e5f5fff,0x606160ff,0x626262ff,0x646463ff,0x666565ff,0x676867ff,0x696968ff,0x6a6a6aff,0x6c6c6cff,0x6e6e6dff,0x706f70ff,0x727171ff,0x737473ff,
0x757575ff,0x767677ff,0x787978ff,0x7b7b7aff,0x7d7c7cff,0x7e7f7eff,0x808080ff,0x828281ff,0x848483ff,0x868686ff,0x888887ff,0x8a8a8aff,0x8c8c8cff,0x8e8e8eff,0x90918fff,0x939292ff,0x959494ff,0x979796ff,0x999999ff,0x9c9b9aff,0x9d9d9dff,0xa0a09fff,
0xa2a2a2ff,0xa5a5a3ff,0xa7a7a6ff,0xa9a9a8ff,0xabacabff,0xaeaeadff,0xb0b1afff,0xb2b3b2ff,0xb5b5b4ff,0xb8b7b6ff,0xbab9b9ff,0xbcbcbbff,0xbebfbdff,0xc0c0bfff,0xc2c3c2ff,0xc4c4c4ff,0xc6c7c7ff,0xc9c9c8ff,0xcbcbcaff,0xcdcdccff,0xcfcecdff,0xd0d1d0ff,
0xd2d2d1ff,0xd2d3d2ff,0xd4d5d4ff,0xd5d5d4ff,0xd6d5d5ff,0xd6d7d5ff,0xd7d7d6ff,0xd7d7d6ff,0xd6d7d6ff,0xd6d6d6ff,0xd6d6d5ff,0xd5d5d4ff,0xd4d4d4ff,0xd3d3d2ff,0xd2d2d1ff,0xd0d0d0ff,0xcfceceff,0xcdccccff,0xcbcbcaff,0xc9c9c8ff,0xc7c7c6ff,0xc5c5c4ff,
0xc3c2c2ff,0xc0c1c0ff,0xbebebdff,0xbcbcbbff,0xbabab9ff,0xb7b7b6ff,0xb5b5b4ff,0xb3b2b1ff,0xb1b1b0ff,0xaeaeaeff,0xacacabff,0xa9a9a8ff,0xa7a7a6ff,0xa5a5a4ff,0xa2a2a2ff,0xa0a09fff,0x9e9e9dff,0x9c9c9bff,0x999998ff,0x979797ff,0x949594ff,0x929292ff,
0x909090ff,0x8f8e8dff,0x8c8c8cff,0x8a8a89ff,0x888887ff,0x868685ff,0x848484ff,0x828282ff,0x80817fff,0x7e7e7eff,0x7c7d7cff,0x7b7a7aff,0x787978ff,0x777676ff,0x757575ff,0x737373ff,0x727171ff,0x6f7070ff,0x6e6e6dff,0x6c6c6bff,0x6a6b6aff,0x686869ff,
0x686767ff,0x656565ff,0x646463ff,0x626262ff,0x606061ff,0x5f5f5eff,0x5d5e5dff,0x5c5c5bff,0x5a5a5aff,0x585858ff,0x575757ff,0x565555ff,0x545454ff,0x535352ff,0x515151ff,0x4f4f4fff,0x4d4e4eff,0x4c4c4bff,0x4b4a4aff,0x494949ff,0x474747ff,0x464646ff,
0x444545ff,0x434343ff,0x424141ff,0x404040ff,0x3e3e3eff,0x3d3d3dff,0x3b3c3bff,0x3a3a3aff,0x383838ff,0x373736ff,0x363535ff,0x343434ff,0x333233ff,0x313130ff,0x30302fff,0x2e2e2eff,0x2c2c2dff,0x2b2b2bff,0x292a2aff,0x292928ff,0x262626ff,0x252525ff,
0x242424ff,0x232222ff,0x212121ff,0x1f1f1fff,0x1e1d1eff,0x1c1c1cff,0x1b1b1aff,0x1a1919ff,0x181818ff,0x161617ff,0x151515ff,0x141413ff,0x121212ff,0x111111ff,0xf0f0fff,0xe0d0dff,0xc0c0cff,0xb0a0bff,0x90a0aff,0x80708ff,0x70607ff,0x50505ff,
0x30403ff,0x30202ff,0x101ff,0xff,0x101ff,0x20203ff,0x30304ff,0x50505ff,0x60607ff,0x80808ff,0x90a09ff,0xb0b0bff,0xc0c0cff,0xe0e0eff,0x10100fff,0x111110ff,0x121313ff,0x141314ff,0x151515ff,0x171716ff,0x181818ff,0x191a19ff,
0x1b1b1bff,0x1c1d1cff,0x1e1e1eff,0x1f201fff,0x212121ff,0x232322ff,0x242424ff,0x252525ff,0x272727ff,0x292829ff,0x2a292aff,0x2b2b2bff,0x2d2d2dff,0x2e2e2eff,0x303030ff,0x323131ff,0x333332ff,0x343434ff,0x363636ff,0x373837ff,0x383939ff,0x3a3a3aff,
0x3c3c3bff,0x3d3e3dff,0x3f3e3fff,0x404040ff,0x414141ff,0x434343ff,0x454545ff,0x474646ff,0x474847ff,0x494a49ff,0x4b4b4bff,0x4d4d4cff,0x4e4e4eff,0x50504fff,0x515150ff,0x535352ff,0x555453ff,0x565655ff,0x575757ff,0x595958ff,0x5a5b5aff,0x5c5c5cff,
0x5e5d5eff,0x5f5f5fff,0x616061ff,0x626362ff,0x656463ff,0x666665ff,0x676868ff,0x696968ff,0x6b6b6bff,0x6d6d6cff,0x6e6f6eff,0x70706fff,0x727272ff,0x737373ff,0x767575ff,0x777777ff,0x797a79ff,0x7b7b7aff,0x7d7d7dff,0x7f7f7eff,0x818080ff,0x828282ff,
0x858584ff,0x878786ff,0x898989ff,0x8b8b8bff,0x8d8c8cff,0x8f8f8eff,0x919190ff,0x939393ff,0x959595ff,0x989897ff,0x9a9a99ff,0x9c9c9cff,0x9e9e9eff,0xa0a1a0ff,0xa3a3a3ff,0xa6a6a4ff,0xa8a8a8ff,0xaaaaaaff,0xadadacff,0xafafafff,0xb1b2b1ff,0xb4b4b4ff,
0xb7b7b6ff,0xb9b9b8ff,0xbbbbbbff,0xbebebdff,0xc0c0bfff,0xc2c3c1ff,0xc5c4c3ff,0xc7c7c6ff,0xc9c9c8ff,0xcbcbcbff,0xcdcdccff,0xcfcfceff,0xd1d1d0ff,0xd3d3d2ff,0xd4d4d4ff,0xd6d5d5ff,0xd6d7d6ff,0xd7d8d7ff,0xd9d9d8ff,0xd9d9d8ff,0xdadad9ff,0xdadad9ff,
0xd9d9d8ff,0xd9dad8ff,0xd9d9d8ff,0xd8d8d7ff,0xd6d7d6ff,0xd5d5d5ff,0xd4d4d3ff,0xd3d3d2ff,0xd1d1d0ff,0xcfcfceff,0xcecdcdff,0xcbcbcbff,0xc9c9c8ff,0xc7c7c6ff,0xc4c5c4ff,0xc2c2c2ff,0xc0c0bfff,0xbebebdff,0xbbbbbaff,0xb9b9b8ff,0xb7b6b6ff,0xb4b4b3ff,
0xb1b1b1ff,0xafb0aeff,0xadadacff,0xabaaaaff,0xa8a8a7ff,0xa6a6a5ff,0xa3a4a2ff,0xa1a1a0ff,0x9f9e9eff,0x9c9c9bff,0x9a9a99ff,0x989897ff,0x959695ff,0x939492ff,0x919191ff,0x8f8f8eff,0x8c8d8cff,0x8a8b8aff,0x888988ff,0x878786ff,0x848584ff,0x828282ff,
0x818180ff,0x7f7f7eff,0x7d7d7dff,0x7b7b7bff,0x797978ff,0x777876ff,0x757575ff,0x747474ff,0x727272ff,0x707170ff,0x6f6f6dff,0x6d6d6cff,0x6b6a6bff,0x696969ff,0x686767ff,0x666665ff,0x646464ff,0x626262ff,0x616161ff,0x5f5f5fff,0x5e5e5eff,0x5c5c5cff,
0x5b5b5bff,0x595958ff,0x575757ff,0x565556ff,0x545554ff,0x525253ff,0x515151ff,0x504f4fff,0x4e4e4dff,0x4c4c4cff,0x4b4b4aff,0x494949ff,0x484847ff,0x474646ff,0x454545ff,0x434343ff,0x414241ff,0x404040ff,0x3f3e3eff,0x3d3d3dff,0x3c3c3cff,0x3a3b3aff,
0x383938ff,0x373737ff,0x363636ff,0x343535ff,0x333332ff,0x313131ff,0x303030ff,0x2e2f2eff,0x2d2d2dff,0x2b2b2bff,0x2a2a29ff,0x282928ff,0x262727ff,0x252526ff,0x242424ff,0x232222ff,0x212121ff,0x20201fff,0x1e1e1eff,0x1c1c1dff,0x1b1b1bff,0x191919ff,
0x181818ff,0x171716ff,0x151515ff,0x141413ff,0x121312ff,0x111111ff,0x10100fff,0xe0e0eff,0xc0d0dff,0xb0b0bff,0xa090aff,0x80808ff,0x70607ff,0x50506ff,0x30403ff,0x20202ff,0x10101ff,0xff,0x10101ff,0x30202ff,0x40404ff,0x50505ff,
0x60706ff,0x80908ff,0x9090aff,0xb0b0bff,0xd0c0cff,0xe0e0eff,0xf100fff,0x111110ff,0x121312ff,0x141413ff,0x161615ff,0x171716ff,0x181818ff,0x1a1a1aff,0x1b1b1bff,0x1d1d1dff,0x1e1f1eff,0x1f2020ff,0x212221ff,0x232223ff,0x242424ff,0x262526ff,
0x272727ff,0x282828ff,0x2a2a2aff,0x2b2c2bff,0x2d2d2dff,0x2e2f2eff,0x303030ff,0x313131ff,0x333332ff,0x343534ff,0x363636ff,0x373837ff,0x393939ff,0x3b3a3aff,0x3c3c3cff,0x3d3d3dff,0x3f3f3fff,0x414140ff,0x424242ff,0x434343ff,0x454545ff,0x464646ff,
0x484848ff,0x4a4a49ff,0x4b4b4aff,0x4d4d4dff,0x4f4e4eff,0x505050ff,0x525151ff,0x535253ff,0x555455ff,0x565656ff,0x585857ff,0x595959ff,0x5a5b5aff,0x5d5c5cff,0x5e5e5dff,0x606060ff,0x616160ff,0x636362ff,0x646564ff,0x666666ff,0x676867ff,0x696969ff,
0x6b6b6bff,0x6d6d6cff,0x6f6f6fff,0x707170ff,0x727272ff,0x747474ff,0x757675ff,0x777878ff,0x7a7979ff,0x7c7b7bff,0x7d7d7dff,0x7f7f7fff,0x828181ff,0x838382ff,0x858585ff,0x878786ff,0x898a88ff,0x8b8b8aff,0x8d8d8dff,0x8f8f8fff,0x929191ff,0x949493ff,
0x969795ff,0x999898ff,0x9b9b9aff,0x9d9d9cff,0xa0a09fff,0xa2a2a1ff,0xa4a4a4ff,0xa7a7a6ff,0xa9a9a8ff,0xabacabff,0xaeaeadff,0xb0b0b0ff,0xb3b3b2ff,0xb5b5b4ff,0xb8b7b7ff,0xbababaff,0xbcbcbcff,0xbfbfbeff,0xc1c2c1ff,0xc4c4c3ff,0xc7c6c6ff,0xc8c8c8ff,
0xcbcbcaff,0xcdceccff,0xd0cfceff,0xd1d2d0ff,0xd3d3d2ff,0xd5d5d4ff,0xd6d6d5ff,0xd8d8d8ff,0xd9d9d9ff,0xdbdadaff,0xdbdbdbff,0xdcdcdbff,0xdcdddbff,0xdddddcff,0xdcdcdcff,0xdcdddbff,0xdbdbdaff,0xdadadaff,0xd9dad9ff,0xd8d8d8ff,0xd7d7d5ff,0xd5d5d4ff,
0xd4d3d2ff,0xd1d2d1ff,0xd0cfcfff,0xcdcdcdff,0xcbcbcbff,0xc9c9c8ff,0xc7c6c5ff,0xc4c4c3ff,0xc2c2c1ff,0xbfbfbfff,0xbdbcbcff,0xbabab9ff,0xb8b8b7ff,0xb5b5b4ff,0xb3b2b2ff,0xb0b1b0ff,0xaeaeadff,0xacabaaff,0xa9a9a9ff,0xa7a7a6ff,0xa4a4a3ff,0xa2a2a1ff,
0xa0a09fff,0x9d9d9dff,0x9b9b9bff,0x989998ff,0x969696ff,0x949494ff,0x919291ff,0x909090ff,0x8d8d8dff,0x8b8c8bff,0x8a8989ff,0x878787ff,0x858585ff,0x838382ff,0x818181ff,0x7f7f7fff,0x7e7d7dff,0x7c7c7bff,0x7a7a79ff,0x787878ff,0x767676ff,0x747474ff,
0x737272ff,0x717170ff,0x6f6f6eff,0x6d6d6cff,0x6b6b6bff,0x696a69ff,0x676867ff,0x666665ff,0x656464ff,0x626363ff,0x616161ff,0x605f5fff,0x5e5e5eff,0x5c5d5cff,0x5b5a5aff,0x595959ff,0x575757ff,0x565656ff,0x545554ff,0x535353ff,0x515151ff,0x505050ff,
0x4e4e4eff,0x4d4c4cff,0x4b4c4bff,0x494949ff,0x484848ff,0x474746ff,0x454544ff,0x434443ff,0x424241ff,0x414141ff,0x3f3f3fff,0x3d3e3dff,0x3c3c3cff,0x3b3a3aff,0x393939ff,0x383738ff,0x363636ff,0x353534ff,0x333333ff,0x323232ff,0x303030ff,0x2f2f2eff,
0x2e2d2dff,0x2b2b2bff,0x2a2a2aff,0x292828ff,0x272727ff,0x252626ff,0x242424ff,0x232322ff,0x212121ff,0x1f2020ff,0x1e1e1fff,0x1d1d1cff,0x1b1b1bff,0x19191aff,0x181818ff,0x171717ff,0x151615ff,0x141414ff,0x121312ff,0x111111ff,0x100f10ff,0xe0e0eff,
0xc0d0cff,0xb0b0bff,0xa0a0aff,0x80808ff,0x60706ff,0x60506ff,0x40404ff,0x30202ff,0x10101ff,0x1ff,0x10101ff,0x20303ff,0x40404ff,0x60506ff,0x70607ff,0x80808ff,0x90a0aff,0xb0b0cff,0xd0d0dff,0xe0e0eff,0x101010ff,0x111111ff,
0x121313ff,0x141414ff,0x161616ff,0x171716ff,0x181818ff,0x1a1a1aff,0x1c1c1bff,0x1d1d1dff,0x1e1e1eff,0x20201fff,0x212221ff,0x232323ff,0x242424ff,0x262625ff,0x282727ff,0x292929ff,0x2a2a2aff,0x2c2b2bff,0x2d2d2dff,0x2f2e2eff,0x303030ff,0x323231ff,
0x333333ff,0x353434ff,0x363636ff,0x373737ff,0x393939ff,0x3b3a3aff,0x3c3c3cff,0x3e3d3dff,0x3f3f3fff,0x414041ff,0x424342ff,0x444343ff,0x454644ff,0x474747ff,0x484948ff,0x4a4a49ff,0x4b4b4bff,0x4d4d4dff,0x4f4f4eff,0x505050ff,0x515251ff,0x535353ff,
0x555554ff,0x565656ff,0x585857ff,0x595a59ff,0x5b5b5aff,0x5d5c5cff,0x5f5e5eff,0x60605fff,0x616261ff,0x636363ff,0x646565ff,0x676666ff,0x686968ff,0x6a6a69ff,0x6b6c6bff,0x6e6d6cff,0x6f6f6eff,0x717171ff,0x727273ff,0x747474ff,0x767776ff,0x787878ff,
0x7a7a79ff,0x7c7b7bff,0x7d7d7dff,0x808080ff,0x828281ff,0x848383ff,0x868685ff,0x888887ff,0x8a8a89ff,0x8c8c8bff,0x8e8e8dff,0x90908fff,0x929292ff,0x959594ff,0x979796ff,0x999999ff,0x9b9b9bff,0x9e9d9eff,0xa0a09fff,0xa3a3a2ff,0xa5a5a4ff,0xa8a7a6ff,
0xa9aaa9ff,0xacacacff,0xafafaeff,0xb1b2b0ff,0xb4b4b3ff,0xb6b6b6ff,0xb9b9b9ff,0xbbbcbaff,0xbebebdff,0xc1c1c0ff,0xc3c3c2ff,0xc6c6c5ff,0xc8c8c7ff,0xcbcacaff,0xcccdccff,0xcfcfceff,0xd2d1d0ff,0xd3d3d3ff,0xd6d5d4ff,0xd8d7d7ff,0xdad9d8ff,0xdadadaff,
0xdcdcdbff,0xddddddff,0xdededeff,0xdfdfdeff,0xe0dfdfff,0xe0dfdfff,0xe0e0dfff,0xdfdfdfff,0xdedfdeff,0xddddddff,0xdcdcdbff,0xdbdadaff,0xd9d9d9ff,0xd7d8d7ff,0xd5d5d5ff,0xd3d3d3ff,0xd1d1d0ff,0xcfcfceff,0xcdcdccff,0xcbcbcaff,0xc8c8c7ff,0xc6c6c5ff,
0xc3c3c2ff,0xc1c1bfff,0xbebebdff,0xbbbcbbff,0xb9b9b9ff,0xb7b7b6ff,0xb4b4b3ff,0xb1b1b1ff,0xafafafff,0xacacacff,0xaaaaa9ff,0xa8a7a6ff,0xa5a5a5ff,0xa3a2a2ff,0xa0a0a0ff,0x9e9e9dff,0x9c9b9aff,0x999999ff,0x979797ff,0x949594ff,0x929292ff,0x90908fff,
0x8e8e8eff,0x8c8c8bff,0x8a8a89ff,0x888887ff,0x868685ff,0x848483ff,0x818181ff,0x807f7fff,0x7d7e7dff,0x7c7c7cff,0x7a7a79ff,0x787878ff,0x767676ff,0x747574ff,0x737372ff,0x717170ff,0x6f6f6fff,0x6e6d6dff,0x6b6c6bff,0x6a6a69ff,0x696867ff,0x676766ff,
0x656564ff,0x636363ff,0x626161ff,0x60605fff,0x5e5e5dff,0x5c5c5cff,0x5b5b5bff,0x5a5959ff,0x585757ff,0x575655ff,0x555555ff,0x535453ff,0x515151ff,0x50504fff,0x4f4f4eff,0x4d4d4dff,0x4b4b4bff,0x4a4a49ff,0x484848ff,0x474646ff,0x454545ff,0x444443ff,
0x424242ff,0x404141ff,0x3f3f3eff,0x3e3e3eff,0x3c3c3cff,0x3a3b3aff,0x393939ff,0x373737ff,0x363636ff,0x353534ff,0x333333ff,0x323131ff,0x313030ff,0x2f2f2fff,0x2d2d2dff,0x2c2c2bff,0x2a2a2aff,0x292929ff,0x272727ff,0x262626ff,0x242525ff,0x222223ff,
0x212121ff,0x202020ff,0x1f1e1eff,0x1d1c1dff,0x1b1c1cff,0x191a1aff,0x181918ff,0x171717ff,0x151515ff,0x141414ff,0x121313ff,0x111111ff,0x10100fff,0xe0e0eff,0xc0c0dff,0xb0b0bff,0xa0a09ff,0x80808ff,0x60707ff,0x60605ff,0x40404ff,0x30203ff,
0x10101ff,0xff,0x10101ff,0x20202ff,0x40404ff,0x50505ff,0x70707ff,0x80808ff,0xa0a0aff,0xb0b0cff,0xd0c0dff,0xe0e0eff,0xf1010ff,0x111211ff,0x121312ff,0x141414ff,0x161616ff,0x181717ff,0x191918ff,0x1a1a1aff,0x1c1b1cff,0x1d1d1dff,
0x1f1f1fff,0x202020ff,0x212221ff,0x232323ff,0x252524ff,0x262625ff,0x272827ff,0x292829ff,0x2a2a2aff,0x2c2c2cff,0x2e2d2dff,0x2f2e2fff,0x303030ff,0x323131ff,0x333433ff,0x343534ff,0x363636ff,0x373838ff,0x393939ff,0x3b3b3aff,0x3c3c3cff,0x3e3d3eff,
0x3f403fff,0x404140ff,0x424242ff,0x444444ff,0x454645ff,0x464746ff,0x494848ff,0x4a4a49ff,0x4c4c4bff,0x4d4d4dff,0x4f4f4eff,0x515050ff,0x515251ff,0x535453ff,0x555455ff,0x575656ff,0x585858ff,0x5a5a5aff,0x5b5b5bff,0x5d5d5cff,0x5e5e5eff,0x60605fff,
0x626261ff,0x646463ff,0x656565ff,0x666766ff,0x686868ff,0x6a6b6aff,0x6c6c6cff,0x6d6d6dff,0x6f6f6fff,0x717171ff,0x737373ff,0x747574ff,0x767776ff,0x797978ff,0x7b7a7aff,0x7c7c7cff,0x7e7e7dff,0x80807fff,0x828282ff,0x848483ff,0x878686ff,0x888887ff,
0x8b8a8aff,0x8c8d8bff,0x8f8f8eff,0x919090ff,0x939393ff,0x959594ff,0x989797ff,0x9a9a99ff,0x9c9c9bff,0x9e9e9eff,0xa1a1a0ff,0xa4a3a3ff,0xa5a5a5ff,0xa8a9a8ff,0xabaaaaff,0xadadacff,0xb0b0afff,0xb3b2b2ff,0xb5b5b4ff,0xb7b8b6ff,0xbabab9ff,0xbdbcbcff,
0xc0bfbfff,0xc2c2c2ff,0xc4c5c4ff,0xc7c7c6ff,0xcac9c9ff,0xccccccff,0xcfcecdff,0xd1d1d0ff,0xd3d3d3ff,0xd6d5d5ff,0xd8d7d7ff,0xd9d9d9ff,0xdcdbdaff,0xdedddcff,0xdedfdeff,0xe0e0dfff,0xe1e1e0ff,0xe2e2e1ff,0xe2e3e2ff,0xe3e3e2ff,0xe3e2e2ff,0xe2e2e2ff,
0xe1e1e1ff,0xe0e0dfff,0xdfdfdeff,0xddddddff,0xdcdbdbff,0xdad9d8ff,0xd8d7d7ff,0xd6d5d5ff,0xd3d3d2ff,0xd1d1d0ff,0xcecfceff,0xcccccbff,0xcacac8ff,0xc7c7c7ff,0xc4c4c4ff,0xc2c2c1ff,0xbfbfbeff,0xbdbcbcff,0xbabab9ff,0xb8b8b7ff,0xb5b5b5ff,0xb2b2b2ff,
0xb0b0afff,0xaeaeadff,0xababaaff,0xa8a8a8ff,0xa6a6a5ff,0xa3a3a3ff,0xa1a1a0ff,0x9e9e9eff,0x9c9c9cff,0x9a9a99ff,0x989897ff,0x959595ff,0x939393ff,0x909190ff,0x8e8e8eff,0x8c8c8bff,0x8a8a8aff,0x898888ff,0x868686ff,0x858483ff,0x828282ff,0x80807fff,
0x7e7e7dff,0x7c7c7cff,0x7a7a7aff,0x797878ff,0x767776ff,0x757575ff,0x737373ff,0x727171ff,0x706f6fff,0x6d6e6dff,0x6c6c6bff,0x6a6a6aff,0x696968ff,0x666767ff,0x656565ff,0x646463ff,0x616161ff,0x606060ff,0x5f5f5fff,0x5d5d5cff,0x5c5c5bff,0x5a5a59ff,
0x585858ff,0x565757ff,0x555554ff,0x545353ff,0x525251ff,0x505050ff,0x4e4f4fff,0x4d4d4dff,0x4c4b4bff,0x4a4a4aff,0x494848ff,0x474647ff,0x454545ff,0x444443ff,0x424242ff,0x404141ff,0x3f3f3fff,0x3e3d3eff,0x3c3d3cff,0x3a3b3bff,0x393939ff,0x383737ff,
0x363636ff,0x343535ff,0x333333ff,0x323231ff,0x313030ff,0x2f2f2fff,0x2d2d2dff,0x2b2b2bff,0x2a2a2aff,0x292928ff,0x272727ff,0x262626ff,0x242424ff,0x232322ff,0x222122ff,0x202020ff,0x1e1f1eff,0x1d1d1dff,0x1c1b1bff,0x1a1a1aff,0x191918ff,0x171717ff,
0x161616ff,0x141414ff,0x121313ff,0x111111ff,0xf0f10ff,0xe0e0eff,0xd0d0dff,0xb0b0bff,0xa0a0aff,0x80909ff,0x70707ff,0x60606ff,0x40404ff,0x20303ff,0x10101ff,0xff,0x10101ff,0x30203ff,0x40404ff,0x50506ff,0x70807ff,0x80908ff,
0xa0a0aff,0xb0b0bff,0xd0d0dff,0xe0e0eff,0x101010ff,0x111211ff,0x131313ff,0x151414ff,0x161616ff,0x171717ff,0x191919ff,0x1a1a1aff,0x1c1c1cff,0x1e1d1dff,0x1f1f1eff,0x202020ff,0x222221ff,0x232323ff,0x252424ff,0x262626ff,0x282828ff,0x292928ff,
0x2a2a2aff,0x2c2c2cff,0x2d2d2dff,0x2f2f2fff,0x303130ff,0x323231ff,0x343433ff,0x353535ff,0x363636ff,0x383738ff,0x3a3a39ff,0x3b3b3bff,0x3c3c3dff,0x3e3d3eff,0x3f403fff,0x414141ff,0x424343ff,0x444444ff,0x454545ff,0x474747ff,0x494948ff,0x4a4a4aff,
0x4c4c4bff,0x4d4d4dff,0x4e4e4eff,0x515050ff,0x525252ff,0x535353ff,0x555555ff,0x575656ff,0x595958ff,0x5a5a59ff,0x5b5c5cff,0x5e5d5dff,0x5e5f5eff,0x616060ff,0x626261ff,0x636363ff,0x656665ff,0x676767ff,0x696968ff,0x6b6a6aff,0x6c6c6cff,0x6e6e6dff,
0x70706fff,0x717271ff,0x747373ff,0x757575ff,0x777777ff,0x797978ff,0x7a7b7aff,0x7c7d7cff,0x7e7e7eff,0x818080ff,0x828282ff,0x858584ff,0x868786ff,0x898888ff,0x8a8b8aff,0x8d8c8cff,0x8f8f8fff,0x919190ff,0x949393ff,0x969595ff,0x989898ff,0x9b9a9aff,
0x9d9d9cff,0x9f9f9fff,0xa1a2a1ff,0xa4a4a3ff,0xa6a6a5ff,0xa9a9a9ff,0xabababff,0xaeaeadff,0xb1b1b0ff,0xb3b3b3ff,0xb6b5b5ff,0xb8b8b8ff,0xbcbbbaff,0xbdbebdff,0xc1c0c0ff,0xc3c3c2ff,0xc5c6c5ff,0xc8c9c7ff,0xcbcbcaff,0xcececdff,0xd0d1d0ff,0xd3d3d1ff,
0xd5d5d5ff,0xd7d8d7ff,0xd9d9d9ff,0xdcdbdbff,0xdededdff,0xe0e0dfff,0xe1e2e1ff,0xe3e3e2ff,0xe4e4e3ff,0xe6e5e4ff,0xe6e5e4ff,0xe5e6e5ff,0xe6e6e5ff,0xe6e6e5ff,0xe4e5e3ff,0xe3e3e2ff,0xe1e1e0ff,0xe0e0dfff,0xdededdff,0xdcdcdbff,0xd9dad9ff,0xd8d7d7ff,
0xd5d5d4ff,0xd2d2d2ff,0xd0d0cfff,0xcececcff,0xcbcbcaff,0xc8c9c7ff,0xc5c6c5ff,0xc3c3c2ff,0xc1c0c0ff,0xbebebdff,0xbbbcbbff,0xb8b9b8ff,0xb6b6b5ff,0xb3b3b3ff,0xb0b0b0ff,0xaeaeaeff,0xabacabff,0xa9a9a9ff,0xa6a7a6ff,0xa4a5a4ff,0xa1a2a1ff,0x9f9f9fff,
0x9c9c9cff,0x9b9a99ff,0x989897ff,0x959695ff,0x939393ff,0x919191ff,0x8f8f8eff,0x8c8d8cff,0x8b8b8aff,0x888888ff,0x868686ff,0x858484ff,0x828282ff,0x808180ff,0x7f7f7eff,0x7d7d7cff,0x7b7b7bff,0x787979ff,0x777776ff,0x757574ff,0x737373ff,0x717171ff,
0x707070ff,0x6e6e6dff,0x6c6c6cff,0x6b6b6aff,0x686968ff,0x676766ff,0x656565ff,0x636463ff,0x626262ff,0x606160ff,0x5e5e5eff,0x5d5d5dff,0x5b5b5bff,0x5a5a59ff,0x585858ff,0x575756ff,0x555555ff,0x535353ff,0x525252ff,0x515050ff,0x4e4f4eff,0x4d4d4dff,
0x4c4b4cff,0x4a4a4aff,0x494848ff,0x474747ff,0x454546ff,0x444444ff,0x424342ff,0x414140ff,0x3f403fff,0x3e3e3eff,0x3c3c3cff,0x3b3b3aff,0x3a3939ff,0x383837ff,0x363636ff,0x353535ff,0x333333ff,0x323232ff,0x313130ff,0x2f2f2fff,0x2e2d2eff,0x2c2c2cff,
0x2a2b2aff,0x292929ff,0x272728ff,0x262626ff,0x242425ff,0x232323ff,0x222222ff,0x212020ff,0x1e1f1fff,0x1d1d1dff,0x1b1b1bff,0x1a1b1aff,0x181818ff,0x171718ff,0x161616ff,0x151414ff,0x121313ff,0x111111ff,0xf100fff,0xe0e0eff,0xd0d0dff,0xb0c0bff,
0xa0a09ff,0x80908ff,0x80707ff,0x50505ff,0x40404ff,0x30303ff,0x20101ff,0xff,0x20101ff,0x30203ff,0x50404ff,0x50606ff,0x70707ff,0x80909ff,0xa0a0aff,0xc0c0bff,0xd0d0dff,0xe0e0eff,0x101010ff,0x111112ff,0x131313ff,0x141514ff,
0x161616ff,0x181718ff,0x191918ff,0x1a1a1bff,0x1c1b1bff,0x1d1d1dff,0x1f1e1eff,0x202120ff,0x212121ff,0x232323ff,0x242525ff,0x262626ff,0x272827ff,0x292929ff,0x2a2a2bff,0x2c2c2cff,0x2d2e2dff,0x2f2f2fff,0x313030ff,0x323232ff,0x333333ff,0x353535ff,
0x373736ff,0x383838ff,0x393a3aff,0x3b3b3bff,0x3c3c3cff,0x3e3e3dff,0x40403fff,0x414141ff,0x434342ff,0x454444ff,0x454545ff,0x474747ff,0x484948ff,0x4a4a4aff,0x4c4b4bff,0x4d4d4dff,0x4f4f4eff,0x505050ff,0x525251ff,0x545453ff,0x555555ff,0x575757ff,
0x585958ff,0x5a5a5aff,0x5b5b5bff,0x5e5d5dff,0x5f5f5fff,0x616060ff,0x626261ff,0x646463ff,0x666566ff,0x676767ff,0x696968ff,0x6b6a6bff,0x6c6d6bff,0x6f6e6eff,0x70706fff,0x717271ff,0x747373ff,0x757575ff,0x777777ff,0x797979ff,0x7b7b7bff,0x7d7c7cff,
0x7f7f7eff,0x818181ff,0x838383ff,0x858584ff,0x878786ff,0x898989ff,0x8b8b8bff,0x8d8d8dff,0x90908fff,0x929191ff,0x949493ff,0x969695ff,0x999998ff,0x9b9b9bff,0x9d9d9cff,0x9fa09fff,0xa2a2a1ff,0xa4a5a4ff,0xa8a8a6ff,0xaaaaa9ff,0xadacacff,0xafafaeff,
0xb2b1b0ff,0xb4b4b3ff,0xb7b6b6ff,0xb9b9b9ff,0xbcbcbcff,0xbfbfbeff,0xc2c1c0ff,0xc4c4c4ff,0xc7c6c6ff,0xcacac9ff,0xcdcdccff,0xcfcfceff,0xd2d1d0ff,0xd5d4d4ff,0xd6d7d6ff,0xdadad8ff,0xdcdcdbff,0xdeddddff,0xe0e0dfff,0xe2e2e1ff,0xe4e4e3ff,0xe6e6e5ff,
0xe7e7e6ff,0xe8e8e7ff,0xe9e8e8ff,0xe9e8e8ff,0xe9e9e8ff,0xe8e8e7ff,0xe7e7e6ff,0xe5e5e5ff,0xe4e4e3ff,0xe2e3e2ff,0xe0e0dfff,0xdededdff,0xdcdbdbff,0xd9d9d8ff,0xd7d6d6ff,0xd4d4d3ff,0xd1d2d0ff,0xd0cfceff,0xcccccbff,0xcacac9ff,0xc7c7c7ff,0xc4c4c3ff,
0xc1c2c1ff,0xbfbfbeff,0xbcbcbcff,0xb9bab9ff,0xb7b7b6ff,0xb4b5b3ff,0xb1b1b1ff,0xafafafff,0xadacabff,0xaaaaa9ff,0xa7a7a6ff,0xa5a5a4ff,0xa2a2a2ff,0x9fa09fff,0x9d9d9dff,0x9b9b9bff,0x999898ff,0x969696ff,0x939493ff,0x929291ff,0x908f8fff,0x8e8e8cff,
0x8b8b8bff,0x898988ff,0x878787ff,0x848584ff,0x828382ff,0x818180ff,0x7f7f7eff,0x7d7d7cff,0x7b7b7aff,0x797979ff,0x777777ff,0x767575ff,0x747473ff,0x727172ff,0x70706fff,0x6f6e6eff,0x6c6c6cff,0x6b6b6aff,0x696969ff,0x676767ff,0x666665ff,0x646463ff,
0x626261ff,0x616060ff,0x5e5f5fff,0x5d5d5dff,0x5b5b5bff,0x5a5a59ff,0x595958ff,0x565757ff,0x555555ff,0x535453ff,0x525251ff,0x515051ff,0x4f4f4eff,0x4d4e4dff,0x4c4c4cff,0x4b4b4aff,0x494948ff,0x484847ff,0x454545ff,0x444443ff,0x434343ff,0x414141ff,
0x403f3fff,0x3e3e3eff,0x3c3c3cff,0x3b3b3bff,0x393a39ff,0x383838ff,0x373636ff,0x353535ff,0x333433ff,0x323231ff,0x303030ff,0x2f2f2fff,0x2e2e2eff,0x2c2c2cff,0x2b2b2bff,0x292929ff,0x272827ff,0x262626ff,0x252525ff,0x232323ff,0x222222ff,0x202020ff,
0x1e1f1fff,0x1e1d1dff,0x1b1c1bff,0x1b1b1aff,0x191918ff,0x171817ff,0x161616ff,0x151415ff,0x131312ff,0x111212ff,0x101010ff,0xf0f0eff,0xd0d0dff,0xb0b0cff,0xa0b0aff,0x90909ff,0x70708ff,0x60606ff,0x40404ff,0x20303ff,0x10101ff,0xff,
0x20201ff,0x20203ff,0x40504ff,0x60606ff,0x70707ff,0x80908ff,0xa0a0aff,0xb0c0cff,0xd0d0dff,0xe0f0eff,0x101010ff,0x111212ff,0x131313ff,0x141414ff,0x161616ff,0x171717ff,0x181919ff,0x1b1a1aff,0x1b1b1cff,0x1d1d1eff,0x1f1f1fff,0x212120ff,
0x222222ff,0x242323ff,0x252525ff,0x272626ff,0x282727ff,0x292929ff,0x2a2b2bff,0x2c2c2cff,0x2e2d2eff,0x2f2f2fff,0x313031ff,0x323232ff,0x343333ff,0x353635ff,0x373737ff,0x383938ff,0x3a3a39ff,0x3c3b3bff,0x3c3d3cff,0x3f3e3eff,0x404040ff,0x414141ff,
0x434342ff,0x444444ff,0x464646ff,0x474747ff,0x494948ff,0x4a4a4aff,0x4c4c4cff,0x4d4e4dff,0x4f4f4fff,0x515050ff,0x525252ff,0x545454ff,0x555655ff,0x575757ff,0x595859ff,0x5a5a5aff,0x5b5c5cff,0x5e5e5dff,0x5f5f5eff,0x616160ff,0x626362ff,0x646464ff,
0x666666ff,0x676767ff,0x696968ff,0x6a6b6bff,0x6d6c6cff,0x6f6f6eff,0x70716fff,0x727271ff,0x747373ff,0x767675ff,0x777777ff,0x797978ff,0x7c7b7bff,0x7d7d7dff,0x7f7f7fff,0x818181ff,0x838383ff,0x858585ff,0x878787ff,0x898988ff,0x8b8c8bff,0x8e8d8dff,
0x90908fff,0x929291ff,0x959494ff,0x969696ff,0x999999ff,0x9c9c9bff,0x9e9d9dff,0xa1a0a0ff,0xa3a2a3ff,0xa5a5a5ff,0xa8a7a7ff,0xabaaaaff,0xadadacff,0xafb0afff,0xb2b2b2ff,0xb5b5b4ff,0xb8b7b7ff,0xbababaff,0xbdbdbcff,0xc0bfbfff,0xc2c2c1ff,0xc6c5c5ff,
0xc8c8c8ff,0xcbcbcaff,0xcececdff,0xd0d0d0ff,0xd3d3d2ff,0xd6d6d5ff,0xd9d8d8ff,0xdbdbdaff,0xdddedcff,0xdfdfdfff,0xe2e2e1ff,0xe4e4e4ff,0xe6e6e6ff,0xe8e8e7ff,0xeaeae9ff,0xebeaeaff,0xebeceaff,0xebebebff,0xebebeaff,0xeaebeaff,0xeae9e9ff,0xe8e8e7ff,
0xe7e7e5ff,0xe4e5e3ff,0xe3e2e1ff,0xe0dfdfff,0xdeddddff,0xdadbdaff,0xd8d8d8ff,0xd6d6d5ff,0xd3d3d2ff,0xd0d0d0ff,0xcdceccff,0xcbcbcaff,0xc8c8c7ff,0xc5c5c5ff,0xc3c2c2ff,0xc0c0bfff,0xbdbdbcff,0xbababaff,0xb8b8b7ff,0xb4b5b4ff,0xb2b2b1ff,0xb0b0afff,
0xadadacff,0xaaaaa9ff,0xa8a8a7ff,0xa5a5a4ff,0xa3a3a2ff,0xa0a19fff,0x9e9e9dff,0x9b9c9bff,0x999998ff,0x969796ff,0x959493ff,0x929291ff,0x90908fff,0x8e8e8dff,0x8c8c8bff,0x8a8a89ff,0x878786ff,0x858585ff,0x838383ff,0x818181ff,0x7f7f7eff,0x7d7d7dff,
0x7b7b7bff,0x797979ff,0x777876ff,0x767675ff,0x747373ff,0x727271ff,0x717070ff,0x6f6e6eff,0x6c6d6cff,0x6b6a6bff,0x696968ff,0x686767ff,0x666566ff,0x646464ff,0x636262ff,0x616160ff,0x5f5f5fff,0x5e5d5dff,0x5c5c5bff,0x5a5a5aff,0x585858ff,0x575757ff,
0x565655ff,0x545453ff,0x525252ff,0x515050ff,0x4f4f4eff,0x4e4e4dff,0x4c4c4bff,0x4a4a4aff,0x484948ff,0x474747ff,0x464645ff,0x444444ff,0x434343ff,0x414241ff,0x3f4040ff,0x3e3e3eff,0x3c3d3cff,0x3c3c3bff,0x3a3a39ff,0x383838ff,0x363636ff,0x353535ff,
0x343434ff,0x323232ff,0x313130ff,0x2f2f2eff,0x2e2e2eff,0x2c2c2cff,0x2a2a2bff,0x2a2929ff,0x282728ff,0x262626ff,0x252424ff,0x242323ff,0x222221ff,0x202120ff,0x1f1f1fff,0x1d1d1dff,0x1c1c1cff,0x1b1a1bff,0x191919ff,0x181717ff,0x161616ff,0x151514ff,
0x131312ff,0x111211ff,0x111010ff,0xe0e0fff,0xd0d0dff,0xc0c0bff,0xa0b0aff,0x90809ff,0x80707ff,0x60505ff,0x50404ff,0x30303ff,0x10101ff,0xff,0x10102ff,0x30303ff,0x50404ff,0x60605ff,0x70707ff,0x90909ff,0xa0a0aff,0xc0c0bff,
0xd0d0eff,0xf0f0eff,0x101010ff,0x111111ff,0x131312ff,0x151415ff,0x161616ff,0x171817ff,0x191919ff,0x1a1b1aff,0x1c1c1cff,0x1d1d1dff,0x1f1f1fff,0x202021ff,0x222122ff,0x232423ff,0x252424ff,0x262726ff,0x282828ff,0x292a29ff,0x2b2b2bff,0x2d2c2cff,
0x2e2d2dff,0x2f2f2fff,0x313130ff,0x323232ff,0x343433ff,0x353535ff,0x373737ff,0x383838ff,0x3a3939ff,0x3b3b3bff,0x3d3d3cff,0x3f3e3eff,0x404040ff,0x414141ff,0x424342ff,0x454445ff,0x464646ff,0x474747ff,0x494949ff,0x4a4a4aff,0x4c4d4bff,0x4d4e4dff,
0x4f4f4fff,0x515150ff,0x535252ff,0x535454ff,0x565655ff,0x575757ff,0x595958ff,0x5a5a5aff,0x5c5c5cff,0x5d5d5dff,0x5f5f5eff,0x616160ff,0x626262ff,0x646463ff,0x666666ff,0x676868ff,0x696969ff,0x6b6b6aff,0x6c6d6cff,0x6f6f6eff,0x707170ff,0x727272ff,
0x747474ff,0x767675ff,0x787877ff,0x797a79ff,0x7b7b7bff,0x7e7d7dff,0x7f7f7fff,0x818281ff,0x838483ff,0x858684ff,0x878887ff,0x8a8a89ff,0x8c8c8bff,0x8e8e8dff,0x909090ff,0x929392ff,0x959495ff,0x979797ff,0x999a99ff,0x9b9b9bff,0x9e9e9dff,0xa1a0a0ff,
0xa3a3a3ff,0xa6a6a5ff,0xa8a8a8ff,0xabaaaaff,0xaeaeacff,0xb0b0b0ff,0xb3b3b2ff,0xb5b5b4ff,0xb9b8b8ff,0xbbbbbaff,0xbebebdff,0xc1c0c0ff,0xc3c4c2ff,0xc6c6c5ff,0xc9c9c8ff,0xcccccbff,0xcececeff,0xd2d2d0ff,0xd4d4d4ff,0xd7d7d6ff,0xd9dad9ff,0xdcdcdcff,
0xdfdfdeff,0xe2e2e0ff,0xe4e4e3ff,0xe6e7e6ff,0xe9e9e8ff,0xebeae9ff,0xecececff,0xedeeedff,0xeeeeeeff,0xefefeeff,0xefeeedff,0xeeededff,0xecedecff,0xebeaeaff,0xe8e9e8ff,0xe7e6e5ff,0xe4e3e3ff,0xe1e2e0ff,0xdfdedeff,0xdcdcdbff,0xdadad9ff,0xd7d7d6ff,
0xd4d4d4ff,0xd1d2d1ff,0xcfcfcdff,0xcbcccbff,0xc8c9c8ff,0xc7c6c5ff,0xc3c3c3ff,0xc1c0c0ff,0xbdbdbdff,0xbbbbbaff,0xb8b8b8ff,0xb5b5b5ff,0xb2b3b2ff,0xb0b0afff,0xaeadadff,0xababaaff,0xa8a8a8ff,0xa5a6a5ff,0xa3a3a3ff,0xa1a1a0ff,0x9e9e9dff,0x9b9c9bff,
0x999998ff,0x979796ff,0x959594ff,0x929291ff,0x90908fff,0x8e8e8eff,0x8c8b8bff,0x8a8a89ff,0x878887ff,0x858585ff,0x848383ff,0x818181ff,0x7f7f7fff,0x7e7d7dff,0x7c7c7bff,0x797979ff,0x787878ff,0x767675ff,0x737474ff,0x727272ff,0x707070ff,0x6f6f6eff,
0x6c6c6cff,0x6b6b6aff,0x696a68ff,0x686868ff,0x666666ff,0x646464ff,0x636262ff,0x606161ff,0x5f5f5fff,0x5e5e5dff,0x5c5c5cff,0x5a5a5aff,0x595859ff,0x575757ff,0x555555ff,0x545453ff,0x525252ff,0x505151ff,0x4f4f4fff,0x4d4e4dff,0x4d4c4cff,0x4b4b4aff,
0x494949ff,0x484847ff,0x464645ff,0x444544ff,0x434243ff,0x414241ff,0x3f4040ff,0x3e3f3eff,0x3d3d3cff,0x3b3b3bff,0x3a3a3aff,0x383838ff,0x373637ff,0x353535ff,0x343434ff,0x323232ff,0x313131ff,0x2f302fff,0x2d2e2eff,0x2d2c2cff,0x2b2a2aff,0x292929ff,
0x272828ff,0x272626ff,0x242525ff,0x232323ff,0x222222ff,0x202021ff,0x1f1f1eff,0x1e1e1eff,0x1c1c1cff,0x1a1a1aff,0x191919ff,0x181718ff,0x161615ff,0x141415ff,0x131313ff,0x121112ff,0x101010ff,0xf0e0eff,0xd0e0dff,0xc0c0bff,0xa0a0aff,0x80809ff,
0x80707ff,0x60506ff,0x40404ff,0x20303ff,0x10101ff,0xff,0x10101ff,0x30303ff,0x40504ff,0x60506ff,0x70807ff,0x80908ff,0xa0a0aff,0xc0b0cff,0xd0d0dff,0xf0f0fff,0x101010ff,0x111111ff,0x131313ff,0x141415ff,0x161616ff,0x171718ff,
0x191919ff,0x1a1a1aff,0x1c1c1cff,0x1e1e1dff,0x1f1f1fff,0x202020ff,0x222222ff,0x232423ff,0x252525ff,0x272726ff,0x282828ff,0x2a2929ff,0x2b2b2bff,0x2c2c2cff,0x2d2d2eff,0x302f2fff,0x313130ff,0x323232ff,0x343434ff,0x353635ff,0x373737ff,0x393838ff,
0x3a3a39ff,0x3b3b3bff,0x3d3d3dff,0x3f3e3eff,0x404040ff,0x414142ff,0x434342ff,0x444544ff,0x464646ff,0x474748ff,0x494949ff,0x4b4b4aff,0x4c4c4cff,0x4d4d4dff,0x4f4f4fff,0x515151ff,0x525252ff,0x545454ff,0x555655ff,0x575756ff,0x595958ff,0x5a5a5bff,
0x5c5c5cff,0x5e5e5eff,0x5f5f5fff,0x616161ff,0x636363ff,0x646464ff,0x666666ff,0x676868ff,0x696969ff,0x6b6b6bff,0x6d6d6cff,0x6e6f6eff,0x707070ff,0x727271ff,0x757473ff,0x767676ff,0x787877ff,0x7a7a79ff,0x7c7c7bff,0x7d7e7dff,0x80807fff,0x828281ff,
0x848483ff,0x858585ff,0x888887ff,0x898a8aff,0x8c8c8cff,0x8f8e8eff,0x909090ff,0x939392ff,0x959594ff,0x979797ff,0x9a9a99ff,0x9c9c9cff,0x9f9f9eff,0xa1a1a0ff,0xa4a3a3ff,0xa6a6a6ff,0xa9a8a8ff,0xacacaaff,0xaeaeadff,0xb1b1b0ff,0xb3b3b2ff,0xb6b6b6ff,
0xb9b9b8ff,0xbcbbbaff,0xbebfbdff,0xc1c1c0ff,0xc4c4c3ff,0xc7c6c6ff,0xcacac9ff,0xccccccff,0xd0cfcfff,0xd2d2d1ff,0xd5d5d5ff,0xd8d8d7ff,0xdadbdaff,0xdddddcff,0xe0e0dfff,0xe3e3e2ff,0xe5e6e5ff,0xe9e8e7ff,0xeaebeaff,0xededecff,0xefefeeff,0xf0f0efff,
0xf1f2f1ff,0xf2f1f1ff,0xf2f1f1ff,0xf1f0efff,0xefefeeff,0xededecff,0xebebeaff,0xe8e9e7ff,0xe5e5e5ff,0xe3e3e2ff,0xe0e0dfff,0xdddeddff,0xdbdadaff,0xd8d8d7ff,0xd5d5d4ff,0xd2d2d1ff,0xd0cfceff,0xcccdcbff,0xc9c9c9ff,0xc7c7c6ff,0xc4c4c3ff,0xc1c2c1ff,
0xbebebdff,0xbcbcbbff,0xb9b9b8ff,0xb6b6b5ff,0xb3b3b3ff,0xb0b1b0ff,0xaeaeadff,0xababaaff,0xa8a9a8ff,0xa6a6a5ff,0xa3a4a3ff,0xa1a1a0ff,0x9f9f9eff,0x9c9c9bff,0x9a9a99ff,0x979896ff,0x959594ff,0x929392ff,0x909190ff,0x8e8e8eff,0x8c8c8bff,0x8a8a89ff,
0x878787ff,0x868685ff,0x838383ff,0x818281ff,0x7f7f7fff,0x7e7d7dff,0x7c7b7bff,0x7a7979ff,0x777878ff,0x767676ff,0x747474ff,0x727272ff,0x707070ff,0x6e6f6eff,0x6d6d6dff,0x6b6b6bff,0x696969ff,0x676767ff,0x666666ff,0x656463ff,0x636362ff,0x616160ff,
0x5f5f5fff,0x5e5e5eff,0x5c5d5cff,0x5a5b5aff,0x595859ff,0x575757ff,0x565655ff,0x545454ff,0x535252ff,0x515050ff,0x4f4f4fff,0x4d4e4eff,0x4c4c4cff,0x4a4b4aff,0x494949ff,0x484847ff,0x464645ff,0x454444ff,0x434343ff,0x414241ff,0x403f40ff,0x3e3e3fff,
0x3d3d3dff,0x3b3b3bff,0x3a3a3aff,0x393838ff,0x373637ff,0x353535ff,0x333434ff,0x323232ff,0x303131ff,0x302f2fff,0x2e2d2eff,0x2c2c2cff,0x2b2b2aff,0x292929ff,0x272828ff,0x262626ff,0x252424ff,0x242424ff,0x222222ff,0x202121ff,0x1e1f1fff,0x1e1d1dff,
0x1c1c1cff,0x1a1a1aff,0x191919ff,0x171817ff,0x161616ff,0x141515ff,0x131413ff,0x121112ff,0x101010ff,0xe0e0fff,0xd0d0dff,0xc0b0cff,0xa0a0aff,0x90908ff,0x80707ff,0x60606ff,0x40404ff,0x30303ff,0x20201ff,0xff,0x10101ff,0x30303ff,
0x40404ff,0x60605ff,0x70708ff,0x90909ff,0xb0a0aff,0xc0b0bff,0xd0d0dff,0xf0e0fff,0x101010ff,0x111211ff,0x131413ff,0x151515ff,0x161616ff,0x171717ff,0x191919ff,0x1a1a1aff,0x1c1c1bff,0x1e1e1eff,0x1f1f1fff,0x212121ff,0x222222ff,0x232323ff,
0x252525ff,0x272726ff,0x272828ff,0x2a2929ff,0x2b2b2bff,0x2c2d2cff,0x2e2e2eff,0x2f2f2fff,0x313130ff,0x323332ff,0x343434ff,0x363535ff,0x373737ff,0x393838ff,0x3a3a39ff,0x3c3b3bff,0x3c3d3dff,0x3f3f3eff,0x40403fff,0x424241ff,0x434343ff,0x444444ff,
0x464646ff,0x484847ff,0x494949ff,0x4b4b4bff,0x4c4c4cff,0x4e4e4dff,0x50504fff,0x515150ff,0x525352ff,0x545454ff,0x555555ff,0x575757ff,0x595959ff,0x5a5b5aff,0x5c5c5cff,0x5e5e5dff,0x605f5fff,0x616161ff,0x626363ff,0x656464ff,0x676666ff,0x686768ff,
0x6a6a69ff,0x6c6b6bff,0x6d6d6dff,0x6f6f6eff,0x717070ff,0x727272ff,0x757474ff,0x777676ff,0x787877ff,0x7a7a79ff,0x7c7c7cff,0x7d7d7dff,0x7f807fff,0x818182ff,0x838483ff,0x868585ff,0x888887ff,0x8a8a89ff,0x8c8c8bff,0x8e8e8eff,0x919190ff,0x939293ff,
0x959595ff,0x989897ff,0x9a9999ff,0x9c9c9cff,0x9f9f9eff,0xa2a2a1ff,0xa4a4a3ff,0xa7a6a6ff,0xa9a9a9ff,0xacacabff,0xafafaeff,0xb1b1b1ff,0xb4b4b3ff,0xb6b6b6ff,0xb9b9b9ff,0xbcbcbbff,0xbebfbeff,0xc1c1c1ff,0xc5c4c3ff,0xc8c7c7ff,0xcbcbc9ff,0xcdcecdff,
0xd0d0cfff,0xd3d3d2ff,0xd6d5d5ff,0xd9d8d8ff,0xdbdcdbff,0xdfdfddff,0xe1e1e1ff,0xe4e4e3ff,0xe7e7e6ff,0xeaeae8ff,0xecececff,0xefefeeff,0xf1f1f1ff,0xf3f3f3ff,0xf4f4f3ff,0xf4f5f4ff,0xf4f4f3ff,0xf3f3f2ff,0xf1f1f1ff,0xefefeeff,0xececebff,0xe9eae9ff,
0xe7e7e6ff,0xe4e4e3ff,0xe1e1e0ff,0xdfdedeff,0xdbdcdbff,0xd9d9d8ff,0xd6d6d5ff,0xd3d2d2ff,0xd0d0cfff,0xcdceccff,0xcacac9ff,0xc7c7c6ff,0xc4c5c3ff,0xc2c2c0ff,0xbfbfbeff,0xbcbcbcff,0xb9b9b8ff,0xb6b6b6ff,0xb4b3b3ff,0xb1b1b0ff,0xaeaeaeff,0xabababff,
0xa9aaa9ff,0xa7a7a6ff,0xa4a4a3ff,0xa1a1a1ff,0x9f9f9eff,0x9c9d9cff,0x9a9a99ff,0x989897ff,0x959595ff,0x939293ff,0x919090ff,0x8e8e8eff,0x8d8c8bff,0x8a8a89ff,0x888887ff,0x868685ff,0x848384ff,0x828281ff,0x7f807fff,0x7d7e7eff,0x7c7c7bff,0x7a7a79ff,
0x787878ff,0x767676ff,0x747474ff,0x737372ff,0x707070ff,0x6f6f6fff,0x6d6d6cff,0x6b6b6bff,0x6a6969ff,0x686867ff,0x666665ff,0x656564ff,0x636362ff,0x616160ff,0x5f5f5fff,0x5d5d5eff,0x5c5c5cff,0x5b5a5aff,0x585958ff,0x575757ff,0x565655ff,0x545454ff,
0x535252ff,0x515151ff,0x504f4fff,0x4e4e4dff,0x4d4c4bff,0x4b4b4aff,0x494949ff,0x484847ff,0x464646ff,0x454445ff,0x434343ff,0x414241ff,0x40403fff,0x3f3f3eff,0x3d3d3dff,0x3c3b3bff,0x3a3a39ff,0x383838ff,0x373736ff,0x353535ff,0x333434ff,0x323332ff,
0x313131ff,0x2f2f2fff,0x2e2e2eff,0x2c2c2cff,0x2b2b2bff,0x292929ff,0x282828ff,0x262726ff,0x252524ff,0x232423ff,0x222222ff,0x212120ff,0x1f1f1fff,0x1e1e1dff,0x1c1c1cff,0x1a1b1bff,0x191919ff,0x181818ff,0x161616ff,0x141514ff,0x131313ff,0x121211ff,
0x101011ff,0xf0f0fff,0xe0d0dff,0xb0c0cff,0xb0a0aff,0x90909ff,0x80707ff,0x60605ff,0x40504ff,0x30303ff,0x20102ff,0x10000ff,0x20102ff,0x30303ff,0x40404ff,0x60606ff,0x80807ff,0x90809ff,0xb0b0bff,0xc0c0cff,0xd0d0eff,0xe0f0eff,
0x111010ff,0x121212ff,0x131313ff,0x151414ff,0x161616ff,0x171817ff,0x191919ff,0x1b1a1bff,0x1c1c1cff,0x1e1d1dff,0x1f1f1fff,0x212021ff,0x222222ff,0x242423ff,0x252525ff,0x272627ff,0x282828ff,0x2a2a29ff,0x2b2b2bff,0x2c2d2cff,0x2e2e2eff,0x2f302fff,
0x313130ff,0x323232ff,0x343433ff,0x363535ff,0x373637ff,0x393938ff,0x393a39ff,0x3b3c3bff,0x3d3d3dff,0x3e3e3eff,0x40403fff,0x424142ff,0x444343ff,0x454444ff,0x464646ff,0x484847ff,0x494949ff,0x4a4a4aff,0x4c4c4cff,0x4e4e4dff,0x50504fff,0x515151ff,
0x535352ff,0x545454ff,0x565555ff,0x575757ff,0x585958ff,0x5b5b5bff,0x5d5d5cff,0x5e5e5eff,0x5f605fff,0x616161ff,0x636362ff,0x646464ff,0x676766ff,0x686867ff,0x696a69ff,0x6b6b6bff,0x6d6d6dff,0x6f6f6eff,0x717070ff,0x737272ff,0x747574ff,0x767676ff,
0x787878ff,0x7a7a7aff,0x7c7c7bff,0x7e7d7eff,0x80807fff,0x828181ff,0x848483ff,0x868685ff,0x888887ff,0x8a8a89ff,0x8c8c8cff,0x8f8e8eff,0x919190ff,0x939392ff,0x959695ff,0x989897ff,0x9a9a99ff,0x9d9c9cff,0x9f9f9eff,0xa2a1a1ff,0xa4a4a3ff,0xa6a7a5ff,
0xa9a9a8ff,0xacacabff,0xafafaeff,0xb1b2b1ff,0xb4b4b4ff,0xb7b6b6ff,0xbab9b8ff,0xbcbcbcff,0xbfbfbeff,0xc2c2c1ff,0xc5c5c5ff,0xc8c8c7ff,0xcbcacaff,0xcececcff,0xd1d1d0ff,0xd3d4d2ff,0xd6d6d5ff,0xd9d9d8ff,0xdddcdbff,0xdfdfdfff,0xe3e2e2ff,0xe5e5e4ff,
0xe8e8e7ff,0xebebeaff,0xeeeeedff,0xf0f0efff,0xf3f3f2ff,0xf6f5f5ff,0xf7f7f7ff,0xf8f8f7ff,0xf8f7f7ff,0xf6f6f4ff,0xf3f3f2ff,0xf0f0f0ff,0xeeeeedff,0xebeaeaff,0xe8e8e7ff,0xe5e6e4ff,0xe2e2e1ff,0xdfdfdfff,0xdddcdcff,0xdad9d8ff,0xd6d7d6ff,0xd3d3d2ff,
0xd1d1d0ff,0xcececdff,0xcacbcaff,0xc8c8c7ff,0xc5c5c4ff,0xc2c1c1ff,0xbfc0bfff,0xbcbcbbff,0xb9b9b8ff,0xb7b6b6ff,0xb4b4b3ff,0xb2b1b0ff,0xaeaeaeff,0xacacabff,0xaaa9a9ff,0xa6a6a6ff,0xa4a4a3ff,0xa2a1a1ff,0x9f9f9fff,0x9d9d9cff,0x9a9a9aff,0x989897ff,
0x969595ff,0x939393ff,0x919191ff,0x8f8f8eff,0x8c8c8cff,0x8b8a8aff,0x888888ff,0x868685ff,0x848483ff,0x828281ff,0x7f8080ff,0x7e7e7dff,0x7c7c7cff,0x7a7a7aff,0x787878ff,0x767776ff,0x747574ff,0x737372ff,0x707170ff,0x6f6f6eff,0x6d6d6cff,0x6b6b6bff,
0x6a6969ff,0x676867ff,0x666666ff,0x646564ff,0x626362ff,0x616160ff,0x5f5f5fff,0x5e5e5dff,0x5d5c5cff,0x5a5a5aff,0x595959ff,0x575757ff,0x565655ff,0x545454ff,0x525352ff,0x515151ff,0x50504fff,0x4d4e4dff,0x4c4c4cff,0x4b4b4aff,0x494949ff,0x484847ff,
0x464646ff,0x454445ff,0x434343ff,0x414241ff,0x40403fff,0x3f3f3eff,0x3d3d3dff,0x3b3b3bff,0x3a3a39ff,0x383838ff,0x373737ff,0x353535ff,0x343434ff,0x323232ff,0x313130ff,0x2f2f2fff,0x2e2d2eff,0x2c2d2cff,0x2a2b2bff,0x29292aff,0x282828ff,0x262726ff,
0x252524ff,0x242323ff,0x222222ff,0x202120ff,0x1f1f1fff,0x1d1d1dff,0x1c1c1cff,0x1b1b1aff,0x191919ff,0x171718ff,0x161716ff,0x141414ff,0x131313ff,0x121212ff,0x101010ff,0xf0e0eff,0xe0e0dff,0xc0c0bff,0xa0b0bff,0x80908ff,0x70808ff,0x50606ff,
0x40504ff,0x30303ff,0x10201ff,0xff,0x20102ff,0x30303ff,0x40505ff,0x60606ff,0x70708ff,0x90909ff,0xa0a0aff,0xc0c0bff,0xd0d0dff,0xf0f0fff,0x101010ff,0x111211ff,0x131313ff,0x151415ff,0x161616ff,0x171818ff,0x191919ff,0x1a1a1aff,
0x1c1d1cff,0x1d1d1eff,0x1f1f1eff,0x212021ff,0x222222ff,0x232323ff,0x252525ff,0x262626ff,0x282728ff,0x29292aff,0x2b2b2bff,0x2c2c2cff,0x2e2e2eff,0x302f2fff,0x313131ff,0x333232ff,0x343434ff,0x353535ff,0x373737ff,0x393838ff,0x3a393aff,0x3c3c3cff,
0x3d3d3cff,0x3e3e3eff,0x40403fff,0x424241ff,0x434343ff,0x444545ff,0x464646ff,0x484748ff,0x494949ff,0x4b4b4aff,0x4d4d4cff,0x4e4e4eff,0x4f504fff,0x515150ff,0x535352ff,0x545454ff,0x555655ff,0x575757ff,0x595959ff,0x5b5b5aff,0x5c5d5cff,0x5e5e5dff,
0x606060ff,0x616160ff,0x636362ff,0x656464ff,0x666665ff,0x686868ff,0x696969ff,0x6b6b6bff,0x6d6d6dff,0x6f6f6eff,0x717071ff,0x737372ff,0x757574ff,0x767676ff,0x787878ff,0x7a7a79ff,0x7c7c7bff,0x7e7e7dff,0x80807fff,0x828281ff,0x848483ff,0x868686ff,
0x888887ff,0x8b8a8aff,0x8d8c8cff,0x8e8e8eff,0x909090ff,0x939393ff,0x969695ff,0x989798ff,0x9a9a99ff,0x9d9d9cff,0x9f9f9eff,0xa1a2a1ff,0xa5a4a4ff,0xa6a7a6ff,0xa9a9a9ff,0xacacacff,0xafafaeff,0xb2b2b0ff,0xb4b4b4ff,0xb7b7b6ff,0xbabab9ff,0xbcbdbcff,
0xbfbfbfff,0xc2c2c1ff,0xc5c5c4ff,0xc8c8c8ff,0xcbcbcbff,0xcececdff,0xd1d0cfff,0xd4d4d3ff,0xd7d7d6ff,0xdad9d9ff,0xdddcdcff,0xdfe0deff,0xe3e3e2ff,0xe6e5e5ff,0xe9e8e8ff,0xebecebff,0xefeeedff,0xf2f2f1ff,0xf5f5f4ff,0xf7f7f6ff,0xf9f9f9ff,0xfbfbfaff,
0xf9f9f8ff,0xf8f7f7ff,0xf4f5f4ff,0xf2f2f1ff,0xefefeeff,0xebebebff,0xe8e9e8ff,0xe5e6e5ff,0xe2e3e1ff,0xdfe0dfff,0xdcdddcff,0xd9dad8ff,0xd7d7d6ff,0xd3d4d3ff,0xd0d1d0ff,0xcececdff,0xcbcbcbff,0xc8c8c8ff,0xc5c5c4ff,0xc2c2c1ff,0xbfbfbfff,0xbcbdbbff,
0xbab9b9ff,0xb7b7b6ff,0xb4b4b3ff,0xb2b1b1ff,0xafafaeff,0xacacabff,0xa9aaa8ff,0xa7a7a6ff,0xa4a4a3ff,0xa2a1a1ff,0xa09f9fff,0x9d9c9cff,0x9a9a99ff,0x989897ff,0x959694ff,0x939393ff,0x909190ff,0x8e8f8eff,0x8c8c8bff,0x8b8a8aff,0x888888ff,0x868686ff,
0x848483ff,0x828281ff,0x808080ff,0x7e7e7dff,0x7c7c7bff,0x7a7a79ff,0x787878ff,0x767676ff,0x747473ff,0x727272ff,0x717171ff,0x6e6f6eff,0x6d6d6cff,0x6b6c6bff,0x696a69ff,0x686868ff,0x666665ff,0x656464ff,0x636263ff,0x616160ff,0x60605fff,0x5e5e5dff,
0x5c5c5bff,0x5b5b5aff,0x595959ff,0x585757ff,0x565656ff,0x555454ff,0x535353ff,0x515151ff,0x50504fff,0x4e4e4dff,0x4c4c4bff,0x4b4b4aff,0x4a4949ff,0x484847ff,0x464646ff,0x454444ff,0x434343ff,0x414242ff,0x404040ff,0x3e3e3eff,0x3d3d3dff,0x3b3c3bff,
0x3a3a3aff,0x393838ff,0x373736ff,0x363635ff,0x343434ff,0x323232ff,0x313131ff,0x2f302fff,0x2e2e2dff,0x2d2c2cff,0x2b2b2bff,0x292929ff,0x282827ff,0x262627ff,0x242524ff,0x242424ff,0x222221ff,0x202121ff,0x1f201fff,0x1e1d1eff,0x1c1c1cff,0x1b1b1aff,
0x191919ff,0x181818ff,0x161716ff,0x141515ff,0x141313ff,0x111211ff,0x101010ff,0xe0f0fff,0xd0d0dff,0xc0c0cff,0xa0b0aff,0x90909ff,0x80808ff,0x60606ff,0x50505ff,0x30203ff,0x20201ff,0xff,0x10101ff,0x30303ff,0x50405ff,0x60606ff,
0x70708ff,0x90909ff,0xa0a0aff,0xc0c0cff,0xd0d0dff,0xf0f0eff,0x101010ff,0x121212ff,0x141313ff,0x141515ff,0x161616ff,0x181717ff,0x191919ff,0x1a1a1bff,0x1c1c1cff,0x1d1e1eff,0x1f1f1fff,0x212121ff,0x222221ff,0x242323ff,0x252525ff,0x262626ff,
0x282828ff,0x2a2a29ff,0x2a2a2aff,0x2c2d2cff,0x2d2e2eff,0x302f2fff,0x313130ff,0x323232ff,0x343434ff,0x353535ff,0x373736ff,0x383839ff,0x3a3a39ff,0x3b3c3bff,0x3d3d3cff,0x3f3f3fff,0x404040ff,0x414241ff,0x434343ff,0x444544ff,0x464646ff,0x474847ff,
0x494949ff,0x4b4a4aff,0x4d4c4cff,0x4e4e4dff,0x50504fff,0x525151ff,0x535252ff,0x555454ff,0x565655ff,0x585757ff,0x595959ff,0x5a5b5aff,0x5c5c5cff,0x5e5e5dff,0x60605fff,0x626160ff,0x636362ff,0x656564ff,0x666766ff,0x686867ff,0x696969ff,0x6b6b6bff,
0x6e6d6dff,0x6f6f6eff,0x707070ff,0x737272ff,0x757473ff,0x767675ff,0x787878ff,0x7a7a79ff,0x7c7c7bff,0x7e7e7dff,0x7f807fff,0x828282ff,0x848483ff,0x868685ff,0x888888ff,0x8b8a8aff,0x8c8c8cff,0x8f8f8eff,0x919190ff,0x939393ff,0x969595ff,0x989897ff,
0x9a9a9aff,0x9c9c9cff,0x9f9f9fff,0xa2a2a1ff,0xa4a4a4ff,0xa7a6a6ff,0xa9a9a8ff,0xacacabff,0xafaeaeff,0xb1b1b0ff,0xb4b4b3ff,0xb7b7b6ff,0xbabab9ff,0xbdbdbbff,0xbfbfbeff,0xc2c2c1ff,0xc5c5c4ff,0xc8c8c8ff,0xcbcbcaff,0xcececdff,0xd1d1d0ff,0xd4d4d3ff,
0xd7d7d6ff,0xdadad9ff,0xdddcdcff,0xe0dfdfff,0xe3e2e2ff,0xe6e5e5ff,0xe9e9e8ff,0xececebff,0xeeefeeff,0xf2f2f1ff,0xf5f5f4ff,0xf8f8f7ff,0xfbfbfaff,0xfefefdff,0xfbfbf9ff,0xf8f8f7ff,0xf5f5f4ff,0xf2f2f1ff,0xefeeeeff,0xececebff,0xe8e9e8ff,0xe6e6e4ff,
0xe2e3e2ff,0xdfdfdeff,0xdcdddcff,0xdadad8ff,0xd7d7d6ff,0xd4d4d3ff,0xd1d1d0ff,0xcececeff,0xcbcbcbff,0xc8c8c7ff,0xc5c5c5ff,0xc2c3c1ff,0xc0bfbeff,0xbcbdbcff,0xbabab9ff,0xb7b7b6ff,0xb4b4b3ff,0xb2b2b1ff,0xafafafff,0xacacabff,0xa9a9a8ff,0xa7a7a6ff,
0xa4a4a3ff,0xa1a2a1ff,0xa0a09fff,0x9c9d9cff,0x9a9a9aff,0x989798ff,0x959595ff,0x939392ff,0x919190ff,0x8f8e8eff,0x8c8c8bff,0x8a8a89ff,0x888888ff,0x868686ff,0x848484ff,0x828281ff,0x80807fff,0x7e7e7dff,0x7c7c7bff,0x7a7a7aff,0x787877ff,0x767776ff,
0x747473ff,0x727272ff,0x717170ff,0x6f6f6fff,0x6d6e6cff,0x6b6c6bff,0x6a6a69ff,0x686867ff,0x666666ff,0x646564ff,0x626362ff,0x616161ff,0x5f605fff,0x5e5e5dff,0x5c5c5cff,0x5b5b5aff,0x595959ff,0x585857ff,0x555655ff,0x555454ff,0x535353ff,0x515150ff,
0x4f5050ff,0x4e4d4eff,0x4c4c4cff,0x4b4b4aff,0x494949ff,0x474847ff,0x464646ff,0x454444ff,0x434342ff,0x414241ff,0x404040ff,0x3e3f3eff,0x3d3d3cff,0x3b3c3bff,0x3a3a3aff,0x383938ff,0x373737ff,0x363536ff,0x343434ff,0x323232ff,0x303131ff,0x2f2f2fff,
0x2e2e2eff,0x2c2c2dff,0x2b2b2bff,0x2a2a29ff,0x282828ff,0x272626ff,0x252525ff,0x232424ff,0x222222ff,0x212120ff,0x201f1fff,0x1e1e1dff,0x1c1c1cff,0x1a1b1aff,0x191a19ff,0x181718ff,0x161716ff,0x151415ff,0x131413ff,0x111212ff,0x111011ff,0xf0e0eff,
0xd0d0dff,0xc0c0cff,0xb0b0aff,0x90909ff,0x80807ff,0x60606ff,0x40505ff,0x30303ff,0x20202ff,0xff,0x20101ff,0x30303ff,0x40404ff,0x50606ff,0x80807ff,0x90909ff,0xa0b0aff,0xc0c0cff,0xe0d0dff,0xe0f0eff,0x101110ff,0x121212ff,
0x131313ff,0x151515ff,0x161616ff,0x181718ff,0x1a1919ff,0x1a1b1aff,0x1c1c1cff,0x1e1e1dff,0x1f1f1fff,0x212120ff,0x222222ff,0x242423ff,0x252525ff,0x272726ff,0x282828ff,0x2a2a2aff,0x2b2b2bff,0x2d2d2dff,0x2e2e2eff,0x2f2f2fff,0x313130ff,0x333332ff,
0x343434ff,0x353635ff,0x363736ff,0x383838ff,0x3a3a3aff,0x3c3b3cff,0x3d3d3cff,0x3f3f3eff,0x404040ff,0x424141ff,0x434343ff,0x444545ff,0x464746ff,0x484847ff,0x494948ff,0x4b4a4aff,0x4c4c4cff,0x4e4e4dff,0x4f504fff,0x515151ff,0x525253ff,0x545454ff,
0x555655ff,0x575757ff,0x595958ff,0x5a5a5aff,0x5c5c5cff,0x5e5e5eff,0x5f605fff,0x616161ff,0x636262ff,0x646465ff,0x676666ff,0x686767ff,0x696a69ff,0x6c6c6aff,0x6d6d6dff,0x6f6f6eff,0x717071ff,0x727372ff,0x757574ff,0x767676ff,0x787877ff,0x7a7a7aff,
0x7b7c7bff,0x7e7d7eff,0x7f807fff,0x828281ff,0x848484ff,0x868686ff,0x888888ff,0x8b8b8aff,0x8c8d8cff,0x8f8f8eff,0x919191ff,0x939393ff,0x959594ff,0x979897ff,0x9b9a99ff,0x9d9d9cff,0x9f9f9eff,0xa2a2a1ff,0xa4a4a4ff,0xa6a7a6ff,0xaaa9a9ff,0xacacabff,
0xafafaeff,0xb2b1b0ff,0xb4b4b4ff,0xb7b6b6ff,0xbabab9ff,0xbdbdbcff,0xbfbfbeff,0xc2c2c1ff,0xc5c5c5ff,0xc8c8c8ff,0xcbcbcbff,0xcececdff,0xd1d1d0ff,0xd3d3d2ff,0xd7d7d6ff,0xd9d9d9ff,0xdcdcdcff,0xe0e0dfff,0xe3e2e2ff,0xe6e6e5ff,0xe8e9e8ff,0xececeaff,
0xefeeeeff,0xf2f2f1ff,0xf5f4f3ff,0xf7f7f6ff,0xfaf9f9ff,0xfbfbfaff,0xfafaf8ff,0xf7f7f7ff,0xf4f4f4ff,0xf1f1f1ff,0xefefeeff,0xebeceaff,0xe9e8e8ff,0xe6e6e4ff,0xe3e3e1ff,0xe0dfdfff,0xdddcdcff,0xdadad9ff,0xd7d7d6ff,0xd4d4d3ff,0xd0d1d0ff,0xcececdff,
0xcbcbcaff,0xc8c8c8ff,0xc5c5c5ff,0xc2c2c2ff,0xc0bfbfff,0xbcbcbbff,0xbabab9ff,0xb7b7b6ff,0xb4b4b3ff,0xb1b2b1ff,0xaeafaeff,0xacacabff,0xa9aaa9ff,0xa7a6a6ff,0xa4a5a4ff,0xa2a1a1ff,0x9fa09eff,0x9d9d9cff,0x9a9a9aff,0x989898ff,0x959695ff,0x939392ff,
0x919190ff,0x8e8e8eff,0x8c8c8cff,0x8a8a89ff,0x888888ff,0x868686ff,0x848483ff,0x828182ff,0x80807fff,0x7e7e7dff,0x7b7c7cff,0x7a7a79ff,0x787877ff,0x767676ff,0x757474ff,0x737272ff,0x717170ff,0x6f6f6fff,0x6d6d6dff,0x6b6b6bff,0x6a6a69ff,0x686868ff,
0x666666ff,0x646464ff,0x626262ff,0x616160ff,0x5f6060ff,0x5e5d5eff,0x5c5d5cff,0x5a5b5aff,0x595958ff,0x575857ff,0x555555ff,0x555454ff,0x535352ff,0x515151ff,0x50504fff,0x4d4e4eff,0x4c4c4cff,0x4b4a4bff,0x494a49ff,0x484848ff,0x464646ff,0x444444ff,
0x434343ff,0x414141ff,0x404040ff,0x3e3e3eff,0x3d3d3cff,0x3b3b3bff,0x3a393aff,0x383938ff,0x373737ff,0x363535ff,0x343434ff,0x323232ff,0x303030ff,0x2f2f2fff,0x2e2e2dff,0x2d2c2cff,0x2a2b2bff,0x292a29ff,0x282828ff,0x262726ff,0x252525ff,0x242323ff,
0x222222ff,0x202121ff,0x1f1f1fff,0x1e1d1eff,0x1c1c1cff,0x1a1a1aff,0x191a19ff,0x181817ff,0x161616ff,0x151514ff,0x141313ff,0x121211ff,0x101010ff,0xe0f0fff,0xd0d0dff,0xb0c0cff,0xa0b0aff,0x90909ff,0x70707ff,0x60606ff,0x50504ff,0x30303ff,
0x20101ff,0x10000ff,0x20101ff,0x30303ff,0x40504ff,0x60506ff,0x70807ff,0x90909ff,0xa0a0aff,0xb0c0bff,0xd0e0dff,0xf0e0eff,0x101110ff,0x111211ff,0x141313ff,0x141515ff,0x161616ff,0x181818ff,0x191919ff,0x1a1b1aff,0x1d1c1cff,0x1d1d1dff,
0x1f1f1fff,0x202120ff,0x222222ff,0x242324ff,0x252524ff,0x272627ff,0x282828ff,0x292a29ff,0x2b2a2bff,0x2c2c2cff,0x2e2e2eff,0x2f2f2fff,0x313131ff,0x323232ff,0x343434ff,0x363535ff,0x373737ff,0x393938ff,0x3a3a39ff,0x3b3c3bff,0x3d3d3dff,0x3e3f3eff,
0x40403fff,0x414141ff,0x434343ff,0x454544ff,0x464645ff,0x484847ff,0x494949ff,0x4a4a4aff,0x4c4c4cff,0x4d4e4dff,0x50504fff,0x515151ff,0x525252ff,0x555454ff,0x565655ff,0x585857ff,0x595959ff,0x5a5b5aff,0x5c5c5cff,0x5e5e5dff,0x5f605fff,0x616161ff,
0x626362ff,0x656464ff,0x666666ff,0x686867ff,0x6a6a69ff,0x6c6c6aff,0x6d6d6cff,0x6f6e6eff,0x717170ff,0x727272ff,0x747474ff,0x767676ff,0x787877ff,0x7a7a7aff,0x7c7c7bff,0x7e7d7dff,0x807f7fff,0x828281ff,0x848483ff,0x868685ff,0x888888ff,0x8a8a89ff,
0x8c8c8cff,0x8e8f8eff,0x919090ff,0x939393ff,0x959595ff,0x989898ff,0x9a9a99ff,0x9c9c9cff,0xa09f9fff,0xa1a2a1ff,0xa4a4a3ff,0xa6a6a6ff,0xa9a9a9ff,0xabacabff,0xaeafaeff,0xb1b1b0ff,0xb4b4b3ff,0xb7b6b6ff,0xbab9b8ff,0xbdbcbcff,0xbfbfbeff,0xc2c2c2ff,
0xc5c5c4ff,0xc8c7c7ff,0xcacbcaff,0xcececdff,0xd0d1cfff,0xd4d4d2ff,0xd7d6d6ff,0xdad9d9ff,0xdcdcdbff,0xdfdfdeff,0xe2e2e1ff,0xe5e5e4ff,0xe8e8e7ff,0xebeaeaff,0xeeeeedff,0xf1f0f0ff,0xf3f4f2ff,0xf5f5f5ff,0xf8f7f7ff,0xf8f8f7ff,0xf8f8f6ff,0xf5f6f5ff,
0xf3f3f2ff,0xf0f0efff,0xeeeeecff,0xebeaeaff,0xe8e8e8ff,0xe5e5e4ff,0xe2e2e1ff,0xdfdfdfff,0xdcdcdbff,0xd9d9d9ff,0xd7d7d6ff,0xd3d3d3ff,0xd0d0cfff,0xcececdff,0xcbcacaff,0xc8c7c7ff,0xc5c5c4ff,0xc2c2c2ff,0xbfbfbfff,0xbcbcbcff,0xbabab9ff,0xb7b7b6ff,
0xb4b4b3ff,0xb1b1b1ff,0xaeafadff,0xacabacff,0xa9a9a8ff,0xa7a6a6ff,0xa4a4a3ff,0xa2a2a1ff,0x9f9f9eff,0x9d9c9cff,0x9b9a9aff,0x979898ff,0x959594ff,0x939392ff,0x919190ff,0x8e8e8eff,0x8c8c8bff,0x8a8a8aff,0x888888ff,0x868686ff,0x838484ff,0x828281ff,
0x807f7fff,0x7d7e7eff,0x7c7c7cff,0x7a7a7aff,0x787877ff,0x767676ff,0x757474ff,0x737372ff,0x717070ff,0x6f6f6eff,0x6d6d6dff,0x6b6b6bff,0x696969ff,0x686868ff,0x666665ff,0x656464ff,0x636362ff,0x616161ff,0x5f605fff,0x5e5d5eff,0x5c5c5cff,0x5b5b5bff,
0x595959ff,0x585757ff,0x565656ff,0x555454ff,0x525353ff,0x515151ff,0x4f4f4fff,0x4e4e4dff,0x4c4d4cff,0x4b4b4aff,0x494949ff,0x484847ff,0x464746ff,0x444545ff,0x434343ff,0x414241ff,0x404040ff,0x3f3e3eff,0x3d3d3dff,0x3b3b3bff,0x3a3a3aff,0x393938ff,
0x373737ff,0x353635ff,0x343434ff,0x323233ff,0x313131ff,0x2f302fff,0x2e2e2eff,0x2c2d2cff,0x2b2b2aff,0x292a29ff,0x282828ff,0x262726ff,0x252525ff,0x242324ff,0x222222ff,0x202020ff,0x1f1f1fff,0x1e1e1dff,0x1d1c1cff,0x1a1b1bff,0x191919ff,0x181718ff,
0x161616ff,0x151514ff,0x131313ff,0x111111ff,0x101110ff,0xf0f0fff,0xd0d0dff,0xc0c0cff,0xa0b0aff,0x90909ff,0x80807ff,0x60606ff,0x50404ff,0x30303ff,0x20102ff,0xff,0x10101ff,0x30303ff,0x50505ff,0x60606ff,0x80807ff,0x90909ff,
0xa0a0aff,0xc0c0bff,0xe0d0dff,0xf0f0eff,0x101011ff,0x121212ff,0x131313ff,0x151514ff,0x161616ff,0x181718ff,0x191919ff,0x1b1b1aff,0x1c1c1cff,0x1d1d1dff,0x1f1f1fff,0x202120ff,0x222222ff,0x232424ff,0x242525ff,0x272726ff,0x282828ff,0x292929ff,
0x2b2a2bff,0x2d2c2cff,0x2d2e2eff,0x2f2f30ff,0x313130ff,0x323232ff,0x343433ff,0x353635ff,0x373736ff,0x383838ff,0x393a3aff,0x3c3b3bff,0x3d3c3dff,0x3e3e3eff,0x404040ff,0x424241ff,0x434342ff,0x454444ff,0x474746ff,0x484748ff,0x494949ff,0x4b4a4aff,
0x4c4d4cff,0x4d4d4dff,0x504f4fff,0x515151ff,0x535253ff,0x545453ff,0x555555ff,0x575757ff,0x595959ff,0x5a5a5aff,0x5c5d5cff,0x5d5e5dff,0x5f5f5fff,0x616161ff,0x626363ff,0x646464ff,0x666665ff,0x686767ff,0x6a6969ff,0x6b6c6bff,0x6d6d6cff,0x6e6f6fff,
0x707170ff,0x727372ff,0x747474ff,0x767676ff,0x787878ff,0x7a7a7aff,0x7c7c7bff,0x7e7d7dff,0x807f7fff,0x818281ff,0x848484ff,0x868685ff,0x888888ff,0x8a8a89ff,0x8d8c8bff,0x8f8f8eff,0x909090ff,0x929393ff,0x959595ff,0x979897ff,0x9a9a99ff,0x9d9c9cff,
0x9f9f9eff,0xa1a1a0ff,0xa4a4a3ff,0xa6a6a6ff,0xa9a9a8ff,0xacacabff,0xafafadff,0xb1b1b0ff,0xb3b4b3ff,0xb7b6b6ff,0xbab9b8ff,0xbcbcbbff,0xbebfbeff,0xc2c1c0ff,0xc4c5c3ff,0xc7c7c7ff,0xcbcbc9ff,0xcdcdcdff,0xd0d0cfff,0xd3d3d2ff,0xd6d6d5ff,0xd8d8d7ff,
0xdcdcdbff,0xdedfddff,0xe1e1e0ff,0xe4e4e3ff,0xe7e7e6ff,0xeaeae9ff,0xecedecff,0xefefeeff,0xf1f2f0ff,0xf3f3f2ff,0xf4f4f3ff,0xf4f5f4ff,0xf5f4f3ff,0xf3f3f2ff,0xf1f1f0ff,0xefefeeff,0xedececff,0xe9eae9ff,0xe7e7e6ff,0xe4e4e3ff,0xe1e1e0ff,0xdfdeddff,
0xdbdbdbff,0xd9d9d7ff,0xd6d6d5ff,0xd3d3d2ff,0xd0d0cfff,0xcdcdccff,0xcacacaff,0xc8c7c7ff,0xc4c4c4ff,0xc2c2c1ff,0xbebfbeff,0xbcbcbbff,0xb9b9b9ff,0xb6b7b5ff,0xb4b4b3ff,0xb1b1b1ff,0xafaeaeff,0xacacabff,0xa9a9a8ff,0xa7a7a6ff,0xa3a4a3ff,0xa1a2a1ff,
0x9f9e9fff,0x9c9d9bff,0x9a9999ff,0x979897ff,0x959595ff,0x939393ff,0x919190ff,0x8e8f8eff,0x8d8c8cff,0x8a8a89ff,0x888887ff,0x868685ff,0x838383ff,0x818182ff,0x80807fff,0x7e7e7dff,0x7c7c7cff,0x7a7a79ff,0x787878ff,0x767675ff,0x747473ff,0x737272ff,
0x717070ff,0x6e6e6eff,0x6d6d6dff,0x6b6b6aff,0x6a6a69ff,0x686867ff,0x666666ff,0x646464ff,0x636262ff,0x616161ff,0x605f5fff,0x5e5e5dff,0x5c5c5cff,0x5a5a5aff,0x595958ff,0x575757ff,0x555655ff,0x545453ff,0x535252ff,0x515150ff,0x4f4f4fff,0x4e4d4eff,
0x4c4c4cff,0x4a4b4aff,0x494a49ff,0x484747ff,0x464645ff,0x454445ff,0x434343ff,0x424241ff,0x404040ff,0x3e3e3eff,0x3d3d3dff,0x3b3b3bff,0x3a3a3aff,0x383838ff,0x373637ff,0x363535ff,0x333434ff,0x323233ff,0x313131ff,0x302f2fff,0x2e2e2eff,0x2c2d2cff,
0x2b2b2bff,0x2a2929ff,0x282828ff,0x262727ff,0x242525ff,0x242424ff,0x222222ff,0x212120ff,0x1f1f1fff,0x1e1e1eff,0x1c1c1cff,0x1a1b1aff,0x191919ff,0x171717ff,0x161616ff,0x141515ff,0x131313ff,0x121211ff,0x111010ff,0xe0e0fff,0xe0d0dff,0xc0c0bff,
0xa0b0aff,0x90908ff,0x70808ff,0x60606ff,0x40404ff,0x30303ff,0x20201ff,0xff,0x10101ff,0x30303ff,0x50505ff,0x60606ff,0x80707ff,0x90909ff,0xb0a0aff,0xb0b0cff,0xd0d0dff,0xf0f0fff,0x101010ff,0x121212ff,0x131313ff,0x141514ff,
0x161616ff,0x181717ff,0x191919ff,0x1b1a1aff,0x1c1c1bff,0x1d1e1dff,0x1f1f1eff,0x212120ff,0x222222ff,0x242323ff,0x252525ff,0x262627ff,0x282827ff,0x2a2a29ff,0x2a2b2aff,0x2c2d2cff,0x2e2e2eff,0x302f2fff,0x313131ff,0x323332ff,0x343433ff,0x363635ff,
0x373737ff,0x383838ff,0x3a3a3aff,0x3b3c3bff,0x3d3d3dff,0x3f3e3eff,0x404040ff,0x414141ff,0x434343ff,0x454544ff,0x464645ff,0x484848ff,0x494a49ff,0x4b4b4aff,0x4c4c4cff,0x4d4d4dff,0x4f4f4fff,0x515151ff,0x535252ff,0x545453ff,0x565655ff,0x575757ff,
0x595959ff,0x5a5a5aff,0x5c5c5cff,0x5e5e5eff,0x5f605eff,0x606160ff,0x636262ff,0x656464ff,0x666665ff,0x676867ff,0x696969ff,0x6b6b6bff,0x6c6d6dff,0x6f6f6eff,0x717170ff,0x727272ff,0x747473ff,0x767676ff,0x787878ff,0x797a79ff,0x7b7c7bff,0x7d7d7dff,
0x7f807fff,0x828281ff,0x838483ff,0x868585ff,0x888887ff,0x8a8a89ff,0x8c8c8bff,0x8e8e8eff,0x909090ff,0x939292ff,0x959594ff,0x979796ff,0x9a9999ff,0x9c9c9bff,0x9f9e9dff,0xa2a1a1ff,0xa3a3a3ff,0xa6a6a5ff,0xa9a9a7ff,0xababaaff,0xaeaeadff,0xb0b0b0ff,
0xb3b3b3ff,0xb6b6b5ff,0xb9b8b8ff,0xbbbcbbff,0xbebebeff,0xc1c1c0ff,0xc4c4c3ff,0xc7c7c6ff,0xc9cac9ff,0xcccdccff,0xcfd0ceff,0xd3d2d2ff,0xd5d5d4ff,0xd8d8d7ff,0xdbdadaff,0xdddeddff,0xe0e0e0ff,0xe3e2e2ff,0xe6e5e5ff,0xe8e9e8ff,0xebebeaff,0xecececff,
0xefefeeff,0xf0f0f0ff,0xf1f2f0ff,0xf2f2f1ff,0xf2f2f0ff,0xf0f0f0ff,0xefefeeff,0xededecff,0xeaebe9ff,0xe8e8e7ff,0xe6e5e5ff,0xe3e3e2ff,0xe0e0dfff,0xddddddff,0xdadbd9ff,0xd8d8d7ff,0xd5d5d4ff,0xd2d2d2ff,0xcfd0ceff,0xcdcdccff,0xcacac9ff,0xc7c6c6ff,
0xc4c3c3ff,0xc1c1c0ff,0xbebebdff,0xbcbbbbff,0xb9b9b8ff,0xb6b6b5ff,0xb4b3b2ff,0xb0b0b0ff,0xaeaeadff,0xabacabff,0xa8a9a8ff,0xa6a6a6ff,0xa4a4a3ff,0xa1a1a1ff,0x9e9e9eff,0x9c9c9cff,0x9a9a99ff,0x979797ff,0x959595ff,0x939392ff,0x919090ff,0x8e8f8eff,
0x8c8c8bff,0x8a8a89ff,0x888887ff,0x868686ff,0x848483ff,0x818281ff,0x80807fff,0x7e7e7dff,0x7c7b7bff,0x7a7a79ff,0x777877ff,0x767675ff,0x757474ff,0x727272ff,0x717070ff,0x6e6f6eff,0x6d6d6cff,0x6b6b6aff,0x6a6969ff,0x686868ff,0x666666ff,0x646464ff,
0x636362ff,0x616160ff,0x5f5f5fff,0x5d5e5eff,0x5c5c5cff,0x5b5a5aff,0x595959ff,0x575757ff,0x565555ff,0x545454ff,0x535252ff,0x515151ff,0x4f4f4fff,0x4e4e4dff,0x4d4c4cff,0x4b4b4aff,0x494949ff,0x484747ff,0x464646ff,0x454544ff,0x434343ff,0x414141ff,
0x403f3fff,0x3e3e3eff,0x3d3d3cff,0x3b3b3bff,0x3a3a3aff,0x393838ff,0x373737ff,0x353635ff,0x343333ff,0x323232ff,0x313131ff,0x2f2f2fff,0x2e2e2eff,0x2c2d2cff,0x2a2b2bff,0x292a2aff,0x282828ff,0x272726ff,0x252525ff,0x232424ff,0x212222ff,0x212121ff,
0x1f1f1fff,0x1e1d1eff,0x1c1c1cff,0x1b1a1aff,0x191919ff,0x181717ff,0x161616ff,0x151414ff,0x131313ff,0x121211ff,0x101010ff,0xf0e0eff,0xd0d0dff,0xb0b0bff,0xa0b0aff,0x90908ff,0x80807ff,0x60506ff,0x40504ff,0x30302ff,0x20202ff,0xff,
0x10101ff,0x30303ff,0x50405ff,0x60606ff,0x70707ff,0x90809ff,0xb0a0aff,0xc0c0cff,0xd0e0dff,0xf0e0fff,0x101010ff,0x111211ff,0x131313ff,0x151515ff,0x161616ff,0x171818ff,0x191919ff,0x1a1b1bff,0x1c1b1cff,0x1d1d1eff,0x1f1f1fff,0x212021ff,
0x222222ff,0x242323ff,0x252525ff,0x262726ff,0x272828ff,0x292929ff,0x2b2b2aff,0x2c2c2cff,0x2d2e2eff,0x2f2f2fff,0x303131ff,0x323232ff,0x343434ff,0x353535ff,0x373736ff,0x383838ff,0x3a3a39ff,0x3b3b3bff,0x3d3d3cff,0x3e3e3eff,0x3f403fff,0x414141ff,
0x434342ff,0x454444ff,0x464546ff,0x484847ff,0x494948ff,0x4b4a4aff,0x4c4c4cff,0x4d4d4dff,0x4f504eff,0x505150ff,0x535352ff,0x545453ff,0x565655ff,0x575757ff,0x585959ff,0x5b5a5aff,0x5c5c5cff,0x5e5e5dff,0x5f5f5eff,0x616161ff,0x636262ff,0x646564ff,
0x666666ff,0x676867ff,0x696968ff,0x6b6b6bff,0x6d6d6cff,0x6f6e6eff,0x717070ff,0x727272ff,0x747473ff,0x757675ff,0x777778ff,0x7a7a79ff,0x7c7b7bff,0x7d7e7dff,0x7f807fff,0x828281ff,0x838383ff,0x858585ff,0x888787ff,0x8a8989ff,0x8c8c8cff,0x8e8e8dff,
0x909090ff,0x929291ff,0x949594ff,0x979797ff,0x9a9999ff,0x9c9c9bff,0x9e9f9dff,0xa1a0a0ff,0xa3a3a3ff,0xa6a5a5ff,0xa8a9a8ff,0xababaaff,0xadadadff,0xb0b0afff,0xb3b3b2ff,0xb5b5b5ff,0xb8b8b8ff,0xbbbbbaff,0xbebebdff,0xc0c1c0ff,0xc4c3c2ff,0xc6c6c5ff,
0xc9c9c8ff,0xcbcccbff,0xcfcfcdff,0xd1d2d1ff,0xd4d4d4ff,0xd7d7d6ff,0xd9dad8ff,0xdcdcdbff,0xdededeff,0xe1e2e0ff,0xe4e4e3ff,0xe7e6e5ff,0xe8e8e8ff,0xeaebe9ff,0xecedecff,0xedeeecff,0xefeeeeff,0xefefeeff,0xeeeeedff,0xeeedecff,0xedececff,0xebebeaff,
0xe9e9e7ff,0xe6e7e6ff,0xe4e4e3ff,0xe2e1e1ff,0xdfdfdeff,0xdcdcdbff,0xd9dad9ff,0xd7d7d6ff,0xd4d4d3ff,0xd1d1d1ff,0xcfcfceff,0xcbcccbff,0xc9c9c8ff,0xc6c6c5ff,0xc3c3c3ff,0xc0c1c0ff,0xbebebdff,0xbbbbbaff,0xb9b8b8ff,0xb6b5b4ff,0xb3b3b2ff,0xb0b0b0ff,
0xaeadadff,0xababaaff,0xa8a9a7ff,0xa5a6a5ff,0xa3a4a2ff,0xa0a1a0ff,0x9e9e9dff,0x9c9b9bff,0x9a9a99ff,0x979796ff,0x959494ff,0x929291ff,0x909090ff,0x8e8e8eff,0x8c8c8bff,0x8a8989ff,0x878787ff,0x858585ff,0x848383ff,0x818180ff,0x7f807fff,0x7d7e7dff,
0x7b7b7bff,0x7a7979ff,0x787877ff,0x767576ff,0x747473ff,0x727272ff,0x707070ff,0x6f6f6eff,0x6c6c6cff,0x6b6b6aff,0x6a6969ff,0x676867ff,0x656665ff,0x646464ff,0x636262ff,0x616160ff,0x605f5fff,0x5e5e5dff,0x5c5c5bff,0x5b5b5aff,0x595959ff,0x575757ff,
0x565655ff,0x545453ff,0x525352ff,0x505050ff,0x504f4fff,0x4e4e4dff,0x4c4c4cff,0x4b4b4aff,0x494949ff,0x474847ff,0x464646ff,0x444444ff,0x434343ff,0x414141ff,0x404040ff,0x3f3f3eff,0x3c3d3dff,0x3b3b3bff,0x3a3a39ff,0x383838ff,0x373636ff,0x353635ff,
0x343434ff,0x333232ff,0x303031ff,0x2f2f2fff,0x2e2e2eff,0x2c2d2cff,0x2a2b2bff,0x292929ff,0x282828ff,0x262626ff,0x252525ff,0x232324ff,0x222222ff,0x212120ff,0x1f1f1fff,0x1d1d1dff,0x1c1c1bff,0x1a1a1bff,0x191919ff,0x181717ff,0x161616ff,0x151515ff,
0x131313ff,0x121111ff,0x101010ff,0xf0e0eff,0xe0e0eff,0xb0c0bff,0xb0a0aff,0x80908ff,0x70708ff,0x60606ff,0x40505ff,0x30303ff,0x20101ff,0xff,0x20202ff,0x30303ff,0x40405ff,0x60605ff,0x70707ff,0x90809ff,0xa0a0aff,0xc0b0cff,
0xd0d0dff,0xf0e0fff,0x111010ff,0x111112ff,0x131313ff,0x141514ff,0x161616ff,0x171718ff,0x181919ff,0x1a1b1aff,0x1c1c1cff,0x1d1d1dff,0x1f1f1fff,0x212020ff,0x222122ff,0x232323ff,0x252525ff,0x272626ff,0x272727ff,0x2a2929ff,0x2b2b2aff,0x2c2c2cff,
0x2e2e2dff,0x2f2f2fff,0x303031ff,0x323231ff,0x333434ff,0x363534ff,0x373737ff,0x383837ff,0x393a39ff,0x3b3b3bff,0x3c3d3cff,0x3e3e3eff,0x404040ff,0x414141ff,0x424242ff,0x444444ff,0x464645ff,0x474847ff,0x494948ff,0x4b4b4aff,0x4c4b4cff,0x4d4d4dff,
0x4f4f4fff,0x515150ff,0x525252ff,0x545453ff,0x555555ff,0x575757ff,0x595958ff,0x5a5a5aff,0x5c5c5bff,0x5d5d5dff,0x5f5f5fff,0x606060ff,0x626262ff,0x646463ff,0x656566ff,0x676767ff,0x6a6969ff,0x6b6b6aff,0x6c6d6cff,0x6f6e6dff,0x707070ff,0x727272ff,
0x737473ff,0x757675ff,0x777777ff,0x797979ff,0x7b7c7bff,0x7e7d7dff,0x7f7f7eff,0x828181ff,0x838383ff,0x858685ff,0x878787ff,0x898989ff,0x8b8b8aff,0x8e8e8dff,0x90908fff,0x929291ff,0x949494ff,0x979796ff,0x999998ff,0x9c9b9bff,0x9e9e9eff,0xa1a09fff,
0xa2a3a2ff,0xa5a5a4ff,0xa7a8a7ff,0xababaaff,0xacadacff,0xb0b0afff,0xb2b2b1ff,0xb5b5b4ff,0xb8b7b7ff,0xbababaff,0xbdbdbdff,0xc0bfbeff,0xc2c3c2ff,0xc5c6c5ff,0xc8c8c7ff,0xcbcbcaff,0xcececcff,0xd1d0d0ff,0xd2d2d2ff,0xd5d5d5ff,0xd8d9d7ff,0xdbdbd9ff,
0xddddddff,0xe0e0dfff,0xe2e2e2ff,0xe5e4e4ff,0xe6e6e6ff,0xe8e8e7ff,0xeae9e9ff,0xebebeaff,0xececebff,0xececeaff,0xececebff,0xebebeaff,0xe9eae9ff,0xe8e8e7ff,0xe7e6e6ff,0xe5e4e3ff,0xe2e2e1ff,0xe0e0dfff,0xddddddff,0xdadbdaff,0xd9d8d7ff,0xd5d6d4ff,
0xd3d3d2ff,0xd0d1d0ff,0xcecdcdff,0xcbcbcaff,0xc8c8c7ff,0xc5c5c5ff,0xc3c3c2ff,0xc0bfbfff,0xbdbdbdff,0xbababaff,0xb8b8b7ff,0xb5b4b4ff,0xb2b2b1ff,0xb0afafff,0xadadacff,0xabaaaaff,0xa7a7a7ff,0xa5a5a5ff,0xa2a3a3ff,0xa0a0a0ff,0x9d9d9dff,0x9b9b9aff,
0x999999ff,0x979796ff,0x949594ff,0x929291ff,0x90908fff,0x8e8d8dff,0x8b8b8bff,0x898a88ff,0x878786ff,0x858585ff,0x838382ff,0x818180ff,0x7f7f7fff,0x7e7d7dff,0x7c7c7bff,0x7a7979ff,0x777777ff,0x757575ff,0x747373ff,0x727271ff,0x70706fff,0x6f6f6eff,
0x6d6d6cff,0x6b6b6aff,0x696968ff,0x676867ff,0x666665ff,0x646463ff,0x626262ff,0x606160ff,0x5f5f5fff,0x5e5e5dff,0x5c5c5cff,0x5a5a5aff,0x585958ff,0x575757ff,0x555655ff,0x545454ff,0x525252ff,0x505150ff,0x4f4f4fff,0x4d4e4dff,0x4c4c4bff,0x4a4a4aff,
0x494949ff,0x474747ff,0x454545ff,0x454444ff,0x434343ff,0x414140ff,0x404040ff,0x3e3e3eff,0x3d3d3cff,0x3b3b3bff,0x3a3a39ff,0x383938ff,0x363736ff,0x363535ff,0x343333ff,0x323232ff,0x313130ff,0x2f2f2fff,0x2e2d2eff,0x2c2c2bff,0x2b2a2aff,0x292929ff,
0x272828ff,0x262726ff,0x252524ff,0x232323ff,0x222122ff,0x212120ff,0x1f1f1eff,0x1d1d1dff,0x1c1c1cff,0x1b1b1aff,0x191919ff,0x171717ff,0x161516ff,0x141414ff,0x131313ff,0x111112ff,0x101010ff,0xf0e0eff,0xe0d0dff,0xb0b0bff,0xa0b0aff,0x90909ff,
0x70707ff,0x60606ff,0x40404ff,0x30303ff,0x10101ff,0xff,0x10102ff,0x30303ff,0x40504ff,0x50506ff,0x70707ff,0x80808ff,0xa0a0aff,0xc0b0cff,0xd0d0dff,0xe0f0fff,0x101010ff,0x121212ff,0x131313ff,0x141414ff,0x161616ff,0x181818ff,
0x191919ff,0x1a1a1aff,0x1c1b1bff,0x1d1d1dff,0x1e1f1fff,0x212020ff,0x212121ff,0x232323ff,0x242425ff,0x262626ff,0x272728ff,0x2a2929ff,0x2a2b2aff,0x2c2c2cff,0x2d2d2dff,0x2f2f2fff,0x313130ff,0x323231ff,0x343333ff,0x353535ff,0x363636ff,0x383838ff,
0x393939ff,0x3b3b3aff,0x3d3d3dff,0x3e3e3eff,0x3f403fff,0x414141ff,0x424243ff,0x444443ff,0x464645ff,0x474747ff,0x494949ff,0x4b4b4aff,0x4c4c4cff,0x4e4d4dff,0x4e4f4eff,0x505150ff,0x525351ff,0x545454ff,0x555654ff,0x575757ff,0x585858ff,0x5a5a5aff,
0x5c5b5cff,0x5d5d5dff,0x5e5f5eff,0x606160ff,0x626261ff,0x646364ff,0x656665ff,0x676766ff,0x696869ff,0x6b6b6aff,0x6c6c6cff,0x6e6e6eff,0x707070ff,0x727171ff,0x747373ff,0x757575ff,0x777877ff,0x7a7979ff,0x7b7b7bff,0x7d7d7dff,0x7f7f7eff,0x818181ff,
0x838282ff,0x858584ff,0x878687ff,0x898989ff,0x8b8c8bff,0x8d8d8dff,0x8f908eff,0x919191ff,0x949493ff,0x969696ff,0x989898ff,0x9b9b9aff,0x9e9e9dff,0xa0a09fff,0xa2a2a2ff,0xa5a4a4ff,0xa7a7a6ff,0xaaa9a9ff,0xadadacff,0xafafaeff,0xb2b1b1ff,0xb4b4b3ff,
0xb7b7b6ff,0xb9bab9ff,0xbcbcbbff,0xbebebeff,0xc1c2c1ff,0xc4c5c4ff,0xc7c7c6ff,0xcac9c9ff,0xcdccccff,0xcfcfceff,0xd1d1d1ff,0xd4d4d4ff,0xd6d6d5ff,0xd9d9d9ff,0xdcdbdbff,0xdededdff,0xe0e0dfff,0xe2e2e1ff,0xe4e4e3ff,0xe6e5e5ff,0xe7e7e6ff,0xe8e8e7ff,
0xe8e8e8ff,0xe9e9e8ff,0xe8e8e7ff,0xe8e8e7ff,0xe7e7e6ff,0xe6e5e5ff,0xe4e4e3ff,0xe2e2e1ff,0xe0e1dfff,0xdddeddff,0xdcdbdbff,0xdad9d8ff,0xd7d7d5ff,0xd4d4d3ff,0xd2d1d1ff,0xcfcfceff,0xcccdcbff,0xcacac9ff,0xc7c7c6ff,0xc5c5c4ff,0xc2c2c1ff,0xbebfbeff,
0xbcbdbbff,0xb9b9b8ff,0xb7b7b6ff,0xb4b5b3ff,0xb1b1b1ff,0xafafaeff,0xacadacff,0xa9a9aaff,0xa7a7a7ff,0xa4a5a4ff,0xa2a2a1ff,0x9f9f9fff,0x9d9d9cff,0x9b9b9aff,0x999998ff,0x969696ff,0x949493ff,0x919291ff,0x8f8f8fff,0x8d8e8cff,0x8b8b8aff,0x898988ff,
0x878786ff,0x858585ff,0x828382ff,0x808181ff,0x7e7f7fff,0x7d7d7dff,0x7b7b7aff,0x797979ff,0x787776ff,0x757575ff,0x747373ff,0x727271ff,0x6f706fff,0x6f6e6eff,0x6d6d6cff,0x6b6b6bff,0x696968ff,0x676767ff,0x666565ff,0x646463ff,0x626361ff,0x616160ff,
0x5f5f5fff,0x5d5d5dff,0x5c5b5bff,0x5a5a5aff,0x585858ff,0x575757ff,0x555555ff,0x535454ff,0x535252ff,0x505050ff,0x4f4e4fff,0x4d4d4dff,0x4c4c4cff,0x4a4b4aff,0x494949ff,0x474747ff,0x464545ff,0x444443ff,0x434243ff,0x414140ff,0x3f4040ff,0x3e3e3eff,
0x3d3d3cff,0x3b3b3bff,0x3a3a39ff,0x383838ff,0x373636ff,0x353534ff,0x343433ff,0x323232ff,0x303130ff,0x2f2f2eff,0x2e2d2eff,0x2c2c2cff,0x2b2b2aff,0x292a29ff,0x272727ff,0x262726ff,0x252525ff,0x242323ff,0x222222ff,0x202020ff,0x1f1f1eff,0x1d1d1dff,
0x1c1c1cff,0x1b1b1bff,0x191919ff,0x171817ff,0x161616ff,0x141514ff,0x121313ff,0x111111ff,0x101010ff,0xe0e0eff,0xd0d0dff,0xc0c0cff,0xa0a0aff,0x90909ff,0x70707ff,0x50506ff,0x40404ff,0x30303ff,0x20201ff,0xff,0x10101ff,0x30302ff,
0x40404ff,0x50605ff,0x70707ff,0x90808ff,0xa0a0aff,0xb0c0bff,0xd0d0dff,0xe0e0eff,0x100f10ff,0x111211ff,0x131313ff,0x151415ff,0x161616ff,0x171717ff,0x191819ff,0x1a1a1aff,0x1c1b1cff,0x1d1d1dff,0x1f1f1fff,0x202120ff,0x222122ff,0x232323ff,
0x242424ff,0x262626ff,0x272827ff,0x292929ff,0x2b2b2aff,0x2c2c2cff,0x2e2e2dff,0x2f2f2fff,0x313130ff,0x323231ff,0x343333ff,0x343535ff,0x363637ff,0x383838ff,0x39393aff,0x3b3a3bff,0x3d3c3cff,0x3e3e3dff,0x3f3f40ff,0x414141ff,0x424242ff,0x444444ff,
0x464645ff,0x474747ff,0x484849ff,0x4b4a4aff,0x4c4c4bff,0x4d4e4dff,0x4e4e4fff,0x515150ff,0x525251ff,0x545353ff,0x555555ff,0x575656ff,0x585858ff,0x595a59ff,0x5b5c5bff,0x5d5e5cff,0x5f5e5eff,0x606060ff,0x626262ff,0x636463ff,0x656565ff,0x686766ff,
0x686868ff,0x6b6a6aff,0x6c6c6cff,0x6e6e6eff,0x6f706fff,0x727171ff,0x747372ff,0x757574ff,0x767776ff,0x797878ff,0x7a7b7bff,0x7d7d7cff,0x7e7f7eff,0x808180ff,0x828282ff,0x858484ff,0x868786ff,0x898887ff,0x8a8b8aff,0x8d8d8cff,0x8f8f8fff,0x919191ff,
0x939392ff,0x969695ff,0x989897ff,0x9b9b9aff,0x9c9c9cff,0x9fa09eff,0xa1a1a1ff,0xa4a4a4ff,0xa6a7a6ff,0xa9a9a8ff,0xabababff,0xaeaeaeff,0xb0b1b0ff,0xb3b3b3ff,0xb6b6b5ff,0xb9b8b8ff,0xbbbbbbff,0xbebebdff,0xc1c0c0ff,0xc3c3c2ff,0xc6c6c5ff,0xc9c9c7ff,
0xcbcbcaff,0xcdcdccff,0xd1d0cfff,0xd2d3d1ff,0xd5d5d4ff,0xd7d8d6ff,0xdadad8ff,0xdcdbdbff,0xdededdff,0xe0e0dfff,0xe1e1e1ff,0xe3e3e2ff,0xe4e4e4ff,0xe5e5e4ff,0xe5e6e4ff,0xe6e6e5ff,0xe6e6e5ff,0xe5e5e5ff,0xe4e4e3ff,0xe3e3e2ff,0xe1e1e0ff,0xe0dfdfff,
0xdededdff,0xdbdcdbff,0xd9d9d9ff,0xd8d8d6ff,0xd5d5d4ff,0xd2d2d2ff,0xd0d0cfff,0xcececdff,0xcbcbcaff,0xc8c9c8ff,0xc6c5c5ff,0xc3c3c2ff,0xc1c0c0ff,0xbebebdff,0xbbbcbaff,0xb9b9b7ff,0xb6b6b6ff,0xb4b4b2ff,0xb1b1b0ff,0xaeafadff,0xabacabff,0xa9a9a9ff,
0xa7a7a6ff,0xa4a4a3ff,0xa2a2a1ff,0x9f9f9eff,0x9d9c9cff,0x9a9a99ff,0x989998ff,0x969695ff,0x949493ff,0x929190ff,0x908f8eff,0x8c8d8cff,0x8b8b8aff,0x898988ff,0x878686ff,0x858584ff,0x828382ff,0x818080ff,0x7e7e7eff,0x7d7d7cff,0x7b7a7aff,0x797879ff,
0x777777ff,0x757575ff,0x737373ff,0x717271ff,0x706f6fff,0x6e6e6dff,0x6c6c6bff,0x6a6a6aff,0x696969ff,0x676766ff,0x656565ff,0x646463ff,0x626261ff,0x616060ff,0x5f5f5eff,0x5d5d5cff,0x5b5c5bff,0x595a5aff,0x585858ff,0x565657ff,0x565554ff,0x535453ff,
0x525251ff,0x505050ff,0x4f4e4eff,0x4d4d4dff,0x4c4b4bff,0x4a4b4aff,0x484849ff,0x474747ff,0x464545ff,0x444443ff,0x424242ff,0x414141ff,0x3f4040ff,0x3e3e3dff,0x3c3c3cff,0x3b3b3bff,0x393939ff,0x383837ff,0x363636ff,0x353534ff,0x343434ff,0x323232ff,
0x303030ff,0x2f2f2fff,0x2d2e2eff,0x2c2c2bff,0x2b2b2aff,0x292928ff,0x272827ff,0x262626ff,0x242424ff,0x232423ff,0x222121ff,0x202120ff,0x1e1f1fff,0x1d1d1dff,0x1c1b1bff,0x1a1a1aff,0x191818ff,0x171717ff,0x161616ff,0x141414ff,0x131313ff,0x111211ff,
0x101010ff,0xe0f0eff,0xd0d0dff,0xc0b0bff,0xa0a0aff,0x80908ff,0x70708ff,0x60605ff,0x40404ff,0x20303ff,0x10101ff,0xff,0x10101ff,0x30203ff,0x40404ff,0x50606ff,0x70707ff,0x90808ff,0xa0a0aff,0xb0c0bff,0xd0d0dff,0xe0f0eff,
0x101010ff,0x121111ff,0x121213ff,0x141414ff,0x151515ff,0x171717ff,0x191918ff,0x1a1a1aff,0x1b1c1bff,0x1d1d1dff,0x1e1e1eff,0x202020ff,0x212121ff,0x232323ff,0x242425ff,0x262626ff,0x272727ff,0x282829ff,0x2a2a2aff,0x2c2c2bff,0x2d2d2dff,0x2f2f2fff,
0x313130ff,0x313231ff,0x333333ff,0x353535ff,0x363736ff,0x383738ff,0x393a39ff,0x3b3b3aff,0x3c3c3cff,0x3d3d3eff,0x3f3f3fff,0x404040ff,0x424242ff,0x444444ff,0x454645ff,0x474747ff,0x494849ff,0x4a4a4aff,0x4b4c4bff,0x4e4d4dff,0x4e4f4eff,0x505050ff,
0x525251ff,0x535353ff,0x555454ff,0x565656ff,0x585858ff,0x5a5a5aff,0x5b5c5bff,0x5d5d5dff,0x5f5e5eff,0x60605fff,0x616262ff,0x646363ff,0x656565ff,0x676667ff,0x696968ff,0x6a6a6aff,0x6c6c6cff,0x6e6e6dff,0x706f6fff,0x717271ff,0x737373ff,0x747474ff,
0x777677ff,0x797878ff,0x7a7a7aff,0x7c7c7cff,0x7e7e7eff,0x80807fff,0x828381ff,0x848484ff,0x868686ff,0x888888ff,0x8a8b8aff,0x8c8c8bff,0x8e8e8eff,0x919090ff,0x939393ff,0x959595ff,0x979897ff,0x9a9999ff,0x9c9c9bff,0x9e9f9eff,0xa1a1a1ff,0xa4a3a3ff,
0xa5a5a6ff,0xa8a8a7ff,0xababaaff,0xadaeadff,0xb0b0b0ff,0xb3b2b2ff,0xb5b5b4ff,0xb8b7b7ff,0xbababaff,0xbdbcbcff,0xbfbfbfff,0xc1c2c2ff,0xc5c4c3ff,0xc7c7c6ff,0xcacac9ff,0xcccccbff,0xcececeff,0xd1d1d0ff,0xd3d4d2ff,0xd6d6d4ff,0xd8d8d7ff,0xd9dad9ff,
0xdbdcdaff,0xdddedcff,0xdfdfdeff,0xe0e1dfff,0xe1e2e1ff,0xe2e2e1ff,0xe3e2e1ff,0xe3e2e2ff,0xe2e3e2ff,0xe2e2e1ff,0xe2e1e1ff,0xe0e0dfff,0xdfdfdeff,0xdeddddff,0xdbdbdbff,0xd9dad9ff,0xd8d7d7ff,0xd5d5d4ff,0xd3d3d3ff,0xd0d1d0ff,0xcececdff,0xcccccbff,
0xcacac9ff,0xc7c7c6ff,0xc4c5c4ff,0xc1c2c1ff,0xbfbfbfff,0xbdbdbcff,0xbababaff,0xb7b7b7ff,0xb5b5b5ff,0xb3b3b1ff,0xb0afafff,0xadadadff,0xaaabaaff,0xa8a8a8ff,0xa6a6a5ff,0xa3a3a2ff,0xa1a1a1ff,0x9f9e9dff,0x9c9c9cff,0x999a9aff,0x979896ff,0x969594ff,
0x939393ff,0x919190ff,0x8e8f8eff,0x8c8c8cff,0x8b8b8aff,0x888888ff,0x868685ff,0x848484ff,0x828282ff,0x808080ff,0x7e7e7eff,0x7c7c7cff,0x7b7b7aff,0x797878ff,0x777676ff,0x757575ff,0x737372ff,0x727171ff,0x70706fff,0x6d6e6dff,0x6c6c6bff,0x6b6a69ff,
0x696868ff,0x666766ff,0x656564ff,0x636363ff,0x626261ff,0x606060ff,0x5f5f5eff,0x5d5d5dff,0x5b5b5bff,0x595a59ff,0x585858ff,0x565656ff,0x545555ff,0x535353ff,0x525252ff,0x505150ff,0x4f4e4fff,0x4d4d4dff,0x4c4b4cff,0x4a4a4aff,0x494848ff,0x474746ff,
0x464545ff,0x444344ff,0x434242ff,0x414140ff,0x3f403fff,0x3e3e3dff,0x3c3c3cff,0x3b3b3bff,0x393a39ff,0x383738ff,0x363636ff,0x343534ff,0x343333ff,0x323232ff,0x303030ff,0x2f2f2fff,0x2d2d2dff,0x2c2b2cff,0x2a2b2aff,0x292929ff,0x272727ff,0x262626ff,
0x242424ff,0x232323ff,0x212221ff,0x202020ff,0x1f1e1fff,0x1d1d1dff,0x1b1c1cff,0x1a1a1aff,0x191919ff,0x171717ff,0x161516ff,0x141414ff,0x131313ff,0x111111ff,0x100f10ff,0xe0f0eff,0xd0d0cff,0xb0b0bff,0xa0a09ff,0x80809ff,0x70707ff,0x60505ff,
0x40404ff,0x20203ff,0x10101ff,0xff,0x10101ff,0x20203ff,0x40404ff,0x60606ff,0x70707ff,0x90908ff,0xa090aff,0xb0b0bff,0xd0c0dff,0xf0f0eff,0x100f10ff,0x111111ff,0x121312ff,0x141414ff,0x151615ff,0x171717ff,0x191819ff,0x1a1a1aff,
0x1c1b1cff,0x1d1d1dff,0x1e1f1eff,0x201f20ff,0x222222ff,0x232323ff,0x252424ff,0x262626ff,0x272827ff,0x292929ff,0x2a2a2aff,0x2c2c2cff,0x2d2d2dff,0x2f2f2eff,0x303030ff,0x313131ff,0x333433ff,0x353435ff,0x363636ff,0x383838ff,0x393939ff,0x3b3a3bff,
0x3c3c3cff,0x3e3e3dff,0x3f3f3fff,0x414140ff,0x424242ff,0x444443ff,0x454545ff,0x474746ff,0x484848ff,0x4a4a49ff,0x4b4b4bff,0x4d4d4cff,0x4e4e4eff,0x505050ff,0x525251ff,0x535453ff,0x555454ff,0x575656ff,0x575758ff,0x5a5a59ff,0x5b5b5aff,0x5c5c5cff,
0x5e5e5eff,0x60605fff,0x616261ff,0x636362ff,0x656564ff,0x666766ff,0x686868ff,0x6a6a6aff,0x6c6b6bff,0x6d6e6dff,0x706f6eff,0x717171ff,0x727372ff,0x747474ff,0x767676ff,0x787977ff,0x7a7a7aff,0x7c7c7bff,0x7e7e7dff,0x80807fff,0x828281ff,0x848384ff,
0x858585ff,0x888887ff,0x8a8a89ff,0x8c8c8cff,0x8e8e8eff,0x909190ff,0x929292ff,0x959594ff,0x979797ff,0x999a99ff,0x9b9b9aff,0x9e9e9dff,0xa1a1a0ff,0xa3a2a2ff,0xa5a5a4ff,0xa8a7a6ff,0xaaaaa9ff,0xacadacff,0xafafafff,0xb1b1b1ff,0xb4b4b3ff,0xb6b7b6ff,
0xb9b9b8ff,0xbcbbbbff,0xbebebeff,0xc0c0c0ff,0xc3c3c3ff,0xc5c5c5ff,0xc8c8c7ff,0xcbcbcaff,0xcccdccff,0xcfd0cfff,0xd1d1d1ff,0xd3d4d3ff,0xd5d6d4ff,0xd8d7d6ff,0xd9d9d8ff,0xdbdadaff,0xdcdcdcff,0xdededcff,0xdfdedeff,0xdfdfdeff,0xdfdfdfff,0xe0e0dfff,
0xe0dfdeff,0xdfdfdeff,0xdedfdeff,0xdddeddff,0xdcdcdbff,0xdadbdaff,0xd9d9d8ff,0xd7d7d6ff,0xd6d5d4ff,0xd3d4d2ff,0xd1d1d1ff,0xcfcfcfff,0xcdcdccff,0xcacac9ff,0xc8c8c7ff,0xc5c5c5ff,0xc3c3c3ff,0xc1c1c0ff,0xbebebdff,0xbcbbbbff,0xb9b9b8ff,0xb7b6b5ff,
0xb4b4b4ff,0xb1b2b1ff,0xafafaeff,0xadacacff,0xa9aaaaff,0xa7a7a7ff,0xa5a5a4ff,0xa2a3a2ff,0xa0a09fff,0x9e9e9eff,0x9b9b9bff,0x999999ff,0x979797ff,0x949494ff,0x939392ff,0x90908fff,0x8e8e8dff,0x8c8b8cff,0x8a8a89ff,0x888787ff,0x858585ff,0x838483ff,
0x818281ff,0x808080ff,0x7e7e7eff,0x7c7c7cff,0x7a7a7aff,0x787878ff,0x767675ff,0x747474ff,0x737372ff,0x707171ff,0x6f6f6eff,0x6d6d6dff,0x6c6c6bff,0x6a6a69ff,0x686868ff,0x666666ff,0x656565ff,0x636363ff,0x616161ff,0x606060ff,0x5e5e5eff,0x5d5c5dff,
0x5b5b5bff,0x595959ff,0x585857ff,0x565656ff,0x555554ff,0x535353ff,0x515151ff,0x505050ff,0x4e4e4eff,0x4d4d4cff,0x4c4b4bff,0x4a4949ff,0x484948ff,0x474747ff,0x454645ff,0x434343ff,0x424241ff,0x414041ff,0x3f3f3fff,0x3e3d3dff,0x3c3c3bff,0x3a3a3aff,
0x393938ff,0x383738ff,0x363636ff,0x353534ff,0x333333ff,0x313132ff,0x30302fff,0x2e2f2eff,0x2d2d2dff,0x2c2c2bff,0x2a2a2aff,0x292928ff,0x272727ff,0x262625ff,0x242424ff,0x232223ff,0x222221ff,0x201f20ff,0x1f1e1eff,0x1c1d1dff,0x1b1b1cff,0x1a191aff,
0x191918ff,0x171717ff,0x151515ff,0x141414ff,0x131313ff,0x111111ff,0x10100fff,0xe0e0eff,0xd0d0cff,0xb0b0bff,0x90a0aff,0x90808ff,0x70607ff,0x50505ff,0x40404ff,0x20202ff,0x10101ff,0x10000ff,0x10101ff,0x20202ff,0x40304ff,0x60505ff,
0x70707ff,0x80908ff,0x90909ff,0xb0b0bff,0xc0c0dff,0xe0e0eff,0xf100fff,0x111111ff,0x131212ff,0x141414ff,0x161515ff,0x171717ff,0x181918ff,0x1a1a1aff,0x1b1b1cff,0x1d1d1dff,0x1e1e1eff,0x201f20ff,0x222121ff,0x232323ff,0x242424ff,0x262625ff,
0x272727ff,0x292829ff,0x2a2a2aff,0x2b2b2bff,0x2d2d2dff,0x2e2e2eff,0x303030ff,0x313131ff,0x333333ff,0x343534ff,0x363636ff,0x373737ff,0x393939ff,0x3a3a3aff,0x3c3c3cff,0x3d3d3dff,0x3f3f3fff,0x404140ff,0x424241ff,0x444444ff,0x454545ff,0x464646ff,
0x484947ff,0x494949ff,0x4b4b4bff,0x4c4c4cff,0x4f4e4eff,0x50504fff,0x515151ff,0x535352ff,0x545554ff,0x565656ff,0x585857ff,0x595959ff,0x5b5b5bff,0x5d5c5cff,0x5e5e5eff,0x60605fff,0x616161ff,0x636363ff,0x656464ff,0x676665ff,0x686868ff,0x6a6a69ff,
0x6b6c6bff,0x6d6d6cff,0x6f6f6eff,0x707070ff,0x727272ff,0x747473ff,0x767676ff,0x787878ff,0x7a7a79ff,0x7c7b7bff,0x7d7e7dff,0x7f7f7fff,0x818181ff,0x838483ff,0x858584ff,0x888787ff,0x8a8988ff,0x8b8c8bff,0x8e8d8dff,0x90908fff,0x929291ff,0x949494ff,
0x969796ff,0x989898ff,0x9b9b9aff,0x9d9d9dff,0x9f9f9eff,0xa2a1a1ff,0xa5a4a4ff,0xa6a6a6ff,0xa9a9a8ff,0xacacabff,0xaeaeadff,0xb0b0afff,0xb3b3b2ff,0xb5b5b4ff,0xb8b8b7ff,0xbabbb9ff,0xbcbdbcff,0xbfbfbeff,0xc1c2c1ff,0xc4c4c4ff,0xc7c6c5ff,0xc9c9c8ff,
0xcbcbcaff,0xcdcdccff,0xd0d0cfff,0xd1d1d0ff,0xd4d3d2ff,0xd5d5d4ff,0xd7d7d6ff,0xd9d8d7ff,0xdadad9ff,0xdbdbd9ff,0xdcdcdaff,0xdcdddbff,0xdcdddbff,0xdddddcff,0xdcdddcff,0xdcdcdbff,0xdbdbdbff,0xdadbdaff,0xdad9d8ff,0xd8d8d8ff,0xd6d6d6ff,0xd5d5d4ff,
0xd4d3d2ff,0xd2d1d1ff,0xcfcfceff,0xcdcecdff,0xcbcbcaff,0xc9c9c8ff,0xc6c7c5ff,0xc4c4c3ff,0xc1c1c1ff,0xbfbfbeff,0xbdbdbcff,0xbabab9ff,0xb8b8b7ff,0xb5b6b5ff,0xb3b3b2ff,0xb1b1afff,0xaeaeadff,0xabacaaff,0xa9a9a8ff,0xa6a7a6ff,0xa4a4a4ff,0xa2a2a2ff,
0x9f9f9fff,0x9d9e9cff,0x9b9b9aff,0x989897ff,0x969696ff,0x939493ff,0x919291ff,0x90908fff,0x8d8e8dff,0x8c8c8bff,0x898989ff,0x878786ff,0x868585ff,0x838382ff,0x818180ff,0x80807fff,0x7e7d7dff,0x7b7c7bff,0x7a7a79ff,0x787777ff,0x767676ff,0x747473ff,
0x727272ff,0x707170ff,0x6e6f6eff,0x6c6d6dff,0x6c6b6bff,0x696a69ff,0x676868ff,0x666666ff,0x646564ff,0x626362ff,0x616160ff,0x60605fff,0x5e5e5dff,0x5c5d5cff,0x5b5b5aff,0x595959ff,0x585857ff,0x565656ff,0x545454ff,0x535353ff,0x515151ff,0x505050ff,
0x4f4e4eff,0x4c4d4dff,0x4c4b4bff,0x4a4a49ff,0x484848ff,0x464746ff,0x454544ff,0x434343ff,0x424242ff,0x414040ff,0x3f3f3eff,0x3e3e3eff,0x3c3c3bff,0x3a3b3aff,0x393939ff,0x373737ff,0x363635ff,0x343434ff,0x333333ff,0x323132ff,0x303030ff,0x2e2f2eff,
0x2d2d2dff,0x2b2b2bff,0x2a2a2aff,0x282928ff,0x272727ff,0x262625ff,0x242424ff,0x222323ff,0x212121ff,0x1f1f1fff,0x1e1e1eff,0x1d1d1cff,0x1b1c1bff,0x191a1aff,0x181818ff,0x171716ff,0x161515ff,0x141413ff,0x121213ff,0x111111ff,0x100f0fff,0xe0e0eff,
0xd0d0cff,0xb0b0bff,0xa0a0aff,0x80808ff,0x70706ff,0x50605ff,0x40403ff,0x20203ff,0x10100ff,0xff,0x101ff,0x20302ff,0x40403ff,0x50605ff,0x60707ff,0x80808ff,0x90a09ff,0xb0b0bff,0xd0c0cff,0xe0e0eff,0xf1010ff,0x111111ff,
0x121312ff,0x141314ff,0x161615ff,0x161716ff,0x181818ff,0x191a1aff,0x1b1c1bff,0x1c1c1dff,0x1e1e1eff,0x1f2020ff,0x212121ff,0x222322ff,0x242424ff,0x262525ff,0x272727ff,0x282928ff,0x292a2aff,0x2c2b2bff,0x2c2d2dff,0x2e2e2eff,0x303030ff,0x313131ff,
0x333332ff,0x343434ff,0x363635ff,0x373737ff,0x383939ff,0x3a3a3aff,0x3c3b3bff,0x3d3d3dff,0x3e3f3fff,0x404040ff,0x424242ff,0x444343ff,0x454545ff,0x464646ff,0x474847ff,0x4a4949ff,0x4b4b4aff,0x4d4c4dff,0x4e4e4eff,0x4f504fff,0x515151ff,0x535353ff,
0x545454ff,0x555655ff,0x585757ff,0x595959ff,0x5b5a5aff,0x5c5c5cff,0x5e5e5eff,0x5f605fff,0x616160ff,0x626362ff,0x646464ff,0x666565ff,0x686767ff,0x696969ff,0x6b6b6bff,0x6d6d6cff,0x6e6e6eff,0x707070ff,0x727271ff,0x737473ff,0x757675ff,0x777877ff,
0x797a78ff,0x7b7b7aff,0x7d7c7dff,0x7f7f7eff,0x808180ff,0x838382ff,0x858585ff,0x878787ff,0x888888ff,0x8b8b8bff,0x8d8d8cff,0x8f8e8eff,0x919290ff,0x949392ff,0x959595ff,0x989797ff,0x9a9a99ff,0x9c9c9bff,0x9f9f9eff,0xa1a1a0ff,0xa3a3a3ff,0xa6a6a5ff,
0xa7a8a8ff,0xaaaaa9ff,0xadadacff,0xafafafff,0xb1b2b1ff,0xb4b4b3ff,0xb7b7b5ff,0xb8b9b8ff,0xbbbbbbff,0xbebdbdff,0xc0c0bfff,0xc2c2c2ff,0xc4c5c4ff,0xc7c7c6ff,0xc9c9c8ff,0xcbcbcaff,0xcdcdccff,0xcfcfceff,0xd1d1d0ff,0xd3d2d2ff,0xd5d5d3ff,0xd6d6d5ff,
0xd6d7d5ff,0xd8d8d7ff,0xd9d8d8ff,0xd9d9d8ff,0xd9d9d8ff,0xdadad9ff,0xdadad8ff,0xd9dad9ff,0xd9d9d8ff,0xd8d8d7ff,0xd7d7d6ff,0xd5d6d5ff,0xd5d4d3ff,0xd3d3d2ff,0xd1d1d0ff,0xcfcfcfff,0xcdcdccff,0xcbcbcaff,0xc8c8c8ff,0xc7c7c6ff,0xc4c4c4ff,0xc2c2c1ff,
0xc0c0bfff,0xbebebcff,0xbbbbbbff,0xb9b9b8ff,0xb6b6b6ff,0xb4b4b3ff,0xb1b1b1ff,0xb0b0aeff,0xadadacff,0xaaaaa9ff,0xa8a8a8ff,0xa6a6a5ff,0xa3a3a2ff,0xa1a1a0ff,0x9f9f9eff,0x9c9c9cff,0x9a9a99ff,0x989897ff,0x959594ff,0x939492ff,0x919190ff,0x8f8f8eff,
0x8d8d8cff,0x8b8b8aff,0x898888ff,0x868786ff,0x858584ff,0x838382ff,0x818181ff,0x7e7f7fff,0x7d7d7dff,0x7b7b7aff,0x797979ff,0x777777ff,0x767575ff,0x737473ff,0x727272ff,0x70706fff,0x6f6f6eff,0x6c6c6cff,0x6b6b6bff,0x696969ff,0x676767ff,0x666665ff,
0x646464ff,0x626262ff,0x606160ff,0x5f605fff,0x5d5e5eff,0x5c5c5cff,0x5a5a5aff,0x595958ff,0x575757ff,0x565655ff,0x555454ff,0x535352ff,0x515151ff,0x50504fff,0x4e4e4dff,0x4c4c4cff,0x4b4b4bff,0x494949ff,0x484848ff,0x464746ff,0x454544ff,0x434343ff,
0x414241ff,0x404140ff,0x3e3e3eff,0x3d3d3dff,0x3b3c3cff,0x3a3a3aff,0x383939ff,0x373737ff,0x363636ff,0x343534ff,0x333333ff,0x313132ff,0x303030ff,0x2f2f2eff,0x2d2c2cff,0x2c2b2bff,0x2a292aff,0x282829ff,0x272727ff,0x262525ff,0x242424ff,0x222323ff,
0x212121ff,0x201f1fff,0x1e1e1eff,0x1c1c1cff,0x1b1b1bff,0x1a1a1aff,0x181918ff,0x171717ff,0x151515ff,0x141414ff,0x121213ff,0x101110ff,0xf0f10ff,0xe0e0eff,0xd0d0dff,0xb0b0bff,0xa0a0aff,0x80808ff,0x60607ff,0x50505ff,0x30303ff,0x20203ff,
0x101ff,0xff,0x101ff,0x20202ff,0x30403ff,0x50505ff,0x60606ff,0x80807ff,0x90909ff,0xb0b0bff,0xc0c0cff,0xd0d0eff,0x10100fff,0x111111ff,0x121212ff,0x141413ff,0x151515ff,0x171717ff,0x181818ff,0x1a1a19ff,0x1b1b1bff,0x1c1d1dff,
0x1e1e1eff,0x201f1fff,0x202121ff,0x222323ff,0x232423ff,0x252525ff,0x262727ff,0x282828ff,0x2a2929ff,0x2b2b2bff,0x2d2d2cff,0x2e2e2eff,0x302f30ff,0x313131ff,0x333233ff,0x343434ff,0x363536ff,0x373737ff,0x393839ff,0x3a3a39ff,0x3c3b3cff,0x3d3d3cff,
0x3e3e3eff,0x40403fff,0x414241ff,0x434343ff,0x454444ff,0x464646ff,0x484847ff,0x494949ff,0x4b4a4aff,0x4c4c4cff,0x4d4d4eff,0x4f4f4fff,0x515150ff,0x525352ff,0x545453ff,0x555555ff,0x575756ff,0x595958ff,0x5b5a5aff,0x5c5c5bff,0x5d5e5dff,0x5f5f5eff,
0x616161ff,0x626262ff,0x646363ff,0x656565ff,0x686767ff,0x696968ff,0x6b6a6aff,0x6c6c6cff,0x6e6e6dff,0x706f6fff,0x717171ff,0x737373ff,0x757574ff,0x767676ff,0x797978ff,0x7a7b7aff,0x7c7c7cff,0x7e7e7eff,0x808080ff,0x828282ff,0x848584ff,0x868686ff,
0x888887ff,0x8a8a89ff,0x8c8c8cff,0x8e8e8eff,0x909190ff,0x929292ff,0x949494ff,0x979796ff,0x999998ff,0x9b9b9bff,0x9e9d9dff,0x9fa09fff,0xa2a2a1ff,0xa5a5a4ff,0xa7a7a6ff,0xa9a9a8ff,0xabacabff,0xaeaeadff,0xb0b0b0ff,0xb3b3b2ff,0xb5b5b4ff,0xb7b7b7ff,
0xb9bab9ff,0xbcbcbcff,0xbebfbeff,0xc0c0c0ff,0xc3c2c2ff,0xc5c5c4ff,0xc6c7c6ff,0xc9c9c8ff,0xcbcbcaff,0xcdccccff,0xcececeff,0xd0d0cfff,0xd2d1d0ff,0xd3d3d2ff,0xd4d4d3ff,0xd5d5d5ff,0xd5d6d5ff,0xd6d7d6ff,0xd7d7d6ff,0xd6d6d6ff,0xd7d7d6ff,0xd7d6d6ff,
0xd6d6d5ff,0xd5d5d4ff,0xd4d4d4ff,0xd2d3d2ff,0xd2d2d0ff,0xd0d0cfff,0xcecfceff,0xcdcdccff,0xcbcbcaff,0xc9c9c8ff,0xc7c7c6ff,0xc5c5c4ff,0xc2c3c1ff,0xc0c0bfff,0xbebebdff,0xbcbcbbff,0xbabab9ff,0xb7b7b6ff,0xb5b5b4ff,0xb2b2b2ff,0xb0b0afff,0xaeaeadff,
0xacababff,0xa9aaa8ff,0xa6a7a6ff,0xa5a4a4ff,0xa2a2a2ff,0xa0a0a0ff,0x9e9e9dff,0x9b9c9bff,0x999a98ff,0x979796ff,0x959594ff,0x929292ff,0x90908fff,0x8e8e8dff,0x8d8c8cff,0x8a8a89ff,0x888887ff,0x868686ff,0x848483ff,0x828282ff,0x808080ff,0x7e7f7eff,
0x7c7d7cff,0x7b7a7aff,0x787978ff,0x777776ff,0x757575ff,0x747373ff,0x717171ff,0x706f6fff,0x6e6d6dff,0x6c6c6cff,0x6a6b6aff,0x686869ff,0x676867ff,0x656565ff,0x646463ff,0x626362ff,0x606060ff,0x5f5f5fff,0x5e5e5dff,0x5c5c5bff,0x5a5b5aff,0x595859ff,
0x575757ff,0x555655ff,0x545454ff,0x525252ff,0x505151ff,0x4f504fff,0x4e4e4eff,0x4c4c4cff,0x4b4b4bff,0x494949ff,0x484748ff,0x464746ff,0x454544ff,0x434342ff,0x424241ff,0x404040ff,0x3e3e3eff,0x3d3d3dff,0x3b3c3bff,0x3a3a3aff,0x393839ff,0x373736ff,
0x363635ff,0x343433ff,0x323332ff,0x313130ff,0x302f30ff,0x2e2e2eff,0x2d2d2dff,0x2b2b2bff,0x29292aff,0x282828ff,0x262726ff,0x252625ff,0x232423ff,0x232222ff,0x212121ff,0x201f1fff,0x1e1e1eff,0x1c1c1cff,0x1b1b1bff,0x191919ff,0x181818ff,0x171617ff,
0x151515ff,0x131313ff,0x121212ff,0x111110ff,0xf100fff,0xd0e0eff,0xd0c0cff,0xb0b0bff,0xa0909ff,0x80808ff,0x60607ff,0x50505ff,0x40304ff,0x20202ff,0x100ff,0xff,0x10100ff,0x20202ff,0x30404ff,0x50505ff,0x60607ff,0x80808ff,
0x90909ff,0xa0b0bff,0xc0c0cff,0xe0d0dff,0xf0f0fff,0x111110ff,0x121212ff,0x131413ff,0x151515ff,0x171616ff,0x181818ff,0x191a1aff,0x1b1b1bff,0x1c1d1cff,0x1e1e1dff,0x1f1f1fff,0x212021ff,0x222322ff,0x242423ff,0x252525ff,0x272726ff,0x282828ff,
0x292a29ff,0x2b2b2bff,0x2c2c2cff,0x2e2d2eff,0x2f2f2fff,0x303131ff,0x323332ff,0x333434ff,0x363535ff,0x363737ff,0x383938ff,0x3a3a3aff,0x3b3b3bff,0x3d3d3dff,0x3e3e3eff,0x40403fff,0x414141ff,0x434342ff,0x454544ff,0x464545ff,0x474747ff,0x494949ff,
0x4b4a4aff,0x4c4c4cff,0x4d4e4dff,0x4f4f4fff,0x505050ff,0x525252ff,0x535453ff,0x555555ff,0x575757ff,0x585858ff,0x5a5a5aff,0x5c5b5bff,0x5d5d5dff,0x5f5f5eff,0x616060ff,0x626262ff,0x646363ff,0x656564ff,0x676667ff,0x696868ff,0x6a6a6aff,0x6b6c6cff,
0x6e6e6dff,0x6f6f6fff,0x717171ff,0x737373ff,0x747474ff,0x767675ff,0x787877ff,0x7a7a7aff,0x7c7c7bff,0x7e7e7dff,0x7f807fff,0x828281ff,0x838383ff,0x868685ff,0x878787ff,0x8a8989ff,0x8b8c8bff,0x8e8d8dff,0x908f8fff,0x919291ff,0x949494ff,0x969696ff,
0x989998ff,0x9b9b9aff,0x9c9d9cff,0x9f9f9eff,0xa1a1a1ff,0xa4a3a3ff,0xa5a5a5ff,0xa9a8a7ff,0xaaaaa9ff,0xadadacff,0xafafafff,0xb1b2b0ff,0xb3b3b3ff,0xb6b5b5ff,0xb8b8b7ff,0xbbbabaff,0xbcbdbbff,0xbfbfbeff,0xc1c1c0ff,0xc3c3c2ff,0xc4c5c4ff,0xc7c7c6ff,
0xc8c8c8ff,0xcacacaff,0xcccccbff,0xcecdcdff,0xcfcfceff,0xd0d0d0ff,0xd1d1d0ff,0xd2d2d1ff,0xd3d3d2ff,0xd4d4d3ff,0xd4d4d2ff,0xd4d4d3ff,0xd3d3d3ff,0xd4d3d2ff,0xd3d2d2ff,0xd2d2d2ff,0xd2d1d0ff,0xd0d0cfff,0xcfcfceff,0xcececdff,0xcccccbff,0xcbcbcaff,
0xc8c9c8ff,0xc7c6c6ff,0xc4c5c4ff,0xc3c2c2ff,0xc1c1c0ff,0xbfbfbeff,0xbcbcbcff,0xbababaff,0xb8b8b7ff,0xb6b6b5ff,0xb4b3b3ff,0xb1b1b0ff,0xafafaeff,0xadadacff,0xaaaba9ff,0xa8a8a8ff,0xa6a6a5ff,0xa3a3a3ff,0xa1a1a0ff,0x9f9f9eff,0x9c9c9cff,0x9a9a9aff,
0x989898ff,0x969695ff,0x949493ff,0x919291ff,0x908f8fff,0x8d8e8dff,0x8b8c8bff,0x8a8a89ff,0x878787ff,0x868685ff,0x848383ff,0x828181ff,0x7f807fff,0x7e7e7dff,0x7c7b7bff,0x7a7a7aff,0x787878ff,0x777676ff,0x757574ff,0x737372ff,0x717171ff,0x706f6fff,
0x6d6d6dff,0x6c6c6bff,0x6a6a6aff,0x686868ff,0x666666ff,0x656565ff,0x636363ff,0x626262ff,0x60605fff,0x5e5f5eff,0x5d5d5dff,0x5b5b5bff,0x595a59ff,0x585858ff,0x575756ff,0x555555ff,0x545453ff,0x525252ff,0x515150ff,0x4f4f4fff,0x4e4d4dff,0x4c4c4cff,
0x4a4b4aff,0x494949ff,0x474747ff,0x464645ff,0x454444ff,0x434343ff,0x424141ff,0x404040ff,0x3e3f3eff,0x3c3d3cff,0x3c3b3bff,0x3a3a39ff,0x393838ff,0x373737ff,0x353535ff,0x343433ff,0x323232ff,0x303131ff,0x2f2f30ff,0x2e2e2eff,0x2d2c2cff,0x2b2b2bff,
0x292929ff,0x282828ff,0x272627ff,0x252525ff,0x232424ff,0x222222ff,0x202120ff,0x1f1f1fff,0x1e1e1dff,0x1c1c1cff,0x1b1b1bff,0x1a1919ff,0x181818ff,0x161716ff,0x151515ff,0x131413ff,0x121212ff,0x111010ff,0xf0f0fff,0xe0d0eff,0xc0c0cff,0xa0a0aff,
0x90909ff,0x80808ff,0x60606ff,0x50405ff,0x30304ff,0x20202ff,0x1ff,0xff,0x1ff,0x20101ff,0x30303ff,0x40505ff,0x60606ff,0x80708ff,0x90909ff,0xa0b0bff,0xc0c0cff,0xe0d0eff,0xf0f0eff,0x101010ff,0x121212ff,0x131313ff,
0x141414ff,0x171616ff,0x181718ff,0x191919ff,0x1a1b1aff,0x1c1c1cff,0x1d1d1dff,0x1f1f1eff,0x212020ff,0x222122ff,0x232324ff,0x252525ff,0x272627ff,0x282828ff,0x292929ff,0x2b2b2bff,0x2c2c2cff,0x2e2d2dff,0x2f2f2fff,0x313030ff,0x323232ff,0x333433ff,
0x353535ff,0x373737ff,0x393838ff,0x393a3aff,0x3b3b3aff,0x3c3c3dff,0x3e3e3eff,0x3f4040ff,0x414141ff,0x424343ff,0x444444ff,0x464546ff,0x474747ff,0x494848ff,0x4b4a4aff,0x4b4c4bff,0x4d4d4dff,0x4f4e4eff,0x505050ff,0x525152ff,0x535453ff,0x555554ff,
0x565656ff,0x585857ff,0x595a59ff,0x5b5c5bff,0x5d5d5cff,0x5e5e5eff,0x5f605fff,0x626161ff,0x636363ff,0x656565ff,0x666666ff,0x686868ff,0x6a6a6aff,0x6b6b6bff,0x6d6d6cff,0x6e6f6fff,0x717170ff,0x737272ff,0x747474ff,0x767576ff,0x787878ff,0x7a7979ff,
0x7c7c7bff,0x7d7d7dff,0x7e7f7fff,0x818181ff,0x838283ff,0x858484ff,0x878786ff,0x898988ff,0x8b8a8aff,0x8d8c8cff,0x8f8f8eff,0x919190ff,0x939393ff,0x959595ff,0x989797ff,0x9a9999ff,0x9c9b9bff,0x9e9e9dff,0xa0a09fff,0xa2a2a2ff,0xa4a4a4ff,0xa7a6a6ff,
0xa9a9a8ff,0xabababff,0xadaeacff,0xb0b0afff,0xb2b2b1ff,0xb4b4b3ff,0xb7b6b6ff,0xb9b9b7ff,0xbbbbbaff,0xbdbdbcff,0xbebfbeff,0xc1c1c0ff,0xc2c2c2ff,0xc5c4c4ff,0xc7c6c6ff,0xc8c8c7ff,0xcacac9ff,0xcbcbcaff,0xccccccff,0xcdcecdff,0xcececeff,0xcfcfcfff,
0xd0d0cfff,0xd1d1d0ff,0xd0d1d0ff,0xd0d0d0ff,0xd1d1d0ff,0xd1d0d0ff,0xd0d0cfff,0xcfd0cfff,0xcfcfceff,0xcdceccff,0xcccdcbff,0xcbcbcaff,0xcac9c8ff,0xc8c8c7ff,0xc7c6c5ff,0xc5c5c4ff,0xc3c3c2ff,0xc0c1c0ff,0xbfbfbeff,0xbcbdbcff,0xbbbbbaff,0xb8b9b8ff,
0xb7b7b6ff,0xb4b4b3ff,0xb2b2b1ff,0xb0b0afff,0xadaeadff,0xababaaff,0xa9a9a8ff,0xa7a6a6ff,0xa4a5a4ff,0xa2a3a2ff,0xa0a09fff,0x9d9d9dff,0x9b9b9bff,0x9a9a99ff,0x979797ff,0x959595ff,0x939393ff,0x919191ff,0x8f8f8eff,0x8d8d8dff,0x8b8b8aff,0x898988ff,
0x878786ff,0x858584ff,0x838383ff,0x818080ff,0x7f7f7eff,0x7d7e7dff,0x7c7b7bff,0x7a7a79ff,0x787877ff,0x767676ff,0x747473ff,0x727372ff,0x707170ff,0x6f6f6fff,0x6d6d6dff,0x6b6c6bff,0x6a6969ff,0x686867ff,0x676766ff,0x656564ff,0x636363ff,0x616261ff,
0x606060ff,0x5f5e5eff,0x5d5c5cff,0x5b5b5bff,0x595a59ff,0x585857ff,0x565656ff,0x555555ff,0x545453ff,0x525151ff,0x505050ff,0x4f4f4fff,0x4d4d4dff,0x4b4b4bff,0x4a4a4aff,0x484948ff,0x474747ff,0x454545ff,0x444444ff,0x424342ff,0x414141ff,0x3f3f40ff,
0x3e3e3eff,0x3c3d3cff,0x3b3b3bff,0x3a3939ff,0x383838ff,0x373736ff,0x353534ff,0x333334ff,0x333232ff,0x313130ff,0x2f2f2fff,0x2e2d2dff,0x2c2c2cff,0x2a2b2aff,0x292929ff,0x282828ff,0x272627ff,0x252425ff,0x242323ff,0x222222ff,0x202121ff,0x1f1f1fff,
0x1d1e1eff,0x1c1c1cff,0x1b1b1bff,0x1a1919ff,0x181817ff,0x161616ff,0x151414ff,0x131313ff,0x121212ff,0x111110ff,0xf0f0fff,0xd0d0dff,0xc0c0cff,0xb0b0aff,0x90909ff,0x80808ff,0x60606ff,0x50504ff,0x30303ff,0x20202ff,0xff,0x10000ff,
0xff,0x10101ff,0x30303ff,0x50404ff,0x60606ff,0x70807ff,0x90809ff,0xa0a0aff,0xb0c0cff,0xe0d0dff,0xf0f0fff,0x101010ff,0x121212ff,0x141313ff,0x141514ff,0x161616ff,0x171717ff,0x191918ff,0x1b1a1bff,0x1c1c1bff,0x1e1d1dff,0x1f1e1fff,
0x202020ff,0x222122ff,0x242323ff,0x242524ff,0x272626ff,0x282728ff,0x292929ff,0x2b2b2aff,0x2c2c2bff,0x2e2e2dff,0x2e2f2fff,0x313030ff,0x313132ff,0x333333ff,0x353535ff,0x363736ff,0x383838ff,0x393939ff,0x3b3b3aff,0x3c3c3cff,0x3e3e3eff,0x3f3f3fff,
0x414040ff,0x424242ff,0x444444ff,0x454545ff,0x474747ff,0x484848ff,0x494949ff,0x4b4b4bff,0x4d4d4cff,0x4f4f4eff,0x505050ff,0x525251ff,0x535353ff,0x545454ff,0x565656ff,0x585857ff,0x595958ff,0x5b5b5aff,0x5d5c5cff,0x5d5e5dff,0x605f5fff,0x626260ff,
0x626362ff,0x646464ff,0x666666ff,0x686867ff,0x696969ff,0x6b6a6bff,0x6d6d6cff,0x6e6e6eff,0x70706fff,0x717171ff,0x747474ff,0x757575ff,0x777776ff,0x797978ff,0x7b7b7aff,0x7d7c7cff,0x7e7e7dff,0x808080ff,0x828281ff,0x848483ff,0x868685ff,0x888887ff,
0x8a8a89ff,0x8c8c8cff,0x8e8e8eff,0x90908fff,0x929292ff,0x949493ff,0x979696ff,0x989898ff,0x9b9a9aff,0x9d9c9cff,0x9f9f9eff,0xa2a1a1ff,0xa4a3a3ff,0xa6a6a4ff,0xa7a7a7ff,0xaaaaa9ff,0xabacabff,0xaeaeaeff,0xb0b0afff,0xb2b2b2ff,0xb4b5b4ff,0xb6b6b6ff,
0xb9b8b8ff,0xbbbbbaff,0xbcbcbcff,0xbfbebdff,0xc0c0c0ff,0xc2c2c1ff,0xc4c4c3ff,0xc6c6c5ff,0xc7c7c6ff,0xc8c9c8ff,0xc9cac9ff,0xcacbcaff,0xcccccbff,0xcdccccff,0xcdceccff,0xcdcecdff,0xcececdff,0xcdcecdff,0xcececdff,0xcececcff,0xcdceccff,0xcccdccff,
0xcbcbcbff,0xcbcbcaff,0xcacac9ff,0xc8c8c8ff,0xc7c7c6ff,0xc6c6c5ff,0xc4c3c3ff,0xc2c2c1ff,0xc1c0bfff,0xbebebeff,0xbdbdbcff,0xbabbbaff,0xb9b9b8ff,0xb7b7b6ff,0xb4b5b4ff,0xb3b3b2ff,0xb0b0b0ff,0xafaeadff,0xacacabff,0xaaaaa9ff,0xa7a8a7ff,0xa5a5a5ff,
0xa3a3a2ff,0xa1a1a0ff,0x9f9f9fff,0x9d9d9cff,0x9b9b9aff,0x989898ff,0x969695ff,0x949493ff,0x929291ff,0x908f8fff,0x8e8e8eff,0x8c8c8bff,0x8a8a89ff,0x878888ff,0x868686ff,0x858484ff,0x828282ff,0x808080ff,0x7e7e7eff,0x7d7d7cff,0x7b7a7aff,0x797978ff,
0x777777ff,0x757575ff,0x737473ff,0x727271ff,0x707070ff,0x6e6f6eff,0x6d6c6cff,0x6b6b6bff,0x6a6969ff,0x686867ff,0x666666ff,0x646464ff,0x636362ff,0x616261ff,0x5f605fff,0x5e5d5dff,0x5d5c5cff,0x5b5a5aff,0x595a59ff,0x585858ff,0x565656ff,0x545554ff,
0x535353ff,0x515151ff,0x4f5050ff,0x4f4e4eff,0x4d4d4dff,0x4b4b4bff,0x4a494aff,0x484948ff,0x464747ff,0x464645ff,0x444444ff,0x424242ff,0x414140ff,0x3f3f3fff,0x3e3e3eff,0x3c3c3cff,0x3b3b3aff,0x393939ff,0x373837ff,0x373636ff,0x353535ff,0x343333ff,
0x323232ff,0x313130ff,0x2f2f2fff,0x2d2e2eff,0x2c2c2cff,0x2b2a2aff,0x292929ff,0x282827ff,0x262626ff,0x242525ff,0x232323ff,0x222221ff,0x212021ff,0x1f1f1eff,0x1d1d1dff,0x1c1c1bff,0x1b1a1aff,0x191919ff,0x171817ff,0x161615ff,0x151414ff,0x131313ff,
0x121111ff,0x101010ff,0xe0f0eff,0xd0d0eff,0xc0c0bff,0xa0b0aff,0x90909ff,0x70707ff,0x60606ff,0x50405ff,0x30303ff,0x10202ff,0xff,0xff,0xff,0x10201ff,0x30303ff,0x40404ff,0x50606ff,0x70807ff,0x90809ff,0xa0a0aff,
0xb0b0cff,0xd0d0dff,0xf0f0eff,0x101010ff,0x121112ff,0x121313ff,0x141414ff,0x161616ff,0x171717ff,0x191919ff,0x1a1a1aff,0x1c1b1cff,0x1d1d1dff,0x1f1f1fff,0x202020ff,0x212221ff,0x232223ff,0x242424ff,0x262626ff,0x282728ff,0x292929ff,0x2b2a2aff,
0x2c2c2cff,0x2d2e2dff,0x2f2f2eff,0x313030ff,0x323131ff,0x333333ff,0x353534ff,0x363636ff,0x373737ff,0x393939ff,0x3a3a3aff,0x3c3c3cff,0x3e3e3eff,0x3f3f3eff,0x404040ff,0x424142ff,0x434443ff,0x454545ff,0x464746ff,0x484848ff,0x494949ff,0x4b4b4bff,
0x4d4c4cff,0x4e4e4dff,0x504f4fff,0x515151ff,0x535352ff,0x545454ff,0x565555ff,0x585857ff,0x595959ff,0x5a5b5aff,0x5c5c5cff,0x5d5e5dff,0x5f605fff,0x616160ff,0x626262ff,0x646463ff,0x666665ff,0x676767ff,0x696968ff,0x6a6a6aff,0x6c6c6bff,0x6e6e6dff,
0x6f706fff,0x717171ff,0x737373ff,0x757574ff,0x767676ff,0x797978ff,0x7a7a7aff,0x7c7c7bff,0x7e7e7dff,0x7f7f7fff,0x818181ff,0x838483ff,0x868584ff,0x888787ff,0x898988ff,0x8b8b8bff,0x8d8d8cff,0x8f8f8eff,0x919190ff,0x939393ff,0x959594ff,0x979897ff,
0x999a99ff,0x9c9b9bff,0x9e9e9dff,0x9f9f9fff,0xa2a2a2ff,0xa4a4a4ff,0xa6a6a5ff,0xa8a8a8ff,0xabaaaaff,0xadadacff,0xafaeaeff,0xb0b1b0ff,0xb3b2b2ff,0xb5b5b4ff,0xb6b7b6ff,0xb9b8b8ff,0xbbbbbaff,0xbcbcbbff,0xbebebeff,0xc0c0bfff,0xc1c2c1ff,0xc3c3c2ff,
0xc5c5c3ff,0xc5c6c5ff,0xc7c7c6ff,0xc9c8c7ff,0xc9c9c8ff,0xcacac9ff,0xcacbc9ff,0xcbcacaff,0xcbcbcaff,0xcbcbcaff,0xcbcbcaff,0xcacacaff,0xcbcacaff,0xcacac9ff,0xc9c9c8ff,0xc8c9c7ff,0xc7c7c6ff,0xc6c5c5ff,0xc4c4c4ff,0xc3c3c2ff,0xc1c1c1ff,0xc0c0c0ff,
0xbebebeff,0xbcbcbcff,0xbababaff,0xb9b9b8ff,0xb7b7b6ff,0xb5b5b4ff,0xb3b3b2ff,0xb1b1b0ff,0xaeaeaeff,0xadadabff,0xaaaaaaff,0xa8a8a7ff,0xa6a6a5ff,0xa4a4a3ff,0xa2a2a2ff,0xa0a09fff,0x9e9d9cff,0x9b9c9bff,0x9a9999ff,0x979797ff,0x959594ff,0x939392ff,
0x919191ff,0x8f8f8eff,0x8d8e8cff,0x8b8b8bff,0x898989ff,0x878786ff,0x868584ff,0x838383ff,0x818180ff,0x807f7fff,0x7d7e7eff,0x7c7c7bff,0x7a7a7aff,0x797878ff,0x777676ff,0x757575ff,0x737373ff,0x717171ff,0x70706fff,0x6d6e6dff,0x6c6c6cff,0x6a6b6aff,
0x686869ff,0x676767ff,0x666565ff,0x646463ff,0x626262ff,0x616160ff,0x5f5f5eff,0x5e5d5eff,0x5c5c5bff,0x5b5b5aff,0x595959ff,0x585757ff,0x565655ff,0x545454ff,0x525352ff,0x515151ff,0x4f4f4fff,0x4e4e4dff,0x4c4c4cff,0x4b4b4bff,0x49494aff,0x484848ff,
0x474746ff,0x454544ff,0x434443ff,0x424242ff,0x414040ff,0x3f3f3fff,0x3e3d3dff,0x3c3c3cff,0x3b3a3aff,0x393939ff,0x373838ff,0x373636ff,0x343534ff,0x333333ff,0x313231ff,0x303030ff,0x2f2f2eff,0x2d2e2dff,0x2c2c2cff,0x2a2a2aff,0x292829ff,0x282827ff,
0x262625ff,0x252424ff,0x232322ff,0x212122ff,0x202020ff,0x1e1f1eff,0x1d1d1dff,0x1c1b1bff,0x1a1a1aff,0x191918ff,0x181817ff,0x151616ff,0x141415ff,0x131312ff,0x121211ff,0x101010ff,0xe0e0fff,0xd0d0dff,0xb0b0cff,0xa0a0aff,0x80809ff,0x70707ff,
0x50606ff,0x40504ff,0x30302ff,0x10201ff,0xff,0x10000ff,0xff,0x10101ff,0x30203ff,0x40405ff,0x50505ff,0x70707ff,0x90808ff,0xa0a0aff,0xc0b0cff,0xd0d0dff,0xe0e0eff,0xf100fff,0x121211ff,0x131312ff,0x141514ff,0x161615ff,
0x171717ff,0x191819ff,0x1a191aff,0x1b1b1bff,0x1d1d1cff,0x1e1e1eff,0x201f1fff,0x212121ff,0x222323ff,0x242424ff,0x262526ff,0x272727ff,0x292929ff,0x2a2a2aff,0x2c2c2bff,0x2d2c2dff,0x2f2e2eff,0x2f302fff,0x313132ff,0x323232ff,0x343434ff,0x363536ff,
0x373837ff,0x393838ff,0x3a3a3aff,0x3c3c3bff,0x3d3d3dff,0x3f3e3fff,0x404040ff,0x424241ff,0x434343ff,0x454544ff,0x464646ff,0x484748ff,0x494949ff,0x4a4b4bff,0x4c4c4cff,0x4d4d4dff,0x4f4f4fff,0x515150ff,0x525252ff,0x545453ff,0x555655ff,0x575657ff,
0x585958ff,0x5a5a59ff,0x5c5c5bff,0x5d5d5dff,0x5f5e5eff,0x606060ff,0x626262ff,0x646363ff,0x656564ff,0x676766ff,0x686868ff,0x6a6a69ff,0x6c6b6bff,0x6d6d6dff,0x6f6f6fff,0x717170ff,0x727272ff,0x747473ff,0x767675ff,0x777877ff,0x7a7979ff,0x7b7b7aff,
0x7d7d7dff,0x7f7f7fff,0x808180ff,0x838382ff,0x858483ff,0x878686ff,0x888888ff,0x8a8a89ff,0x8c8c8bff,0x8e8e8eff,0x90908fff,0x929291ff,0x949493ff,0x969695ff,0x989898ff,0x9b9b9aff,0x9c9d9bff,0x9f9e9eff,0xa0a0a0ff,0xa2a3a2ff,0xa4a5a4ff,0xa7a7a6ff,
0xa9a8a8ff,0xababaaff,0xacacacff,0xafafaeff,0xb1b1b0ff,0xb3b3b2ff,0xb5b5b4ff,0xb6b6b6ff,0xb9b9b8ff,0xbbbabaff,0xbcbcbbff,0xbdbdbdff,0xbfbfbeff,0xc1c0c0ff,0xc2c2c1ff,0xc3c3c2ff,0xc4c4c4ff,0xc5c5c5ff,0xc6c6c6ff,0xc6c7c6ff,0xc7c8c6ff,0xc8c8c7ff,
0xc8c8c8ff,0xc8c8c7ff,0xc8c8c7ff,0xc8c8c7ff,0xc8c7c7ff,0xc7c7c6ff,0xc6c6c5ff,0xc5c6c5ff,0xc5c4c3ff,0xc4c3c3ff,0xc2c2c1ff,0xc0c1c0ff,0xbfbfbeff,0xbdbdbdff,0xbcbcbcff,0xbbbab9ff,0xb9b9b8ff,0xb7b7b6ff,0xb4b5b4ff,0xb3b3b2ff,0xb1b1b0ff,0xafafaeff,
0xadadacff,0xababaaff,0xa9a9a8ff,0xa6a6a6ff,0xa5a5a4ff,0xa3a3a2ff,0xa1a1a0ff,0x9e9e9eff,0x9c9c9cff,0x9b9a9aff,0x989998ff,0x979696ff,0x949493ff,0x929291ff,0x909090ff,0x8e8e8dff,0x8d8c8cff,0x8a8a8aff,0x888887ff,0x868686ff,0x848584ff,0x838382ff,
0x818080ff,0x7f7f7eff,0x7d7d7dff,0x7b7b7bff,0x797a79ff,0x787877ff,0x767675ff,0x747474ff,0x737372ff,0x707170ff,0x6f6f6fff,0x6d6e6dff,0x6c6c6bff,0x6a6a6aff,0x686868ff,0x676766ff,0x666564ff,0x636363ff,0x616261ff,0x606060ff,0x5e5f5fff,0x5d5d5dff,
0x5b5b5bff,0x5a595aff,0x585858ff,0x575756ff,0x555555ff,0x545453ff,0x535352ff,0x505050ff,0x4f4f4fff,0x4e4e4dff,0x4c4c4cff,0x4a4a4aff,0x494949ff,0x474847ff,0x474646ff,0x444544ff,0x444343ff,0x414141ff,0x404040ff,0x3f3f3eff,0x3d3e3dff,0x3b3b3bff,
0x3a3a3aff,0x393938ff,0x383737ff,0x353535ff,0x343434ff,0x333333ff,0x313231ff,0x303030ff,0x2f2f2fff,0x2d2d2dff,0x2b2c2bff,0x2a2a2aff,0x282829ff,0x272727ff,0x252626ff,0x242424ff,0x232322ff,0x222122ff,0x202020ff,0x1f1f1eff,0x1d1d1dff,0x1b1c1bff,
0x1a1a1aff,0x181919ff,0x171717ff,0x161615ff,0x141414ff,0x131312ff,0x121111ff,0x100f0fff,0xe0f0eff,0xd0d0cff,0xb0b0bff,0xa0a0aff,0x80809ff,0x70707ff,0x60505ff,0x40404ff,0x30202ff,0x10201ff,0xff,0xff,0xff,0x10101ff,
0x30203ff,0x40404ff,0x60505ff,0x70607ff,0x90808ff,0x90a0aff,0xb0b0bff,0xd0d0dff,0xe0e0eff,0xf100fff,0x111111ff,0x121312ff,0x141414ff,0x151516ff,0x171717ff,0x181818ff,0x191a1aff,0x1b1b1bff,0x1d1c1cff,0x1e1e1eff,0x1f1f1fff,0x212121ff,
0x222322ff,0x242423ff,0x262526ff,0x272727ff,0x282828ff,0x2a2929ff,0x2b2b2bff,0x2c2c2cff,0x2e2e2eff,0x2f3030ff,0x313131ff,0x323232ff,0x343434ff,0x363635ff,0x373736ff,0x393939ff,0x3a3a39ff,0x3b3b3bff,0x3d3c3cff,0x3e3e3eff,0x403f40ff,0x424241ff,
0x434343ff,0x444444ff,0x464546ff,0x474847ff,0x484948ff,0x4b4a4aff,0x4c4c4bff,0x4e4e4dff,0x4f4e4eff,0x505050ff,0x525251ff,0x535353ff,0x555554ff,0x575656ff,0x585858ff,0x5a5a59ff,0x5b5b5bff,0x5c5d5dff,0x5e5e5eff,0x606060ff,0x616260ff,0x636362ff,
0x646465ff,0x666666ff,0x686768ff,0x696969ff,0x6b6b6bff,0x6d6d6cff,0x6e6e6eff,0x707070ff,0x717271ff,0x737373ff,0x757575ff,0x777676ff,0x787979ff,0x7b7a7aff,0x7c7d7bff,0x7e7e7eff,0x7f807fff,0x828281ff,0x838383ff,0x858585ff,0x878887ff,0x898a89ff,
0x8b8b8bff,0x8d8d8dff,0x8f8f8fff,0x919190ff,0x939392ff,0x959594ff,0x979796ff,0x999998ff,0x9b9b9bff,0x9d9d9cff,0x9f9f9eff,0xa1a1a1ff,0xa3a3a3ff,0xa5a5a4ff,0xa8a7a7ff,0xa9a9a8ff,0xababaaff,0xadadacff,0xafafafff,0xb1b1b0ff,0xb3b3b2ff,0xb5b5b4ff,
0xb6b7b6ff,0xb8b8b8ff,0xb9bab9ff,0xbbbcbbff,0xbdbdbcff,0xbebebeff,0xc0bfbeff,0xc0c1c0ff,0xc1c1c1ff,0xc3c2c1ff,0xc4c3c2ff,0xc4c4c3ff,0xc5c5c4ff,0xc4c5c4ff,0xc6c5c4ff,0xc5c5c4ff,0xc5c5c4ff,0xc5c5c4ff,0xc4c4c4ff,0xc4c4c3ff,0xc3c3c3ff,0xc3c3c1ff,
0xc2c1c1ff,0xc1c0bfff,0xbfc0beff,0xbebebdff,0xbdbdbcff,0xbbbbbbff,0xb9b9b9ff,0xb8b8b7ff,0xb6b6b6ff,0xb5b4b4ff,0xb2b3b2ff,0xb1b1b0ff,0xafb0afff,0xaeadadff,0xababaaff,0xa9a9a8ff,0xa7a7a7ff,0xa5a5a5ff,0xa3a3a3ff,0xa1a1a0ff,0x9f9f9fff,0x9d9d9cff,
0x9b9b9bff,0x999a99ff,0x979797ff,0x959594ff,0x929392ff,0x919190ff,0x8f8f8eff,0x8d8d8cff,0x8b8b8aff,0x898989ff,0x888787ff,0x858585ff,0x838483ff,0x818282ff,0x807f7fff,0x7e7e7dff,0x7c7c7cff,0x7a7a7aff,0x787878ff,0x777776ff,0x757574ff,0x737373ff,
0x727271ff,0x70706fff,0x6e6f6eff,0x6c6d6dff,0x6b6b6aff,0x696969ff,0x686768ff,0x666666ff,0x656464ff,0x636363ff,0x616261ff,0x60605fff,0x5f5f5eff,0x5c5c5cff,0x5b5b5aff,0x5a5959ff,0x585858ff,0x565756ff,0x555455ff,0x535353ff,0x525252ff,0x505151ff,
0x4f4f4fff,0x4d4d4dff,0x4c4c4cff,0x4b4a4aff,0x494948ff,0x484747ff,0x464646ff,0x444443ff,0x424342ff,0x414141ff,0x404040ff,0x3f3f3eff,0x3c3d3dff,0x3c3c3bff,0x3a3a3aff,0x383838ff,0x373636ff,0x353535ff,0x343434ff,0x323333ff,0x313131ff,0x302f2fff,
0x2e2e2eff,0x2d2c2dff,0x2b2b2bff,0x29292aff,0x282828ff,0x272726ff,0x262525ff,0x242424ff,0x222222ff,0x212121ff,0x1f1f20ff,0x1e1e1eff,0x1c1c1cff,0x1b1b1bff,0x1a1919ff,0x181818ff,0x161717ff,0x151515ff,0x141414ff,0x131312ff,0x111110ff,0xf0f0fff,
0xe0e0eff,0xd0c0cff,0xb0b0bff,0x90a09ff,0x80808ff,0x60706ff,0x50506ff,0x40404ff,0x20202ff,0x101ff,0xff,0xff,0xff,0x10100ff,0x20202ff,0x40403ff,0x50505ff,0x60706ff,0x80808ff,0x9090aff,0xb0b0bff,0xc0d0dff,
0xe0e0eff,0xf100fff,0x111011ff,0x121212ff,0x141413ff,0x151515ff,0x171617ff,0x181818ff,0x19191aff,0x1b1b1aff,0x1c1d1cff,0x1e1e1eff,0x201f1fff,0x212021ff,0x222222ff,0x242423ff,0x252525ff,0x272726ff,0x282728ff,0x2a2a29ff,0x2b2b2bff,0x2c2c2cff,
0x2d2d2eff,0x2f2f2fff,0x313130ff,0x323232ff,0x343434ff,0x353635ff,0x373636ff,0x383838ff,0x3a3939ff,0x3b3b3aff,0x3c3d3dff,0x3d3e3eff,0x3f403fff,0x404141ff,0x434342ff,0x444444ff,0x464545ff,0x474746ff,0x484848ff,0x4a4a4aff,0x4b4b4bff,0x4d4c4dff,
0x4f4e4eff,0x504f4fff,0x525251ff,0x535353ff,0x545554ff,0x565655ff,0x575857ff,0x595959ff,0x5b5a5bff,0x5c5c5cff,0x5e5e5dff,0x60605fff,0x606161ff,0x626362ff,0x646464ff,0x666566ff,0x686766ff,0x696968ff,0x6a6b6aff,0x6c6c6cff,0x6e6e6eff,0x6f6f6fff,
0x717170ff,0x737373ff,0x747474ff,0x777676ff,0x787878ff,0x797979ff,0x7c7c7bff,0x7e7d7cff,0x7f7f7fff,0x818180ff,0x828282ff,0x848584ff,0x868786ff,0x888888ff,0x8a8a8aff,0x8c8c8bff,0x8e8e8dff,0x909090ff,0x929291ff,0x939493ff,0x969695ff,0x989797ff,
0x9a9a99ff,0x9b9b9bff,0x9e9d9dff,0x9f9f9fff,0xa2a1a1ff,0xa3a4a3ff,0xa5a6a5ff,0xa8a8a7ff,0xa9a9a8ff,0xabacabff,0xadadacff,0xafafafff,0xb1b1b0ff,0xb2b3b2ff,0xb4b4b3ff,0xb6b6b5ff,0xb7b8b7ff,0xb9b9b8ff,0xbabbb9ff,0xbcbbbaff,0xbdbdbcff,0xbebebdff,
0xbfbebeff,0xbfbfbfff,0xc1c1c0ff,0xc1c2c1ff,0xc1c1c1ff,0xc2c2c1ff,0xc2c2c2ff,0xc2c2c2ff,0xc2c2c2ff,0xc1c1c1ff,0xc1c2c1ff,0xc1c1c1ff,0xc1c0c0ff,0xc0bfbfff,0xbfbebeff,0xbebebdff,0xbcbdbcff,0xbbbcbbff,0xbbbabaff,0xb8b9b9ff,0xb7b8b7ff,0xb5b6b5ff,
0xb4b4b3ff,0xb2b2b2ff,0xb1b1b0ff,0xafafafff,0xadadadff,0xacabaaff,0xa9aaa8ff,0xa7a7a6ff,0xa6a6a5ff,0xa3a3a3ff,0xa2a2a1ff,0xa0a09fff,0x9d9e9dff,0x9b9c9bff,0x9a9a99ff,0x989797ff,0x959695ff,0x949493ff,0x919292ff,0x90908fff,0x8e8e8eff,0x8c8c8cff,
0x8a8b89ff,0x888988ff,0x868686ff,0x858484ff,0x838282ff,0x808180ff,0x7f7f7eff,0x7d7d7cff,0x7b7c7bff,0x7a797aff,0x787878ff,0x777676ff,0x757574ff,0x737373ff,0x717171ff,0x6f706fff,0x6d6e6eff,0x6c6c6cff,0x6a6a6aff,0x696968ff,0x676767ff,0x666566ff,
0x646464ff,0x636262ff,0x616161ff,0x605f5fff,0x5e5e5dff,0x5c5c5cff,0x5a5b5aff,0x595958ff,0x585857ff,0x555655ff,0x555554ff,0x535353ff,0x515151ff,0x50504fff,0x4f4e4fff,0x4c4d4cff,0x4c4c4bff,0x4a4a49ff,0x484848ff,0x474746ff,0x454645ff,0x444444ff,
0x434342ff,0x414140ff,0x403f3fff,0x3e3e3dff,0x3d3d3dff,0x3c3b3bff,0x3a3939ff,0x383838ff,0x373636ff,0x353535ff,0x343334ff,0x323232ff,0x313030ff,0x2f2f2fff,0x2e2e2dff,0x2d2c2cff,0x2b2b2bff,0x2a2929ff,0x282828ff,0x262726ff,0x252525ff,0x232423ff,
0x222222ff,0x212120ff,0x1f1f1fff,0x1d1e1eff,0x1c1c1dff,0x1a1a1bff,0x19191aff,0x181818ff,0x171617ff,0x151515ff,0x131314ff,0x121212ff,0x101011ff,0xf0f0fff,0xe0e0eff,0xd0c0dff,0xa0b0bff,0x90909ff,0x80807ff,0x70607ff,0x50506ff,0x40404ff,
0x20202ff,0x10101ff,0xff,0xff,0xff,0x101ff,0x20202ff,0x30303ff,0x50405ff,0x60606ff,0x80808ff,0xa0a09ff,0xb0b0bff,0xc0c0cff,0xe0e0dff,0xf0f0fff,0x111110ff,0x121211ff,0x131413ff,0x151515ff,0x161616ff,0x181718ff,
0x191919ff,0x1a1b1aff,0x1c1c1cff,0x1e1e1dff,0x1f1f1fff,0x212120ff,0x212122ff,0x232323ff,0x242424ff,0x262626ff,0x282728ff,0x2a2929ff,0x2a2b2aff,0x2c2c2cff,0x2e2d2dff,0x2f2f2fff,0x303030ff,0x323232ff,0x343433ff,0x353534ff,0x373636ff,0x373837ff,
0x393a39ff,0x3a3b3aff,0x3c3c3cff,0x3e3d3dff,0x3f3f3fff,0x414040ff,0x424241ff,0x434343ff,0x454544ff,0x474746ff,0x484848ff,0x494a49ff,0x4b4b4aff,0x4c4d4cff,0x4e4e4eff,0x4f504fff,0x515151ff,0x535352ff,0x545454ff,0x565655ff,0x575757ff,0x595858ff,
0x5a5a5aff,0x5c5c5bff,0x5d5e5cff,0x5f5f5eff,0x606060ff,0x626261ff,0x636363ff,0x656565ff,0x676766ff,0x686868ff,0x6a6a6aff,0x6b6b6bff,0x6d6d6dff,0x6f6e6fff,0x717070ff,0x727272ff,0x747373ff,0x767575ff,0x777776ff,0x787978ff,0x7b7a7aff,0x7c7c7cff,
0x7e7e7eff,0x7f8080ff,0x818181ff,0x848383ff,0x858585ff,0x888786ff,0x898989ff,0x8b8b8bff,0x8d8d8dff,0x8f8f8eff,0x919190ff,0x939292ff,0x959594ff,0x969696ff,0x989998ff,0x9a9b9aff,0x9d9d9cff,0x9e9e9eff,0xa0a0a0ff,0xa2a2a1ff,0xa3a4a3ff,0xa6a6a5ff,
0xa7a8a7ff,0xa9a9a8ff,0xababaaff,0xadadadff,0xafafaeff,0xb0b1afff,0xb2b2b1ff,0xb3b4b3ff,0xb5b5b4ff,0xb7b7b6ff,0xb8b8b7ff,0xb9b9b8ff,0xbababaff,0xbbbbbbff,0xbcbcbcff,0xbdbdbdff,0xbebdbdff,0xbebfbdff,0xbebebeff,0xbfbfbfff,0xc0c0beff,0xbfbfbfff,
0xbfbfbfff,0xbfbfbeff,0xbebfbeff,0xbebebdff,0xbebebdff,0xbdbdbcff,0xbcbcbbff,0xbbbbbbff,0xbababaff,0xb9b9b8ff,0xb7b8b7ff,0xb7b7b6ff,0xb5b5b4ff,0xb3b3b3ff,0xb2b2b1ff,0xb1b0b0ff,0xafaeaeff,0xadadacff,0xababaaff,0xaaa9a9ff,0xa8a8a7ff,0xa5a6a5ff,
0xa4a4a3ff,0xa2a1a2ff,0xa0a09fff,0x9e9e9eff,0x9c9c9bff,0x9a9a99ff,0x989898ff,0x969796ff,0x959494ff,0x939392ff,0x919090ff,0x8e8f8eff,0x8d8c8dff,0x8b8b8aff,0x898989ff,0x878787ff,0x868685ff,0x848383ff,0x828282ff,0x808080ff,0x7e7e7dff,0x7d7c7cff,
0x7b7a7aff,0x797978ff,0x777777ff,0x757675ff,0x747473ff,0x727272ff,0x717070ff,0x6f6f6fff,0x6d6d6dff,0x6b6c6bff,0x6a6a6aff,0x696868ff,0x666667ff,0x656564ff,0x636363ff,0x626162ff,0x606160ff,0x5e5f5fff,0x5d5d5cff,0x5c5b5bff,0x5a5a59ff,0x595858ff,
0x575756ff,0x555555ff,0x545454ff,0x535352ff,0x515151ff,0x4f4f4fff,0x4e4e4eff,0x4c4d4dff,0x4b4b4aff,0x4a4949ff,0x484748ff,0x464746ff,0x454545ff,0x444443ff,0x424242ff,0x414140ff,0x3f3f3fff,0x3e3e3dff,0x3c3c3cff,0x3b3b3aff,0x393a39ff,0x383838ff,
0x363636ff,0x353534ff,0x343333ff,0x323231ff,0x303031ff,0x2f2f2fff,0x2d2e2dff,0x2c2c2bff,0x2b2b2bff,0x292929ff,0x282828ff,0x262726ff,0x252525ff,0x242323ff,0x222222ff,0x202120ff,0x1f1f1fff,0x1e1e1eff,0x1c1c1cff,0x1b1b1aff,0x191919ff,0x181818ff,
0x161616ff,0x151515ff,0x141413ff,0x121212ff,0x111010ff,0xf0f0fff,0xd0d0dff,0xc0c0cff,0xa0b0aff,0xa090aff,0x80808ff,0x60606ff,0x50505ff,0x40303ff,0x20202ff,0x100ff,0xff,0xff,0xff,0xff,0x20202ff,0x30403ff,
0x50405ff,0x60706ff,0x70707ff,0x90909ff,0xa0a0aff,0xc0c0cff,0xd0e0dff,0xf0f0fff,0x101010ff,0x121112ff,0x131313ff,0x151414ff,0x161616ff,0x171718ff,0x191819ff,0x1a1b1aff,0x1c1c1bff,0x1d1d1dff,0x1e1e1eff,0x202020ff,0x212121ff,0x232323ff,
0x242424ff,0x262626ff,0x282727ff,0x292929ff,0x2b2a2aff,0x2c2c2cff,0x2e2d2dff,0x2e2e2eff,0x303030ff,0x323231ff,0x333333ff,0x353535ff,0x363536ff,0x373737ff,0x393939ff,0x3a3a3aff,0x3b3c3bff,0x3d3d3dff,0x3e3f3fff,0x404040ff,0x414241ff,0x434343ff,
0x454444ff,0x464646ff,0x474847ff,0x494949ff,0x4b4a4aff,0x4c4c4cff,0x4e4d4eff,0x4f4f4fff,0x505050ff,0x525252ff,0x545353ff,0x555555ff,0x565756ff,0x585858ff,0x5a5a5aff,0x5b5b5bff,0x5c5c5cff,0x5e5e5eff,0x60605fff,0x616261ff,0x636262ff,0x656564ff,
0x666665ff,0x686868ff,0x696968ff,0x6b6a6bff,0x6c6d6cff,0x6e6e6eff,0x70706fff,0x727271ff,0x737372ff,0x747474ff,0x777676ff,0x787878ff,0x7a7a79ff,0x7c7b7bff,0x7e7e7dff,0x7e7f7fff,0x808180ff,0x838282ff,0x848584ff,0x868686ff,0x888887ff,0x8a8a8aff,
0x8b8c8bff,0x8e8d8dff,0x8f8f8fff,0x919190ff,0x939393ff,0x959594ff,0x979796ff,0x999998ff,0x9a9a9aff,0x9c9d9cff,0x9e9e9eff,0xa0a1a0ff,0xa2a2a2ff,0xa4a4a3ff,0xa5a5a5ff,0xa7a8a7ff,0xa9a9a8ff,0xababaaff,0xadacacff,0xaeaeaeff,0xb0b0afff,0xb2b2b0ff,
0xb2b3b2ff,0xb4b4b3ff,0xb5b5b4ff,0xb6b7b6ff,0xb8b8b7ff,0xb9b9b8ff,0xb9bab8ff,0xbabab9ff,0xbbbbbbff,0xbcbcbbff,0xbcbcbcff,0xbcbdbcff,0xbcbcbbff,0xbdbcbcff,0xbcbcbcff,0xbcbdbcff,0xbcbbbbff,0xbcbcbbff,0xbbbbbaff,0xbabab9ff,0xbabab9ff,0xb9b8b7ff,
0xb8b8b7ff,0xb7b6b6ff,0xb5b5b5ff,0xb4b4b3ff,0xb2b3b2ff,0xb1b2b0ff,0xb0afafff,0xaeaeadff,0xadadacff,0xababaaff,0xa9a9a8ff,0xa8a7a7ff,0xa5a6a5ff,0xa3a4a3ff,0xa2a2a2ff,0xa1a0a0ff,0x9e9e9eff,0x9d9d9cff,0x9b9b9aff,0x999998ff,0x969796ff,0x959595ff,
0x939392ff,0x919190ff,0x90908fff,0x8e8d8dff,0x8c8b8bff,0x8a8a8aff,0x888887ff,0x878686ff,0x848484ff,0x828382ff,0x818181ff,0x7f7f7eff,0x7d7d7cff,0x7b7c7bff,0x7a7a79ff,0x787877ff,0x777676ff,0x757474ff,0x737373ff,0x717271ff,0x706f6fff,0x6e6e6dff,
0x6c6d6cff,0x6b6b6bff,0x696968ff,0x686867ff,0x666665ff,0x646564ff,0x626363ff,0x626161ff,0x5f605fff,0x5e5e5eff,0x5d5d5dff,0x5b5b5bff,0x595a59ff,0x585957ff,0x575756ff,0x555555ff,0x535353ff,0x525252ff,0x505050ff,0x4f4f4eff,0x4e4d4eff,0x4d4c4bff,
0x4a4b4aff,0x494948ff,0x484747ff,0x464646ff,0x444545ff,0x434343ff,0x414142ff,0x404040ff,0x3f3f3eff,0x3e3d3dff,0x3c3c3cff,0x3a3a3aff,0x383838ff,0x373737ff,0x363636ff,0x353434ff,0x333333ff,0x323131ff,0x303030ff,0x2f2e2eff,0x2d2d2cff,0x2c2b2bff,
0x2a2a2aff,0x292929ff,0x282727ff,0x262626ff,0x252425ff,0x232323ff,0x212222ff,0x202020ff,0x1f1f1eff,0x1e1d1dff,0x1c1c1cff,0x1a1a1aff,0x191819ff,0x171717ff,0x161616ff,0x141415ff,0x131313ff,0x111211ff,0x101010ff,0xe0f0fff,0xd0e0dff,0xc0c0bff,
0xa0a0aff,0x90908ff,0x70708ff,0x60606ff,0x50404ff,0x30303ff,0x20202ff,0x10000ff,0xff,0xff,0x1ff,0xff,0x10101ff,0x30303ff,0x40405ff,0x50506ff,0x70807ff,0x90909ff,0xa0a0aff,0xc0b0cff,0xd0d0dff,0xe0f0eff,
0x100f10ff,0x121112ff,0x121212ff,0x141514ff,0x161615ff,0x181717ff,0x181818ff,0x1a1a1aff,0x1b1b1bff,0x1d1d1dff,0x1e1e1eff,0x202020ff,0x212121ff,0x232223ff,0x242424ff,0x262626ff,0x272727ff,0x282828ff,0x2a2a29ff,0x2b2b2bff,0x2d2d2dff,0x2e2e2eff,
0x302f30ff,0x313231ff,0x333332ff,0x343433ff,0x353636ff,0x373736ff,0x383838ff,0x3a3a3aff,0x3b3c3bff,0x3d3d3cff,0x3f3f3eff,0x404040ff,0x414141ff,0x434342ff,0x444444ff,0x454645ff,0x484747ff,0x494948ff,0x4a4a49ff,0x4b4b4bff,0x4d4d4dff,0x4e4f4eff,
0x50504fff,0x515152ff,0x535352ff,0x545554ff,0x565656ff,0x575857ff,0x595958ff,0x5b5a5aff,0x5c5c5bff,0x5d5d5dff,0x605f5fff,0x616060ff,0x626262ff,0x646463ff,0x656565ff,0x676766ff,0x686968ff,0x6a6a6aff,0x6c6b6cff,0x6d6e6dff,0x6f6f6eff,0x717070ff,
0x727371ff,0x737473ff,0x767575ff,0x787776ff,0x797978ff,0x7b7b7aff,0x7d7c7cff,0x7e7e7eff,0x7f807fff,0x818181ff,0x848383ff,0x868585ff,0x878786ff,0x898888ff,0x8a8b8aff,0x8c8d8bff,0x8e8e8dff,0x8f908fff,0x929291ff,0x949393ff,0x959595ff,0x979797ff,
0x999999ff,0x9b9b9bff,0x9c9c9cff,0x9e9f9eff,0xa0a0a0ff,0xa2a2a1ff,0xa4a4a4ff,0xa6a6a5ff,0xa7a7a7ff,0xa9a9a8ff,0xaaaba9ff,0xacacacff,0xaeaeadff,0xafafaeff,0xb0b1b0ff,0xb2b1b1ff,0xb3b3b2ff,0xb4b4b3ff,0xb5b5b4ff,0xb6b6b5ff,0xb7b7b6ff,0xb8b8b7ff,
0xb8b9b7ff,0xb9b8b8ff,0xb9b9b8ff,0xb9bab9ff,0xbabab8ff,0xbabab9ff,0xbab9b9ff,0xbabab9ff,0xb9b9b9ff,0xb8b9b8ff,0xb8b8b7ff,0xb7b7b7ff,0xb7b6b6ff,0xb6b6b5ff,0xb5b5b5ff,0xb4b4b3ff,0xb3b3b2ff,0xb2b2b1ff,0xb1b0afff,0xafafafff,0xadadadff,0xacacabff,
0xababaaff,0xa9a8a8ff,0xa7a7a7ff,0xa5a6a5ff,0xa4a3a3ff,0xa2a2a2ff,0xa0a1a0ff,0x9e9e9eff,0x9d9d9cff,0x9a9b9aff,0x9a9999ff,0x979797ff,0x959595ff,0x939493ff,0x919291ff,0x90908fff,0x8e8e8eff,0x8c8d8cff,0x8b8b8aff,0x888888ff,0x878786ff,0x858584ff,
0x838383ff,0x828281ff,0x807f7fff,0x7f7e7eff,0x7d7c7cff,0x7a7a7aff,0x797979ff,0x787777ff,0x757575ff,0x747473ff,0x727272ff,0x717070ff,0x6f6f6fff,0x6e6e6dff,0x6c6c6bff,0x6a6a6aff,0x696968ff,0x676766ff,0x656565ff,0x646464ff,0x636262ff,0x616160ff,
0x5f5f5eff,0x5e5e5dff,0x5c5d5bff,0x5a5b5bff,0x595959ff,0x575757ff,0x565656ff,0x545454ff,0x535353ff,0x525151ff,0x505050ff,0x4f4e4eff,0x4d4d4dff,0x4c4c4cff,0x4b4a49ff,0x494848ff,0x474747ff,0x454545ff,0x454444ff,0x434343ff,0x414241ff,0x404040ff,
0x3e3f3eff,0x3d3d3dff,0x3b3c3bff,0x3a3a3aff,0x383938ff,0x373736ff,0x353635ff,0x343434ff,0x323233ff,0x323131ff,0x303030ff,0x2f2e2eff,0x2d2d2cff,0x2b2b2bff,0x2a2a2aff,0x292829ff,0x272727ff,0x262625ff,0x242424ff,0x222222ff,0x222221ff,0x1f201fff,
0x1f1e1fff,0x1d1d1dff,0x1c1c1cff,0x1a1a1aff,0x181919ff,0x171717ff,0x151615ff,0x151414ff,0x131313ff,0x111212ff,0x10100fff,0xe0e0eff,0xd0d0dff,0xb0c0bff,0xa0a0bff,0x90908ff,0x70707ff,0x60606ff,0x50404ff,0x30302ff,0x10202ff,0x1ff,
0xff,0xff,0x1ff,0xff,0x10101ff,0x20302ff,0x40404ff,0x60505ff,0x70707ff,0x80808ff,0xa0a0aff,0xb0b0bff,0xd0c0cff,0xf0e0eff,0xf1010ff,0x111111ff,0x121213ff,0x141414ff,0x161616ff,0x171716ff,0x181818ff,0x1a1a19ff,
0x1b1b1bff,0x1d1d1cff,0x1e1e1eff,0x1f1f1fff,0x212021ff,0x232222ff,0x242424ff,0x262525ff,0x272727ff,0x282828ff,0x292929ff,0x2b2b2bff,0x2c2d2cff,0x2e2e2eff,0x2f2f2fff,0x303131ff,0x323232ff,0x343334ff,0x353534ff,0x363736ff,0x383838ff,0x393a39ff,
0x3b3b3bff,0x3d3d3cff,0x3e3e3eff,0x3f403fff,0x414040ff,0x434242ff,0x444443ff,0x464645ff,0x474646ff,0x484948ff,0x4a4a49ff,0x4b4b4bff,0x4c4c4dff,0x4e4e4eff,0x504f4fff,0x515151ff,0x525252ff,0x545453ff,0x555556ff,0x575756ff,0x585958ff,0x5a5a59ff,
0x5c5c5bff,0x5d5d5dff,0x5f5f5eff,0x606060ff,0x626162ff,0x636363ff,0x656565ff,0x666766ff,0x686868ff,0x6a6a69ff,0x6b6b6bff,0x6d6d6dff,0x6e6e6dff,0x70706fff,0x727271ff,0x737373ff,0x757575ff,0x777676ff,0x787878ff,0x7a7a7aff,0x7c7c7bff,0x7d7d7dff,
0x7f7f7eff,0x808181ff,0x838282ff,0x848484ff,0x868685ff,0x878887ff,0x898989ff,0x8b8b8bff,0x8d8d8dff,0x8f8f8eff,0x919090ff,0x929291ff,0x949493ff,0x969695ff,0x989797ff,0x999999ff,0x9b9b9bff,0x9c9c9cff,0x9e9f9eff,0xa0a19fff,0xa2a2a2ff,0xa4a3a3ff,
0xa5a5a4ff,0xa7a6a6ff,0xa9a8a7ff,0xaaaaa9ff,0xabababff,0xadadacff,0xaeaeadff,0xafafafff,0xb1b0b0ff,0xb1b1b0ff,0xb2b2b1ff,0xb3b4b2ff,0xb4b4b3ff,0xb5b5b5ff,0xb5b5b5ff,0xb6b6b5ff,0xb7b7b6ff,0xb7b6b6ff,0xb7b7b6ff,0xb7b7b6ff,0xb7b7b6ff,0xb6b7b6ff,
0xb7b6b5ff,0xb6b6b6ff,0xb5b6b5ff,0xb5b5b4ff,0xb4b4b3ff,0xb3b3b3ff,0xb2b3b2ff,0xb1b2b1ff,0xb0b0b0ff,0xafafaeff,0xaeaeadff,0xacadacff,0xabababff,0xaaaaaaff,0xa8a8a8ff,0xa7a7a6ff,0xa5a5a4ff,0xa3a3a3ff,0xa2a2a2ff,0xa0a0a0ff,0x9f9e9eff,0x9d9c9cff,
0x9b9b9aff,0x999999ff,0x979897ff,0x969696ff,0x949493ff,0x929291ff,0x909190ff,0x8e8f8eff,0x8d8c8cff,0x8b8b8aff,0x898988ff,0x888787ff,0x868685ff,0x848484ff,0x838282ff,0x818080ff,0x7e7f7eff,0x7e7d7dff,0x7b7b7bff,0x7a7a79ff,0x787877ff,0x767676ff,
0x757574ff,0x737373ff,0x717171ff,0x707070ff,0x6f6e6dff,0x6c6d6cff,0x6b6b6bff,0x696969ff,0x686868ff,0x676666ff,0x656465ff,0x636463ff,0x626161ff,0x606060ff,0x5f5e5eff,0x5d5d5dff,0x5c5c5cff,0x5b5a59ff,0x595858ff,0x575756ff,0x565555ff,0x545454ff,
0x525252ff,0x515150ff,0x4f504fff,0x4e4e4dff,0x4d4c4dff,0x4b4b4bff,0x494949ff,0x484848ff,0x474747ff,0x454545ff,0x444343ff,0x434242ff,0x404141ff,0x3f3f3fff,0x3e3e3eff,0x3c3c3dff,0x3a3b3aff,0x393a39ff,0x383838ff,0x363736ff,0x353535ff,0x333334ff,
0x323232ff,0x313131ff,0x2f2f2fff,0x2e2e2eff,0x2d2c2cff,0x2b2b2bff,0x2a2929ff,0x292828ff,0x272727ff,0x262525ff,0x242324ff,0x232322ff,0x212121ff,0x1f1f1fff,0x1e1e1eff,0x1c1c1cff,0x1c1b1bff,0x1a191aff,0x181818ff,0x161717ff,0x151515ff,0x141414ff,
0x131212ff,0x111111ff,0xf0f0fff,0xe0e0eff,0xd0c0dff,0xb0b0bff,0xa0a0aff,0x90909ff,0x70607ff,0x50605ff,0x40404ff,0x30303ff,0x20101ff,0xff,0xff,0xff,0x1ff,0xff,0x10101ff,0x20302ff,0x40303ff,0x50505ff,
0x60607ff,0x90808ff,0xa0909ff,0xb0b0bff,0xd0c0cff,0xd0e0dff,0x100f0fff,0x111110ff,0x121212ff,0x131313ff,0x151515ff,0x161617ff,0x181718ff,0x1a1a19ff,0x1b1b1bff,0x1c1c1cff,0x1e1d1dff,0x1f1f1fff,0x212120ff,0x222222ff,0x232323ff,0x252524ff,
0x272626ff,0x272827ff,0x292929ff,0x2a2a2aff,0x2c2c2bff,0x2e2d2eff,0x2f2f2fff,0x313030ff,0x313232ff,0x343333ff,0x353535ff,0x363636ff,0x373838ff,0x393939ff,0x3b3b3aff,0x3c3c3cff,0x3e3d3dff,0x3f3f3eff,0x414140ff,0x414241ff,0x434443ff,0x444445ff,
0x464746ff,0x484747ff,0x494949ff,0x4b4a4bff,0x4c4c4cff,0x4e4d4dff,0x4f504fff,0x505050ff,0x525251ff,0x535453ff,0x555555ff,0x565756ff,0x575857ff,0x595959ff,0x5b5b5bff,0x5c5c5cff,0x5e5e5dff,0x605f5fff,0x616160ff,0x636262ff,0x646464ff,0x666566ff,
0x676866ff,0x696968ff,0x6a6a6aff,0x6c6c6cff,0x6d6e6dff,0x6f6f6eff,0x707170ff,0x727272ff,0x747473ff,0x767675ff,0x777777ff,0x787978ff,0x7b7b7aff,0x7d7c7bff,0x7d7e7eff,0x807f7fff,0x818181ff,0x838382ff,0x848484ff,0x868686ff,0x888888ff,0x898a89ff,
0x8c8c8bff,0x8e8d8cff,0x8f8f8eff,0x909190ff,0x939292ff,0x949594ff,0x969695ff,0x989897ff,0x999a99ff,0x9b9b9aff,0x9c9c9cff,0x9f9f9eff,0xa0a09fff,0xa2a2a1ff,0xa4a4a3ff,0xa5a5a5ff,0xa6a6a5ff,0xa7a8a7ff,0xa9a9a8ff,0xaaabaaff,0xacababff,0xadadacff,
0xadaeadff,0xafafaeff,0xafb0afff,0xb1b1b0ff,0xb1b2b1ff,0xb3b2b1ff,0xb2b2b2ff,0xb3b4b3ff,0xb3b4b3ff,0xb4b4b4ff,0xb4b4b3ff,0xb4b4b4ff,0xb4b4b3ff,0xb4b4b3ff,0xb4b3b3ff,0xb3b4b3ff,0xb3b3b2ff,0xb2b3b2ff,0xb1b1b1ff,0xb1b1b0ff,0xb0b0afff,0xafafaeff,
0xaeaeaeff,0xadadacff,0xabacabff,0xaaaba9ff,0xa9a9a8ff,0xa8a8a7ff,0xa6a7a5ff,0xa4a4a4ff,0xa3a3a3ff,0xa2a2a1ff,0xa0a09fff,0x9e9e9eff,0x9c9c9cff,0x9b9b9aff,0x9a9998ff,0x989897ff,0x969696ff,0x949493ff,0x939292ff,0x909091ff,0x8f8f8eff,0x8e8e8cff,
0x8b8c8bff,0x89898aff,0x888888ff,0x878786ff,0x848584ff,0x828383ff,0x818181ff,0x80807fff,0x7e7e7dff,0x7c7c7bff,0x7b7b7aff,0x797978ff,0x777776ff,0x757675ff,0x747474ff,0x727272ff,0x717170ff,0x6f6f6fff,0x6d6d6dff,0x6c6c6bff,0x6b6a6aff,0x696968ff,
0x676867ff,0x656666ff,0x646464ff,0x636362ff,0x616161ff,0x5f5f5fff,0x5e5e5eff,0x5c5c5cff,0x5b5b5bff,0x595a59ff,0x585858ff,0x565756ff,0x555454ff,0x545453ff,0x525252ff,0x515050ff,0x4f4f4fff,0x4e4e4dff,0x4c4c4cff,0x4b4b4bff,0x494949ff,0x484848ff,
0x464646ff,0x454544ff,0x444343ff,0x414241ff,0x404040ff,0x3f3f3fff,0x3d3e3dff,0x3c3c3cff,0x3a3a3aff,0x393939ff,0x383838ff,0x363636ff,0x353535ff,0x343333ff,0x323232ff,0x313030ff,0x2f2f2fff,0x2d2d2dff,0x2c2c2cff,0x2b2a2bff,0x292929ff,0x282728ff,
0x262726ff,0x252525ff,0x242423ff,0x222221ff,0x212020ff,0x1f1f1fff,0x1d1d1dff,0x1d1c1cff,0x1b1b1bff,0x1a1a1aff,0x181818ff,0x161716ff,0x151515ff,0x131413ff,0x121312ff,0x101110ff,0xf0f0fff,0xd0e0eff,0xc0d0cff,0xb0b0bff,0x90909ff,0x90808ff,
0x70706ff,0x50506ff,0x40404ff,0x30203ff,0x10101ff,0x100ff,0xff,0xff,0xff,0xff,0x10101ff,0x10202ff,0x30404ff,0x50505ff,0x70606ff,0x80707ff,0x90909ff,0xa0a0bff,0xc0c0cff,0xe0e0dff,0xf0f0fff,0x101110ff,
0x111212ff,0x141413ff,0x141514ff,0x171616ff,0x181718ff,0x191919ff,0x1a1b1bff,0x1c1c1cff,0x1d1d1eff,0x1e1f1fff,0x202020ff,0x222121ff,0x232323ff,0x242425ff,0x262625ff,0x282827ff,0x282929ff,0x2a2a2aff,0x2c2c2bff,0x2d2d2dff,0x2e2e2eff,0x30302fff,
0x313231ff,0x333332ff,0x353534ff,0x363535ff,0x383737ff,0x383938ff,0x3a3a3aff,0x3b3c3bff,0x3d3d3dff,0x3e3e3eff,0x404040ff,0x424141ff,0x434343ff,0x454444ff,0x454645ff,0x474847ff,0x484948ff,0x4a4a4aff,0x4c4b4bff,0x4d4d4dff,0x4e4f4eff,0x505050ff,
0x525251ff,0x535353ff,0x555454ff,0x565655ff,0x575857ff,0x595858ff,0x5b5b5aff,0x5c5c5bff,0x5d5d5dff,0x5f5f5eff,0x606060ff,0x626261ff,0x636463ff,0x656565ff,0x676766ff,0x686868ff,0x696a69ff,0x6b6b6bff,0x6d6d6dff,0x6e6e6dff,0x70706fff,0x717171ff,
0x737372ff,0x757574ff,0x767676ff,0x787877ff,0x7a7979ff,0x7b7b7aff,0x7d7d7cff,0x7e7e7eff,0x80807fff,0x828281ff,0x848483ff,0x858585ff,0x878786ff,0x888988ff,0x8b8a89ff,0x8c8b8bff,0x8d8e8dff,0x8f908fff,0x919190ff,0x939292ff,0x949494ff,0x969696ff,
0x989897ff,0x999999ff,0x9b9b9aff,0x9c9c9cff,0x9e9e9dff,0xa09f9fff,0xa1a2a1ff,0xa3a2a2ff,0xa4a4a3ff,0xa6a6a5ff,0xa7a6a6ff,0xa8a8a7ff,0xa9a9a9ff,0xabaaa9ff,0xacacabff,0xacacacff,0xadaeadff,0xaeaeaeff,0xafafaeff,0xafafafff,0xb0b0afff,0xb0b1b0ff,
0xb1b1b0ff,0xb1b2b0ff,0xb2b2b1ff,0xb1b2b1ff,0xb2b2b1ff,0xb1b1b0ff,0xb1b1b0ff,0xb1b1b0ff,0xb0b0afff,0xb0b0afff,0xafaeaeff,0xaeaeadff,0xaeadadff,0xacadacff,0xababaaff,0xababa9ff,0xa9aaa9ff,0xa8a8a7ff,0xa6a6a6ff,0xa5a6a4ff,0xa4a4a3ff,0xa2a3a2ff,
0xa1a1a0ff,0x9f9f9fff,0x9e9f9dff,0x9d9c9cff,0x9b9b9aff,0x999a98ff,0x989897ff,0x969695ff,0x949493ff,0x929292ff,0x919191ff,0x8f908fff,0x8e8d8dff,0x8b8c8bff,0x8b8a8aff,0x888988ff,0x878786ff,0x858584ff,0x848383ff,0x828281ff,0x818180ff,0x7e7e7eff,
0x7d7d7cff,0x7b7b7bff,0x797979ff,0x787777ff,0x767676ff,0x747575ff,0x737373ff,0x727271ff,0x6f6f6fff,0x6e6e6eff,0x6c6d6dff,0x6c6b6bff,0x6a6a69ff,0x686868ff,0x666766ff,0x656565ff,0x636363ff,0x626261ff,0x616060ff,0x5f5f5eff,0x5d5e5dff,0x5c5c5bff,
0x5a5b5aff,0x595959ff,0x585757ff,0x555556ff,0x555554ff,0x535352ff,0x515251ff,0x50504fff,0x4e4f4fff,0x4d4d4dff,0x4c4b4bff,0x4a4a4aff,0x484948ff,0x474747ff,0x454545ff,0x444444ff,0x434343ff,0x424241ff,0x40403fff,0x3f3f3eff,0x3d3d3cff,0x3c3c3cff,
0x3a3a3aff,0x383839ff,0x373737ff,0x363636ff,0x343534ff,0x333333ff,0x313131ff,0x303030ff,0x2f2e2eff,0x2d2d2dff,0x2c2c2bff,0x2a2a2aff,0x292929ff,0x272727ff,0x262626ff,0x242524ff,0x232323ff,0x212222ff,0x202120ff,0x1f1e1fff,0x1d1e1eff,0x1c1c1bff,
0x1a1a1aff,0x191919ff,0x171817ff,0x161616ff,0x151514ff,0x131313ff,0x111212ff,0x111011ff,0xf0f0fff,0xe0e0dff,0xc0c0cff,0xb0a0bff,0x9090aff,0x80808ff,0x60606ff,0x50504ff,0x30304ff,0x20102ff,0x100ff,0xff,0xff,0xff,
0xff,0xff,0x10001ff,0x20202ff,0x30303ff,0x50405ff,0x60606ff,0x70707ff,0x90909ff,0xa0a0bff,0xb0c0bff,0xd0d0dff,0xe0f0eff,0x101010ff,0x121212ff,0x131313ff,0x141514ff,0x161616ff,0x171717ff,0x191918ff,0x1a1a1aff,0x1c1c1cff,
0x1d1d1dff,0x1e1e1eff,0x202020ff,0x212121ff,0x232222ff,0x242424ff,0x262526ff,0x272727ff,0x282828ff,0x2a2a29ff,0x2b2b2bff,0x2d2d2cff,0x2f2f2eff,0x302f30ff,0x313131ff,0x323332ff,0x343433ff,0x353535ff,0x373637ff,0x383838ff,0x3a393aff,0x3b3b3bff,
0x3c3d3dff,0x3e3e3eff,0x3f3f3fff,0x414141ff,0x434242ff,0x444343ff,0x454545ff,0x474646ff,0x484848ff,0x4a4a49ff,0x4b4b4aff,0x4c4c4cff,0x4e4e4dff,0x4f4f4fff,0x515151ff,0x535252ff,0x545454ff,0x555555ff,0x565756ff,0x585858ff,0x595a59ff,0x5b5c5bff,
0x5c5d5dff,0x5e5e5eff,0x60605fff,0x616161ff,0x636262ff,0x656564ff,0x656565ff,0x676867ff,0x696969ff,0x6b6a6aff,0x6c6c6bff,0x6d6e6dff,0x706f6eff,0x707070ff,0x727372ff,0x737473ff,0x757575ff,0x777777ff,0x787878ff,0x7a7a7aff,0x7c7c7bff,0x7d7e7dff,
0x7f7e7fff,0x808180ff,0x828282ff,0x848483ff,0x858685ff,0x878787ff,0x888988ff,0x8b8b8aff,0x8c8c8cff,0x8e8e8eff,0x908f8fff,0x919191ff,0x939392ff,0x949494ff,0x969695ff,0x979897ff,0x999998ff,0x9b9b9aff,0x9d9c9bff,0x9e9e9dff,0x9f9f9eff,0xa0a09fff,
0xa2a2a1ff,0xa4a3a2ff,0xa5a5a3ff,0xa6a6a5ff,0xa6a7a6ff,0xa8a8a8ff,0xa9a9a8ff,0xaaaaaaff,0xababaaff,0xacababff,0xacacacff,0xadadacff,0xaeaeadff,0xaeaeadff,0xafaeadff,0xafaeaeff,0xaeafaeff,0xafafaeff,0xaeafaeff,0xafaeaeff,0xafafaeff,0xaeadadff,
0xadadadff,0xadadacff,0xacadacff,0xabababff,0xababaaff,0xaaaaa9ff,0xa9a9a8ff,0xa8a8a7ff,0xa7a6a6ff,0xa6a6a5ff,0xa5a4a4ff,0xa4a4a3ff,0xa2a2a2ff,0xa1a0a0ff,0x9fa09eff,0x9d9d9dff,0x9c9c9bff,0x9b9a9aff,0x999998ff,0x989897ff,0x969696ff,0x949493ff,
0x939392ff,0x919190ff,0x908f8fff,0x8e8e8dff,0x8c8c8cff,0x8b8a8aff,0x898888ff,0x878787ff,0x868685ff,0x848484ff,0x828282ff,0x818180ff,0x7f7f7fff,0x7d7d7dff,0x7c7c7bff,0x7a7a7aff,0x787878ff,0x777777ff,0x757675ff,0x737473ff,0x737372ff,0x707170ff,
0x6f6f6eff,0x6e6d6dff,0x6c6c6cff,0x6a6b6aff,0x686968ff,0x686767ff,0x666565ff,0x646564ff,0x636362ff,0x616160ff,0x605f5fff,0x5f5e5eff,0x5d5c5dff,0x5b5b5bff,0x5a5a5aff,0x585858ff,0x575757ff,0x555555ff,0x545453ff,0x525252ff,0x515050ff,0x504f4fff,
0x4e4e4dff,0x4d4c4cff,0x4b4b4bff,0x4a4a49ff,0x484847ff,0x474746ff,0x454545ff,0x434443ff,0x424242ff,0x414140ff,0x40403fff,0x3e3e3dff,0x3d3d3cff,0x3b3b3bff,0x393939ff,0x383938ff,0x363736ff,0x353635ff,0x343434ff,0x333232ff,0x313131ff,0x302f2fff,
0x2e2e2eff,0x2d2d2cff,0x2b2b2bff,0x2a2a2aff,0x292829ff,0x272727ff,0x262525ff,0x242424ff,0x232223ff,0x212121ff,0x202020ff,0x1e1e1eff,0x1d1d1dff,0x1b1c1cff,0x1a1b1aff,0x181818ff,0x171717ff,0x161516ff,0x141514ff,0x131313ff,0x121112ff,0x101010ff,
0xf0f0fff,0xd0d0dff,0xc0b0bff,0xb0b0aff,0x90909ff,0x80707ff,0x60606ff,0x50405ff,0x30303ff,0x20202ff,0x100ff,0xff,0xff,0xff,0xff,0xff,0xff,0x20102ff,0x30303ff,0x40404ff,0x60605ff,0x70707ff,
0x90809ff,0xa0a0aff,0xc0b0bff,0xd0d0dff,0xe0e0eff,0xf1010ff,0x111111ff,0x131312ff,0x141414ff,0x151515ff,0x171616ff,0x181818ff,0x1a191aff,0x1b1b1bff,0x1c1d1dff,0x1e1e1dff,0x1f201fff,0x212121ff,0x232222ff,0x242423ff,0x252525ff,0x272627ff,
0x282827ff,0x292929ff,0x2b2b2bff,0x2c2c2cff,0x2e2e2eff,0x2f2f2fff,0x313131ff,0x323232ff,0x343434ff,0x353535ff,0x363636ff,0x383737ff,0x3a3939ff,0x3a3a3bff,0x3c3c3cff,0x3e3e3dff,0x3f3f3fff,0x414040ff,0x414241ff,0x444343ff,0x454545ff,0x464646ff,
0x484848ff,0x494949ff,0x4a4b4aff,0x4c4c4bff,0x4e4e4dff,0x4f4f4fff,0x515050ff,0x515252ff,0x535353ff,0x545454ff,0x565656ff,0x575857ff,0x595959ff,0x5b5b5aff,0x5c5c5cff,0x5e5e5dff,0x5f5f5fff,0x606060ff,0x626261ff,0x646363ff,0x656565ff,0x666766ff,
0x686868ff,0x696969ff,0x6b6b6bff,0x6d6d6cff,0x6e6e6eff,0x70706fff,0x717171ff,0x737372ff,0x747474ff,0x767675ff,0x777777ff,0x797978ff,0x7b7b7aff,0x7c7c7bff,0x7e7e7eff,0x7f7f7fff,0x818281ff,0x838382ff,0x858484ff,0x868686ff,0x888887ff,0x898989ff,
0x8b8b8aff,0x8c8d8bff,0x8e8e8eff,0x908f8fff,0x919190ff,0x939292ff,0x949493ff,0x959695ff,0x979797ff,0x989999ff,0x9a9a99ff,0x9b9c9bff,0x9d9d9cff,0x9e9e9eff,0xa0a09fff,0xa1a1a1ff,0xa3a2a1ff,0xa4a3a2ff,0xa4a4a4ff,0xa5a6a5ff,0xa7a6a6ff,0xa8a7a7ff,
0xa8a9a8ff,0xa9a9a8ff,0xaaaaa9ff,0xaaaaaaff,0xababaaff,0xababaaff,0xabababff,0xacacabff,0xacacabff,0xacacabff,0xacacabff,0xacacabff,0xacacabff,0xabababff,0xabaaaaff,0xababa9ff,0xaaaaa9ff,0xa9a9a8ff,0xa8a8a8ff,0xa8a7a6ff,0xa6a7a6ff,0xa6a6a5ff,
0xa4a4a4ff,0xa4a3a3ff,0xa2a2a2ff,0xa1a1a1ff,0xa0a09fff,0x9f9e9eff,0x9d9d9dff,0x9c9c9bff,0x9b9a9aff,0x999998ff,0x979796ff,0x959695ff,0x949494ff,0x939292ff,0x919190ff,0x908f8fff,0x8e8e8dff,0x8d8c8cff,0x8b8b8aff,0x898988ff,0x878787ff,0x868686ff,
0x848484ff,0x838282ff,0x828281ff,0x7f807fff,0x7e7e7dff,0x7d7c7bff,0x7b7b7bff,0x797979ff,0x787877ff,0x767675ff,0x747574ff,0x737272ff,0x717171ff,0x6f706fff,0x6e6f6dff,0x6c6c6cff,0x6b6b6bff,0x6a6a69ff,0x686868ff,0x676766ff,0x656564ff,0x636463ff,
0x626262ff,0x606160ff,0x5f5f5fff,0x5d5d5dff,0x5c5c5bff,0x5b5b5bff,0x595959ff,0x585758ff,0x565656ff,0x555554ff,0x535353ff,0x525251ff,0x515050ff,0x4f4e4fff,0x4e4d4dff,0x4c4c4cff,0x4a4b4bff,0x494948ff,0x484847ff,0x464646ff,0x454544ff,0x434343ff,
0x424241ff,0x414140ff,0x3f3f3eff,0x3e3e3dff,0x3c3c3bff,0x3a3b3bff,0x393a39ff,0x373838ff,0x363636ff,0x353535ff,0x333333ff,0x323232ff,0x303030ff,0x2f2f2fff,0x2e2e2dff,0x2c2c2cff,0x2b2b2bff,0x292a29ff,0x282828ff,0x262627ff,0x252525ff,0x242424ff,
0x222222ff,0x212121ff,0x201f1fff,0x1e1e1dff,0x1c1c1cff,0x1b1b1bff,0x1a1a19ff,0x181919ff,0x171717ff,0x161515ff,0x141414ff,0x131313ff,0x111111ff,0x101010ff,0xf0e0eff,0xd0d0dff,0xb0c0bff,0xa0a0aff,0x90908ff,0x70707ff,0x60606ff,0x50404ff,
0x30303ff,0x10201ff,0xff,0x100ff,0x10000ff,0x100ff,0x100ff,0xff,0xff,0x10101ff,0x20302ff,0x40404ff,0x50605ff,0x70707ff,0x80808ff,0xa0a0aff,0xb0b0bff,0xd0d0dff,0xe0e0eff,0xf0f0fff,0x111010ff,0x121212ff,
0x141414ff,0x151515ff,0x171616ff,0x181818ff,0x191a19ff,0x1a1b1aff,0x1c1c1cff,0x1e1e1dff,0x1f201fff,0x212120ff,0x222222ff,0x242423ff,0x252525ff,0x262726ff,0x282827ff,0x292928ff,0x2b2b2aff,0x2c2c2cff,0x2d2d2dff,0x2f2f2fff,0x303030ff,0x323131ff,
0x333333ff,0x343434ff,0x363536ff,0x373737ff,0x393938ff,0x3a3a3aff,0x3b3c3bff,0x3d3d3dff,0x3e3f3eff,0x40403fff,0x414141ff,0x424343ff,0x444443ff,0x464645ff,0x474747ff,0x484948ff,0x4a4a4aff,0x4c4c4bff,0x4c4d4cff,0x4e4e4eff,0x505050ff,0x515151ff,
0x535352ff,0x545454ff,0x555655ff,0x575757ff,0x585859ff,0x5a5959ff,0x5b5c5bff,0x5d5d5dff,0x5e5f5eff,0x5f6060ff,0x616161ff,0x626362ff,0x646463ff,0x656665ff,0x686767ff,0x686969ff,0x6a6a69ff,0x6b6c6bff,0x6d6d6dff,0x6f6f6eff,0x707070ff,0x717271ff,
0x737473ff,0x757574ff,0x777676ff,0x787878ff,0x7a7979ff,0x7b7b7bff,0x7c7d7cff,0x7f7e7eff,0x80807fff,0x828181ff,0x838382ff,0x848484ff,0x878686ff,0x888887ff,0x898989ff,0x8b8b8aff,0x8c8c8cff,0x8e8e8dff,0x8f8f8fff,0x919191ff,0x929292ff,0x949493ff,
0x959595ff,0x969797ff,0x989998ff,0x9a9999ff,0x9b9b9aff,0x9c9c9bff,0x9e9e9dff,0x9e9e9eff,0xa0a09fff,0xa1a1a0ff,0xa3a2a2ff,0xa3a3a3ff,0xa4a4a4ff,0xa5a5a4ff,0xa6a6a5ff,0xa7a7a6ff,0xa7a7a6ff,0xa8a8a7ff,0xa8a8a7ff,0xa8a9a8ff,0xa9a9a8ff,0xa9a9a8ff,
0xa9aaa9ff,0xa9a9a9ff,0xaaa9a8ff,0xa9a9a9ff,0xa9a9a8ff,0xa8a9a8ff,0xa8a8a8ff,0xa8a7a7ff,0xa8a7a7ff,0xa7a7a6ff,0xa6a6a5ff,0xa5a5a4ff,0xa4a4a3ff,0xa3a4a3ff,0xa3a2a2ff,0xa1a1a1ff,0xa0a09fff,0x9f9f9eff,0x9d9e9dff,0x9d9d9cff,0x9b9b9aff,0x999a99ff,
0x999998ff,0x979796ff,0x959594ff,0x949493ff,0x929392ff,0x919190ff,0x908f8fff,0x8e8e8dff,0x8c8d8cff,0x8b8b8bff,0x898a89ff,0x888888ff,0x878686ff,0x858484ff,0x838383ff,0x818181ff,0x7f807fff,0x7e7f7eff,0x7c7d7cff,0x7b7b7aff,0x7a7a79ff,0x787878ff,
0x777676ff,0x757575ff,0x737373ff,0x727271ff,0x717070ff,0x6f6f6eff,0x6d6d6dff,0x6c6b6bff,0x6a6a6aff,0x696869ff,0x676767ff,0x666665ff,0x646464ff,0x636262ff,0x616161ff,0x605f5fff,0x5e5e5eff,0x5c5d5dff,0x5c5b5bff,0x5a5a5aff,0x585958ff,0x565757ff,
0x565655ff,0x545454ff,0x535253ff,0x525151ff,0x4f5050ff,0x4e4f4eff,0x4d4d4cff,0x4b4b4bff,0x4a4a49ff,0x484948ff,0x474747ff,0x454545ff,0x444544ff,0x434243ff,0x414241ff,0x40403fff,0x3f3f3eff,0x3d3d3cff,0x3b3c3cff,0x3a3a3aff,0x393938ff,0x373837ff,
0x363635ff,0x343435ff,0x333332ff,0x313131ff,0x303030ff,0x2f2f2eff,0x2d2d2dff,0x2c2c2cff,0x2a2a2aff,0x292929ff,0x282828ff,0x262626ff,0x252525ff,0x242423ff,0x222222ff,0x212021ff,0x1f1f1fff,0x1e1e1dff,0x1c1c1cff,0x1b1b1aff,0x19191aff,0x181817ff,
0x171716ff,0x151515ff,0x131313ff,0x121312ff,0x111111ff,0xf100fff,0xe0e0eff,0xd0c0dff,0xb0b0bff,0xa090aff,0x80808ff,0x60606ff,0x50506ff,0x40404ff,0x20202ff,0x10201ff,0xff,0xff,0x1ff,0x10000ff,0xff,0xff,
0x100ff,0x10100ff,0x20202ff,0x30403ff,0x50505ff,0x70606ff,0x80808ff,0x90909ff,0xa0b0bff,0xc0d0cff,0xd0e0eff,0xf0f0fff,0x101010ff,0x121212ff,0x131313ff,0x141515ff,0x161616ff,0x171817ff,0x191919ff,0x1a1b1aff,0x1c1c1cff,0x1e1d1dff,
0x1f1f1fff,0x202020ff,0x212122ff,0x232323ff,0x252524ff,0x252625ff,0x272727ff,0x282928ff,0x2a2a2aff,0x2c2b2bff,0x2d2d2dff,0x2e2e2eff,0x302f30ff,0x313130ff,0x333332ff,0x343433ff,0x363635ff,0x373737ff,0x393938ff,0x393939ff,0x3b3b3bff,0x3c3d3cff,
0x3e3e3eff,0x3f3f3fff,0x414141ff,0x424342ff,0x434343ff,0x454544ff,0x474747ff,0x484847ff,0x4a4949ff,0x4b4b4bff,0x4c4c4cff,0x4d4e4eff,0x504f4fff,0x515051ff,0x525252ff,0x545353ff,0x555554ff,0x565656ff,0x575857ff,0x595959ff,0x5a5b5aff,0x5c5c5cff,
0x5e5e5dff,0x5f5f5fff,0x616160ff,0x626262ff,0x636363ff,0x656564ff,0x666766ff,0x686867ff,0x6a6a69ff,0x6b6b6aff,0x6d6c6bff,0x6e6e6eff,0x6f6f6fff,0x717170ff,0x727272ff,0x747473ff,0x757575ff,0x777777ff,0x797978ff,0x7a7a7aff,0x7b7c7bff,0x7d7d7cff,
0x7f7f7eff,0x80807fff,0x818281ff,0x838483ff,0x858585ff,0x878685ff,0x888887ff,0x898a89ff,0x8b8a8bff,0x8c8c8cff,0x8e8e8eff,0x8f8f8fff,0x909090ff,0x929292ff,0x939493ff,0x959594ff,0x969796ff,0x989897ff,0x999998ff,0x9a9a99ff,0x9b9c9bff,0x9c9d9cff,
0x9d9d9dff,0x9f9f9eff,0xa0a09fff,0xa1a0a0ff,0xa2a2a1ff,0xa3a3a2ff,0xa3a4a3ff,0xa4a4a4ff,0xa5a5a4ff,0xa5a5a5ff,0xa5a6a5ff,0xa6a6a6ff,0xa6a6a6ff,0xa6a7a6ff,0xa7a7a6ff,0xa6a7a6ff,0xa6a7a6ff,0xa7a6a5ff,0xa7a6a6ff,0xa6a6a6ff,0xa6a5a5ff,0xa5a6a5ff,
0xa4a5a5ff,0xa4a4a4ff,0xa3a3a2ff,0xa2a2a2ff,0xa2a2a1ff,0xa1a1a1ff,0xa09f9fff,0x9f9f9eff,0x9d9e9dff,0x9c9c9cff,0x9c9b9aff,0x9b9a9aff,0x999998ff,0x989897ff,0x969696ff,0x959594ff,0x939393ff,0x929392ff,0x909190ff,0x8f8f8eff,0x8e8e8dff,0x8c8c8bff,
0x8b8b8aff,0x898989ff,0x888887ff,0x868686ff,0x858585ff,0x838383ff,0x828181ff,0x808080ff,0x7e7e7eff,0x7d7d7dff,0x7c7c7bff,0x7a7a79ff,0x787878ff,0x777777ff,0x767575ff,0x747473ff,0x737272ff,0x717170ff,0x6f706fff,0x6e6e6dff,0x6c6c6cff,0x6b6a6aff,
0x6a6a69ff,0x686867ff,0x676766ff,0x656564ff,0x646363ff,0x626262ff,0x606060ff,0x5f5f5eff,0x5d5e5dff,0x5d5c5cff,0x5b5b5bff,0x595a59ff,0x575857ff,0x565656ff,0x555554ff,0x535353ff,0x525252ff,0x515150ff,0x504f4eff,0x4e4d4dff,0x4d4c4cff,0x4a4b4aff,
0x494949ff,0x484848ff,0x474646ff,0x454544ff,0x444444ff,0x424342ff,0x414041ff,0x403f3fff,0x3e3e3eff,0x3c3c3cff,0x3b3b3bff,0x393a39ff,0x383838ff,0x373736ff,0x353535ff,0x343433ff,0x333232ff,0x313131ff,0x30302fff,0x2e2f2eff,0x2c2d2cff,0x2b2b2bff,
0x2a2a2aff,0x282929ff,0x272727ff,0x252526ff,0x252424ff,0x232322ff,0x212222ff,0x202020ff,0x1f1f1eff,0x1d1d1dff,0x1c1c1cff,0x1a1a1aff,0x191919ff,0x181817ff,0x171616ff,0x141515ff,0x131313ff,0x121111ff,0x111010ff,0xf0f0fff,0xe0d0dff,0xc0c0cff,
0xb0b0bff,0x90a09ff,0x80808ff,0x70706ff,0x50505ff,0x40304ff,0x20202ff,0x10100ff,0xff,0xff,0x1ff,0xff,0xff,0xff,0xff,0x1ff,0x10102ff,0x30303ff,0x40505ff,0x60606ff,0x80808ff,0x90909ff,
0xa0a0bff,0xc0c0cff,0xd0d0dff,0xe0e0eff,0x101010ff,0x111211ff,0x131313ff,0x141514ff,0x161516ff,0x171717ff,0x191919ff,0x1a1a1aff,0x1b1b1bff,0x1d1d1dff,0x1e1e1eff,0x201f20ff,0x212120ff,0x232222ff,0x242424ff,0x252625ff,0x262726ff,0x282828ff,
0x2a2a2aff,0x2b2b2bff,0x2d2d2cff,0x2e2e2dff,0x2f2f2fff,0x303130ff,0x323332ff,0x343434ff,0x353535ff,0x373636ff,0x383837ff,0x393939ff,0x3a3b3aff,0x3c3c3bff,0x3d3d3dff,0x3f3f3fff,0x404040ff,0x414141ff,0x434342ff,0x444545ff,0x464646ff,0x484747ff,
0x494948ff,0x4a4a4aff,0x4b4b4bff,0x4d4d4dff,0x4e4e4eff,0x4f5050ff,0x515251ff,0x525353ff,0x555454ff,0x555556ff,0x585756ff,0x585858ff,0x595a59ff,0x5b5b5bff,0x5d5c5cff,0x5e5e5eff,0x605f5fff,0x616161ff,0x636362ff,0x646463ff,0x666665ff,0x676767ff,
0x686968ff,0x6a6a69ff,0x6c6c6bff,0x6d6d6dff,0x6f6f6eff,0x70706fff,0x717271ff,0x737373ff,0x747473ff,0x767675ff,0x787777ff,0x787978ff,0x7a7a7aff,0x7c7c7cff,0x7d7e7dff,0x7f7e7eff,0x818080ff,0x828282ff,0x838383ff,0x858584ff,0x878686ff,0x888787ff,
0x898a89ff,0x8b8a8aff,0x8c8c8bff,0x8e8e8dff,0x8f8f8eff,0x90918fff,0x929291ff,0x939392ff,0x959494ff,0x969595ff,0x979796ff,0x999898ff,0x999999ff,0x9b9b9aff,0x9b9c9bff,0x9c9d9cff,0x9d9e9dff,0x9f9f9eff,0x9f9f9fff,0xa1a09fff,0xa1a1a0ff,0xa1a2a1ff,
0xa2a2a1ff,0xa3a3a3ff,0xa3a3a3ff,0xa3a4a3ff,0xa4a3a3ff,0xa4a4a4ff,0xa4a4a3ff,0xa4a4a3ff,0xa4a4a3ff,0xa4a4a4ff,0xa4a4a3ff,0xa3a4a3ff,0xa4a3a2ff,0xa3a3a2ff,0xa2a2a1ff,0xa1a1a1ff,0xa1a1a0ff,0xa0a0a0ff,0xa09f9fff,0x9f9e9eff,0x9e9e9dff,0x9c9c9cff,
0x9c9b9bff,0x9a9b9aff,0x9a9999ff,0x989898ff,0x979696ff,0x969695ff,0x949494ff,0x939392ff,0x919292ff,0x909190ff,0x8f8f8eff,0x8e8e8dff,0x8c8c8cff,0x8b8b8aff,0x898a89ff,0x888887ff,0x868686ff,0x858584ff,0x838383ff,0x828282ff,0x808080ff,0x7f7f7eff,
0x7d7e7dff,0x7c7c7bff,0x7b7b7aff,0x797978ff,0x787776ff,0x767575ff,0x747474ff,0x737272ff,0x727171ff,0x706f70ff,0x6f6f6eff,0x6d6d6dff,0x6c6b6bff,0x6a6a6aff,0x686969ff,0x676767ff,0x666565ff,0x646464ff,0x626363ff,0x616161ff,0x605f5fff,0x5f5e5eff,
0x5d5d5cff,0x5b5b5bff,0x5a595aff,0x595958ff,0x575757ff,0x565556ff,0x545454ff,0x535352ff,0x525151ff,0x50504fff,0x4f4f4eff,0x4d4d4dff,0x4b4c4cff,0x4a4a4aff,0x494948ff,0x484747ff,0x464646ff,0x454445ff,0x434343ff,0x424242ff,0x404040ff,0x3f3e3eff,
0x3e3e3dff,0x3c3c3cff,0x3b3b3bff,0x393938ff,0x383838ff,0x363636ff,0x353534ff,0x343333ff,0x323232ff,0x303130ff,0x2f2f2fff,0x2d2e2eff,0x2d2c2cff,0x2b2b2bff,0x2a2a2aff,0x282828ff,0x272627ff,0x252525ff,0x242424ff,0x222223ff,0x212120ff,0x20201fff,
0x1f1e1eff,0x1d1c1cff,0x1b1c1cff,0x1a1a1aff,0x181819ff,0x171717ff,0x161615ff,0x151514ff,0x131313ff,0x111111ff,0x101010ff,0xf0f0fff,0xd0d0dff,0xb0c0cff,0xb0a0bff,0x90908ff,0x70808ff,0x60606ff,0x50405ff,0x30303ff,0x10202ff,0xff,
0x10000ff,0xff,0x100ff,0xff,0xff,0xff,0xff,0xff,0x20101ff,0x20203ff,0x40404ff,0x50605ff,0x70707ff,0x80809ff,0xa0a0aff,0xc0c0bff,0xd0d0dff,0xf0f0eff,0x10100fff,0x111111ff,0x121212ff,0x141414ff,
0x151515ff,0x161617ff,0x181818ff,0x1a1a1aff,0x1b1b1bff,0x1c1d1dff,0x1e1d1eff,0x201f1fff,0x212120ff,0x222221ff,0x242423ff,0x252524ff,0x262626ff,0x282827ff,0x292a28ff,0x2a2a2aff,0x2c2c2cff,0x2d2d2dff,0x2f2e2fff,0x303030ff,0x313131ff,0x333333ff,
0x353435ff,0x353636ff,0x373737ff,0x393938ff,0x3a3a3aff,0x3c3c3bff,0x3c3d3dff,0x3f3e3eff,0x3f403fff,0x414141ff,0x434242ff,0x444343ff,0x464545ff,0x474747ff,0x484847ff,0x4a4a49ff,0x4a4b4bff,0x4c4c4cff,0x4e4e4dff,0x4f4f4fff,0x515051ff,0x525252ff,
0x535453ff,0x555555ff,0x575656ff,0x585757ff,0x5a5958ff,0x5a5b5bff,0x5c5c5cff,0x5d5d5dff,0x5f5f5fff,0x606060ff,0x626262ff,0x636363ff,0x656564ff,0x666665ff,0x676867ff,0x696968ff,0x6a6b6aff,0x6c6c6bff,0x6e6d6dff,0x6f6f6fff,0x707070ff,0x727271ff,
0x737373ff,0x747474ff,0x767775ff,0x787877ff,0x7a7979ff,0x7b7b7aff,0x7d7c7bff,0x7e7d7eff,0x7f7f7fff,0x808080ff,0x828281ff,0x838382ff,0x858485ff,0x868786ff,0x878787ff,0x898989ff,0x8b8a8aff,0x8c8c8bff,0x8d8e8dff,0x8e8f8eff,0x90908fff,0x919191ff,
0x929392ff,0x949393ff,0x959595ff,0x969696ff,0x979796ff,0x999998ff,0x999a99ff,0x9a9a9aff,0x9b9b9aff,0x9c9c9cff,0x9d9d9cff,0x9e9d9dff,0x9e9f9eff,0x9f9f9fff,0x9f9f9fff,0xa0a09fff,0xa1a0a0ff,0xa1a1a0ff,0xa1a2a1ff,0xa2a2a1ff,0xa2a2a1ff,0xa1a2a1ff,
0xa2a1a1ff,0xa2a2a1ff,0xa1a2a1ff,0xa1a1a1ff,0xa1a1a0ff,0xa0a09fff,0xa0a09fff,0x9f9f9fff,0x9f9e9eff,0x9e9e9eff,0x9d9d9cff,0x9c9c9bff,0x9b9c9bff,0x9a9a9aff,0x999a99ff,0x999898ff,0x979797ff,0x969696ff,0x959594ff,0x939494ff,0x929292ff,0x919190ff,
0x909090ff,0x8f8f8eff,0x8d8e8cff,0x8c8c8bff,0x8b8b8aff,0x898989ff,0x888787ff,0x868786ff,0x858585ff,0x848383ff,0x828282ff,0x80807fff,0x7f7f7eff,0x7d7d7dff,0x7c7c7bff,0x7b7a7aff,0x797979ff,0x777877ff,0x767676ff,0x757474ff,0x737473ff,0x717272ff,
0x707170ff,0x6e6f6fff,0x6d6d6dff,0x6b6b6cff,0x6a6a6aff,0x696968ff,0x676767ff,0x676665ff,0x656464ff,0x636363ff,0x626261ff,0x606060ff,0x5f5f5eff,0x5e5e5dff,0x5c5c5cff,0x5b5b5aff,0x595959ff,0x585758ff,0x575656ff,0x555555ff,0x535453ff,0x525252ff,
0x505151ff,0x4f4f4fff,0x4d4e4eff,0x4d4c4cff,0x4a4b4bff,0x494a49ff,0x484848ff,0x474647ff,0x464645ff,0x444443ff,0x434342ff,0x414141ff,0x404040ff,0x3e3e3eff,0x3d3d3dff,0x3b3b3bff,0x3a3a3aff,0x393939ff,0x373837ff,0x363636ff,0x353434ff,0x333333ff,
0x323131ff,0x303030ff,0x2f2f2fff,0x2d2d2dff,0x2c2c2cff,0x2a2b2aff,0x292929ff,0x282727ff,0x272626ff,0x252525ff,0x232323ff,0x222222ff,0x202120ff,0x201f1fff,0x1e1e1eff,0x1d1c1dff,0x1b1a1bff,0x1a1a1aff,0x181818ff,0x161717ff,0x151515ff,0x141414ff,
0x121313ff,0x111111ff,0x10100fff,0xf0e0eff,0xd0d0cff,0xb0c0cff,0x90a0aff,0x80808ff,0x70807ff,0x60606ff,0x40404ff,0x30303ff,0x10101ff,0xff,0xff,0xff,0xff,0xff,0xff,0xff,0x10000ff,0xff,
0x10102ff,0x20303ff,0x40404ff,0x50505ff,0x70707ff,0x80808ff,0xa090aff,0xa0b0aff,0xc0c0cff,0xe0e0eff,0x100f0fff,0x101110ff,0x121212ff,0x141313ff,0x151415ff,0x161616ff,0x181818ff,0x191919ff,0x1a1b1aff,0x1c1c1cff,0x1d1e1dff,0x1f1e1eff,
0x212020ff,0x222222ff,0x232323ff,0x242424ff,0x262625ff,0x272727ff,0x292929ff,0x2a2a29ff,0x2b2b2cff,0x2d2d2cff,0x2e2e2eff,0x2f302fff,0x313131ff,0x333232ff,0x343434ff,0x353635ff,0x373736ff,0x383838ff,0x3a393aff,0x3b3b3bff,0x3c3c3cff,0x3e3e3dff,
0x3f3f3fff,0x404040ff,0x424241ff,0x434443ff,0x454544ff,0x464746ff,0x474847ff,0x494949ff,0x4b4b4aff,0x4c4c4bff,0x4e4d4dff,0x4e4f4eff,0x505050ff,0x515251ff,0x535353ff,0x555554ff,0x555655ff,0x575756ff,0x595958ff,0x5a5a59ff,0x5b5b5bff,0x5c5d5dff,
0x5e5e5eff,0x605f5fff,0x616161ff,0x626262ff,0x646463ff,0x656565ff,0x676766ff,0x686868ff,0x696969ff,0x6b6b6bff,0x6c6d6cff,0x6e6e6eff,0x6f6f6fff,0x717070ff,0x727371ff,0x747473ff,0x757575ff,0x767676ff,0x787777ff,0x797979ff,0x7b7b7bff,0x7c7c7cff,
0x7e7e7dff,0x7f7f7fff,0x818180ff,0x828281ff,0x848383ff,0x858584ff,0x868686ff,0x888887ff,0x898888ff,0x8a8b8aff,0x8b8b8bff,0x8d8d8cff,0x8e8e8dff,0x8f8f8fff,0x909190ff,0x929191ff,0x939392ff,0x959494ff,0x959595ff,0x969696ff,0x989797ff,0x989997ff,
0x9a9999ff,0x9a9a99ff,0x9a9b9aff,0x9b9c9bff,0x9c9c9cff,0x9d9d9cff,0x9e9e9dff,0x9e9e9dff,0x9e9e9eff,0x9f9e9eff,0x9f9f9eff,0x9f9f9eff,0x9f9f9fff,0x9f9f9eff,0x9f9f9fff,0x9f9f9fff,0x9f9f9eff,0x9f9f9dff,0x9e9e9eff,0x9e9e9eff,0x9d9d9cff,0x9d9d9cff,
0x9c9c9bff,0x9b9b9bff,0x9a9b9aff,0x9a9a99ff,0x999999ff,0x989897ff,0x989797ff,0x969695ff,0x959695ff,0x959494ff,0x929392ff,0x929191ff,0x909090ff,0x90908fff,0x8e8e8eff,0x8d8d8cff,0x8c8c8cff,0x8a8a8aff,0x898888ff,0x888887ff,0x868685ff,0x858584ff,
0x848483ff,0x828281ff,0x808180ff,0x7f7f7fff,0x7d7e7dff,0x7d7c7bff,0x7b7b7bff,0x797a79ff,0x787878ff,0x777676ff,0x757574ff,0x747473ff,0x727272ff,0x707170ff,0x6f6f6fff,0x6e6e6dff,0x6d6d6bff,0x6b6b6bff,0x696a69ff,0x686867ff,0x676767ff,0x656564ff,
0x646363ff,0x626262ff,0x616160ff,0x5f605fff,0x5e5e5dff,0x5d5d5dff,0x5b5b5bff,0x5a5a5aff,0x585858ff,0x575756ff,0x565655ff,0x545454ff,0x535352ff,0x515151ff,0x505050ff,0x4e4e4eff,0x4d4d4dff,0x4c4c4cff,0x4a4a4aff,0x494949ff,0x484847ff,0x464646ff,
0x454545ff,0x434343ff,0x424242ff,0x404041ff,0x3f3f3fff,0x3e3e3eff,0x3c3c3cff,0x3b3b3bff,0x3a3a3aff,0x383838ff,0x373736ff,0x353635ff,0x333433ff,0x333232ff,0x313131ff,0x30302fff,0x2e2e2eff,0x2c2d2cff,0x2c2b2bff,0x2a2a2aff,0x282829ff,0x272727ff,
0x262526ff,0x242424ff,0x232323ff,0x222121ff,0x202020ff,0x1f1f1fff,0x1d1d1dff,0x1c1c1cff,0x1b1b1aff,0x1a1919ff,0x181718ff,0x161616ff,0x151415ff,0x131413ff,0x121212ff,0x101110ff,0xf0f0fff,0xe0e0eff,0xc0c0cff,0xb0b0bff,0xa0a0aff,0x80808ff,
0x70707ff,0x50505ff,0x40404ff,0x20302ff,0x10102ff,0x100ff,0xff,0xff,0xff,0xff,0xff,0xff,0x10000ff,0xff,0x10001ff,0x20202ff,0x40304ff,0x50504ff,0x60606ff,0x80708ff,0x90a09ff,0xb0a0bff,
0xc0c0cff,0xd0e0eff,0xf0f0fff,0x101010ff,0x121111ff,0x131313ff,0x151514ff,0x161616ff,0x171718ff,0x191919ff,0x1a1a1aff,0x1b1c1bff,0x1d1d1cff,0x1e1f1eff,0x202020ff,0x212121ff,0x222322ff,0x242423ff,0x262525ff,0x272626ff,0x292828ff,0x292929ff,
0x2b2b2aff,0x2d2c2cff,0x2d2e2eff,0x2f302fff,0x303130ff,0x323232ff,0x333433ff,0x343434ff,0x363635ff,0x373837ff,0x393938ff,0x3a3a3aff,0x3c3b3bff,0x3e3d3dff,0x3e3e3eff,0x404040ff,0x424141ff,0x424242ff,0x444544ff,0x454546ff,0x474747ff,0x484848ff,
0x49494aff,0x4b4b4bff,0x4d4c4dff,0x4e4e4dff,0x4f4f4fff,0x505150ff,0x525251ff,0x545453ff,0x555555ff,0x575656ff,0x575857ff,0x595958ff,0x5a5a5aff,0x5c5c5cff,0x5d5d5dff,0x5e5f5fff,0x60605fff,0x626261ff,0x636262ff,0x646464ff,0x666665ff,0x676767ff,
0x686968ff,0x6a6a69ff,0x6b6b6bff,0x6c6d6cff,0x6e6e6eff,0x706f6fff,0x717170ff,0x737272ff,0x747474ff,0x757575ff,0x767776ff,0x787877ff,0x7a7979ff,0x7b7b7aff,0x7c7c7cff,0x7e7e7dff,0x7f7f7fff,0x818080ff,0x828181ff,0x838383ff,0x848584ff,0x868685ff,
0x878786ff,0x888988ff,0x8a8a89ff,0x8b8b8aff,0x8d8c8cff,0x8e8d8dff,0x8f8f8eff,0x90908fff,0x919190ff,0x929292ff,0x939392ff,0x949493ff,0x959595ff,0x969695ff,0x979796ff,0x979897ff,0x989898ff,0x999998ff,0x9a9a9aff,0x9a9b99ff,0x9b9b9aff,0x9b9b9bff,
0x9b9c9bff,0x9c9c9bff,0x9c9c9cff,0x9c9c9cff,0x9c9d9cff,0x9c9c9cff,0x9d9c9bff,0x9c9c9cff,0x9c9c9bff,0x9c9c9cff,0x9c9c9bff,0x9c9b9bff,0x9b9b9bff,0x9a9b9aff,0x9a9a99ff,0x999999ff,0x999998ff,0x979897ff,0x979796ff,0x969695ff,0x959595ff,0x949493ff,
0x939392ff,0x929292ff,0x919191ff,0x90908fff,0x8e8f8eff,0x8d8e8dff,0x8c8c8cff,0x8b8b8aff,0x8a8a89ff,0x888888ff,0x878787ff,0x868685ff,0x858584ff,0x838483ff,0x828181ff,0x818080ff,0x7f7f7eff,0x7e7e7dff,0x7c7c7cff,0x7b7b7bff,0x7a7a79ff,0x787878ff,
0x767677ff,0x757575ff,0x747473ff,0x727272ff,0x717171ff,0x6f706fff,0x6e6e6dff,0x6d6c6cff,0x6b6b6bff,0x6a6a6aff,0x686868ff,0x686767ff,0x666666ff,0x656463ff,0x636362ff,0x616162ff,0x606060ff,0x5f5e5eff,0x5e5d5dff,0x5c5c5cff,0x5a5b5aff,0x595959ff,
0x585858ff,0x565656ff,0x545554ff,0x535353ff,0x525252ff,0x515151ff,0x4f504fff,0x4e4e4eff,0x4d4c4cff,0x4b4b4aff,0x4a494aff,0x484848ff,0x474746ff,0x454545ff,0x444444ff,0x434342ff,0x424141ff,0x404040ff,0x3e3e3fff,0x3d3d3dff,0x3c3c3cff,0x3b3a3aff,
0x393938ff,0x383737ff,0x363735ff,0x353435ff,0x333333ff,0x323231ff,0x313131ff,0x302f2fff,0x2e2e2eff,0x2c2c2cff,0x2b2b2aff,0x29292aff,0x282828ff,0x272727ff,0x252525ff,0x242424ff,0x232322ff,0x212121ff,0x1f201fff,0x1e1e1eff,0x1d1c1dff,0x1b1c1cff,
0x1a1a1aff,0x191818ff,0x171717ff,0x161616ff,0x141414ff,0x131313ff,0x111112ff,0x101111ff,0xf0f0fff,0xe0d0dff,0xc0c0bff,0xa0b0bff,0x90909ff,0x80808ff,0x60606ff,0x50504ff,0x30303ff,0x20202ff,0x10101ff,0xff,0xff,0xff,
0x100ff,0x10000ff,0xff,0xff,0x100ff,0xff,0x101ff,0x20201ff,0x30303ff,0x50404ff,0x60606ff,0x80707ff,0x90909ff,0xa0a0aff,0xc0c0bff,0xd0d0dff,0xf0e0eff,0x10100fff,0x111211ff,0x121212ff,0x141414ff,0x151516ff,
0x171717ff,0x181818ff,0x191919ff,0x1b1b1bff,0x1c1c1cff,0x1e1e1dff,0x1f201fff,0x212121ff,0x222222ff,0x232323ff,0x252525ff,0x262626ff,0x282727ff,0x292929ff,0x2b2a2bff,0x2c2c2cff,0x2d2d2dff,0x2e2f2eff,0x303030ff,0x313131ff,0x323333ff,0x343434ff,
0x363635ff,0x373736ff,0x393938ff,0x3a3a3aff,0x3b3b3bff,0x3c3c3cff,0x3e3e3dff,0x3f3f3fff,0x414141ff,0x424242ff,0x434343ff,0x454544ff,0x474646ff,0x474747ff,0x484949ff,0x4a4a4aff,0x4c4c4cff,0x4d4d4dff,0x4f4e4fff,0x505050ff,0x515251ff,0x525252ff,
0x545454ff,0x565655ff,0x575657ff,0x585858ff,0x5a5a5aff,0x5b5b5bff,0x5c5c5dff,0x5e5e5dff,0x5f5f5fff,0x616060ff,0x626262ff,0x636363ff,0x656564ff,0x666665ff,0x676867ff,0x696968ff,0x6b6a6aff,0x6c6c6bff,0x6d6d6dff,0x6e6f6eff,0x70706fff,0x717171ff,
0x737372ff,0x747474ff,0x767575ff,0x767777ff,0x787977ff,0x7a7979ff,0x7b7b7aff,0x7d7c7cff,0x7e7e7dff,0x7f7f7fff,0x818080ff,0x828281ff,0x838383ff,0x848484ff,0x868685ff,0x878686ff,0x888887ff,0x898a88ff,0x8a8a8aff,0x8b8c8bff,0x8c8c8cff,0x8d8e8eff,
0x8f8f8eff,0x909090ff,0x919191ff,0x929291ff,0x939393ff,0x949494ff,0x949594ff,0x959695ff,0x969696ff,0x979697ff,0x979897ff,0x989898ff,0x999998ff,0x999999ff,0x999999ff,0x9a9a99ff,0x9a9a99ff,0x9a9a9aff,0x9a9b9aff,0x9b9a9aff,0x9a9a9aff,0x9a9a9aff,
0x9a9999ff,0x9a9a99ff,0x999999ff,0x999999ff,0x999998ff,0x989897ff,0x979897ff,0x979796ff,0x969695ff,0x959695ff,0x949594ff,0x949393ff,0x939392ff,0x929291ff,0x919191ff,0x909090ff,0x8f8f8eff,0x8e8e8dff,0x8d8d8cff,0x8c8b8bff,0x8b8b8aff,0x898989ff,
0x898887ff,0x868786ff,0x868685ff,0x848484ff,0x838383ff,0x828181ff,0x818080ff,0x7f7f7fff,0x7e7e7dff,0x7c7c7bff,0x7b7b7aff,0x7a7979ff,0x797878ff,0x767776ff,0x757675ff,0x747473ff,0x737272ff,0x717271ff,0x70706fff,0x6f6e6eff,0x6d6d6cff,0x6c6c6bff,
0x6a6b6aff,0x686968ff,0x686767ff,0x666766ff,0x646464ff,0x646363ff,0x626261ff,0x616160ff,0x5f5f5fff,0x5e5d5eff,0x5d5c5cff,0x5b5b5bff,0x595a59ff,0x585858ff,0x565656ff,0x565656ff,0x545454ff,0x535353ff,0x525251ff,0x505050ff,0x4f4e4eff,0x4d4d4dff,
0x4c4c4bff,0x4b4a4aff,0x494949ff,0x474747ff,0x464646ff,0x454545ff,0x444443ff,0x424242ff,0x414140ff,0x3f3f3fff,0x3e3e3eff,0x3c3d3cff,0x3b3b3bff,0x393939ff,0x383838ff,0x373636ff,0x353635ff,0x343434ff,0x333232ff,0x313131ff,0x303030ff,0x2e2e2fff,
0x2d2d2dff,0x2b2c2cff,0x2b2b2aff,0x292928ff,0x282827ff,0x272726ff,0x252524ff,0x242423ff,0x222222ff,0x202021ff,0x1f1f1fff,0x1e1e1dff,0x1d1c1cff,0x1b1c1bff,0x19191aff,0x181818ff,0x171716ff,0x161616ff,0x141414ff,0x131312ff,0x111111ff,0x10100fff,
0xe0e0fff,0xd0d0dff,0xc0b0bff,0xb0a0bff,0x90909ff,0x70807ff,0x60606ff,0x40505ff,0x30303ff,0x10202ff,0x1ff,0xff,0xff,0xff,0xff,0xff,0xff,0xff,0x1ff,0xff,0xff,0x10202ff,
0x30203ff,0x40404ff,0x50605ff,0x70606ff,0x80808ff,0x90a09ff,0xb0b0bff,0xc0c0cff,0xe0e0eff,0xf0f0fff,0x111110ff,0x121212ff,0x131313ff,0x151515ff,0x171617ff,0x181718ff,0x191919ff,0x1b1b1aff,0x1c1c1cff,0x1d1d1eff,0x1f1e1eff,0x202020ff,
0x222122ff,0x232323ff,0x242524ff,0x252626ff,0x272727ff,0x292828ff,0x2a2a2aff,0x2c2b2bff,0x2d2c2dff,0x2e2e2eff,0x302f2fff,0x313131ff,0x323232ff,0x333433ff,0x353535ff,0x373636ff,0x383837ff,0x3a3939ff,0x3b3b3aff,0x3b3c3bff,0x3d3d3dff,0x3f3e3eff,
0x40403fff,0x414241ff,0x434342ff,0x444544ff,0x454545ff,0x474647ff,0x484848ff,0x494949ff,0x4b4b4bff,0x4d4c4cff,0x4e4e4dff,0x4f504fff,0x515150ff,0x525252ff,0x545353ff,0x545554ff,0x565655ff,0x575857ff,0x585858ff,0x5b5a5aff,0x5b5b5cff,0x5d5d5cff,
0x5f5e5dff,0x5f5f5fff,0x616160ff,0x626262ff,0x636364ff,0x656664ff,0x676766ff,0x686868ff,0x6a6969ff,0x6b6a6aff,0x6c6c6cff,0x6d6d6dff,0x6f6e6fff,0x707070ff,0x727271ff,0x737372ff,0x747474ff,0x757575ff,0x767776ff,0x787878ff,0x7a7a79ff,0x7b7b7bff,
0x7c7c7cff,0x7e7d7dff,0x7e7f7eff,0x808080ff,0x818281ff,0x838382ff,0x848484ff,0x858585ff,0x878786ff,0x888787ff,0x888988ff,0x8a8989ff,0x8b8b8bff,0x8c8c8bff,0x8d8d8dff,0x8e8e8dff,0x8f8f8fff,0x90908fff,0x919191ff,0x919192ff,0x939292ff,0x939392ff,
0x939494ff,0x959594ff,0x959594ff,0x969695ff,0x969696ff,0x969696ff,0x979796ff,0x989797ff,0x979897ff,0x979898ff,0x989798ff,0x989897ff,0x989897ff,0x989897ff,0x979897ff,0x989797ff,0x979797ff,0x979796ff,0x969795ff,0x969696ff,0x959595ff,0x949594ff,
0x949494ff,0x939393ff,0x939391ff,0x929191ff,0x919190ff,0x909090ff,0x8f8f8eff,0x8e8e8dff,0x8d8d8dff,0x8c8c8bff,0x8b8b8bff,0x8a8a89ff,0x898888ff,0x888787ff,0x868685ff,0x858684ff,0x848483ff,0x828382ff,0x818280ff,0x808080ff,0x7f7f7eff,0x7d7e7dff,
0x7c7c7cff,0x7b7b7bff,0x7a7a79ff,0x787878ff,0x767777ff,0x767675ff,0x747573ff,0x737373ff,0x717171ff,0x70706fff,0x6f6f6eff,0x6d6d6dff,0x6c6c6cff,0x6a6b6aff,0x696a69ff,0x686867ff,0x676766ff,0x656565ff,0x636463ff,0x626262ff,0x616160ff,0x60605fff,
0x5e5e5eff,0x5d5d5dff,0x5c5b5bff,0x5a5a5aff,0x595959ff,0x585857ff,0x575656ff,0x555555ff,0x535353ff,0x525252ff,0x505051ff,0x4f4f4fff,0x4e4d4eff,0x4c4d4cff,0x4b4b4bff,0x4a4a49ff,0x484848ff,0x474746ff,0x464645ff,0x444444ff,0x424343ff,0x414141ff,
0x404040ff,0x3e3e3eff,0x3d3d3dff,0x3c3c3cff,0x3a3b3bff,0x393a38ff,0x373738ff,0x373736ff,0x353535ff,0x333433ff,0x323232ff,0x313131ff,0x2f302fff,0x2e2e2eff,0x2c2c2cff,0x2b2c2bff,0x2a2a29ff,0x282828ff,0x272727ff,0x262625ff,0x242424ff,0x232323ff,
0x222221ff,0x202020ff,0x1f1e1fff,0x1e1d1eff,0x1c1c1bff,0x1b1a1bff,0x1a1919ff,0x181718ff,0x171616ff,0x151515ff,0x131314ff,0x121212ff,0x111011ff,0xf0f10ff,0xe0d0eff,0xd0c0dff,0xb0b0bff,0xa090aff,0x80809ff,0x70707ff,0x60506ff,0x40404ff,
0x20303ff,0x10101ff,0xff,0xff,0xff,0xff,0xff,0xff,0xff,0x10000ff,0xff,0xff,0xff,0x10101ff,0x30202ff,0x40403ff,0x50505ff,0x60606ff,0x80808ff,0x90909ff,0xb0b0bff,0xc0c0cff,
0xd0e0eff,0xf0f0fff,0x111010ff,0x111212ff,0x141313ff,0x141515ff,0x161516ff,0x171717ff,0x191919ff,0x1a1a1aff,0x1b1c1bff,0x1d1d1dff,0x1e1e1eff,0x201f1fff,0x212121ff,0x222322ff,0x242423ff,0x252525ff,0x272726ff,0x282828ff,0x292929ff,0x2b2b2bff,
0x2c2c2cff,0x2d2d2eff,0x2f2f2fff,0x303030ff,0x313131ff,0x333333ff,0x353534ff,0x363635ff,0x373837ff,0x393838ff,0x3a3a3aff,0x3c3b3bff,0x3c3c3dff,0x3e3e3eff,0x3f403fff,0x414140ff,0x424242ff,0x434343ff,0x454544ff,0x464746ff,0x484848ff,0x494948ff,
0x4b4a4aff,0x4b4c4bff,0x4d4d4dff,0x4e4e4eff,0x4f4f50ff,0x515151ff,0x525252ff,0x545454ff,0x555555ff,0x565656ff,0x585858ff,0x595959ff,0x5a5b5bff,0x5c5c5cff,0x5e5d5dff,0x5e5e5fff,0x606060ff,0x626161ff,0x636262ff,0x646464ff,0x656565ff,0x676766ff,
0x686867ff,0x696969ff,0x6b6b6bff,0x6c6c6cff,0x6e6e6dff,0x6f6f6eff,0x717070ff,0x727171ff,0x737372ff,0x757574ff,0x767675ff,0x777777ff,0x797978ff,0x797a79ff,0x7b7b7bff,0x7c7c7cff,0x7d7d7dff,0x7f7e7eff,0x80807fff,0x818181ff,0x838282ff,0x838383ff,
0x858484ff,0x868685ff,0x878786ff,0x888788ff,0x898989ff,0x8a8a89ff,0x8b8b8bff,0x8c8c8cff,0x8d8e8cff,0x8e8e8dff,0x8e8f8eff,0x8f8f8fff,0x909090ff,0x919191ff,0x929192ff,0x929292ff,0x939392ff,0x939392ff,0x949493ff,0x949494ff,0x949594ff,0x959594ff,
0x959595ff,0x959695ff,0x959695ff,0x959694ff,0x969595ff,0x969595ff,0x959695ff,0x959595ff,0x949595ff,0x959494ff,0x949493ff,0x949493ff,0x939392ff,0x929391ff,0x919292ff,0x919191ff,0x909090ff,0x90908fff,0x8f8f8eff,0x8e8e8dff,0x8d8d8cff,0x8c8c8cff,
0x8c8b8aff,0x8a8a8aff,0x898988ff,0x888887ff,0x878786ff,0x868686ff,0x858585ff,0x848483ff,0x828382ff,0x818181ff,0x80807fff,0x7e7e7eff,0x7e7d7dff,0x7c7c7bff,0x7b7b7aff,0x7a7a79ff,0x787878ff,0x777777ff,0x767675ff,0x747474ff,0x737373ff,0x727271ff,
0x717170ff,0x6f6f6eff,0x6e6e6eff,0x6c6d6cff,0x6b6a6bff,0x6a6969ff,0x686868ff,0x676766ff,0x656665ff,0x646464ff,0x636363ff,0x616261ff,0x60605fff,0x5f5e5fff,0x5d5e5dff,0x5c5c5cff,0x5b5a5aff,0x595959ff,0x575857ff,0x565656ff,0x555655ff,0x545353ff,
0x525252ff,0x515251ff,0x505050ff,0x4e4e4eff,0x4d4d4dff,0x4b4c4bff,0x4b4a4aff,0x494948ff,0x474748ff,0x464746ff,0x454544ff,0x444343ff,0x424241ff,0x414140ff,0x3f4040ff,0x3e3e3eff,0x3c3d3cff,0x3b3b3bff,0x3a3a39ff,0x393939ff,0x373737ff,0x363636ff,
0x343534ff,0x333333ff,0x323232ff,0x303130ff,0x2f2f2fff,0x2e2e2dff,0x2c2c2cff,0x2a2b2aff,0x292929ff,0x272827ff,0x262727ff,0x252525ff,0x242423ff,0x222222ff,0x212121ff,0x1f1f20ff,0x1e1e1eff,0x1c1c1cff,0x1b1b1bff,0x1a1a1aff,0x191919ff,0x171717ff,
0x161616ff,0x141514ff,0x131313ff,0x121112ff,0x101010ff,0xe0f0fff,0xe0d0dff,0xc0d0cff,0xb0b0bff,0x90909ff,0x80808ff,0x60607ff,0x50505ff,0x40403ff,0x20203ff,0x10101ff,0xff,0xff,0xff,0xff,0xff,0xff,
0x1ff,0xff,0x100ff,0xff,0xff,0x1ff,0x20202ff,0x30404ff,0x40404ff,0x60606ff,0x80708ff,0x90909ff,0xa0a0aff,0xb0b0bff,0xd0d0dff,0xe0f0eff,0x101010ff,0x111111ff,0x131312ff,0x141414ff,0x151516ff,0x171716ff,
0x181818ff,0x191919ff,0x1b1b1aff,0x1c1c1cff,0x1e1e1dff,0x1f1f1fff,0x212020ff,0x222221ff,0x232323ff,0x252524ff,0x262626ff,0x272727ff,0x292929ff,0x2a2a2aff,0x2c2b2cff,0x2d2d2dff,0x2f2e2eff,0x2f302fff,0x313131ff,0x323233ff,0x343334ff,0x353534ff,
0x363736ff,0x383838ff,0x393939ff,0x3a3b3aff,0x3c3c3cff,0x3e3e3dff,0x3e3e3fff,0x404040ff,0x414241ff,0x424342ff,0x444444ff,0x464545ff,0x474746ff,0x484848ff,0x4a4a49ff,0x4a4b4bff,0x4d4c4cff,0x4d4e4eff,0x4f4f4eff,0x505150ff,0x525251ff,0x535353ff,
0x555554ff,0x555556ff,0x575757ff,0x585858ff,0x5a5a5aff,0x5b5b5bff,0x5d5d5cff,0x5d5e5dff,0x5f5f5fff,0x616160ff,0x626262ff,0x636363ff,0x646464ff,0x666665ff,0x676866ff,0x696868ff,0x696a69ff,0x6b6b6bff,0x6d6d6cff,0x6e6e6dff,0x6f6f6fff,0x707070ff,
0x727272ff,0x737372ff,0x747473ff,0x757575ff,0x777776ff,0x787878ff,0x797a79ff,0x7b7b7aff,0x7c7c7bff,0x7d7d7dff,0x7e7e7eff,0x7f7f7fff,0x808180ff,0x828181ff,0x838382ff,0x848483ff,0x868585ff,0x868685ff,0x888787ff,0x888888ff,0x898989ff,0x8a8a89ff,
0x8b8b8bff,0x8c8c8bff,0x8d8d8cff,0x8e8d8dff,0x8e8e8dff,0x8f8f8eff,0x8f908fff,0x909090ff,0x909190ff,0x929191ff,0x929291ff,0x929291ff,0x929292ff,0x939393ff,0x939393ff,0x939392ff,0x939392ff,0x939393ff,0x939393ff,0x939392ff,0x939392ff,0x929392ff,
0x929292ff,0x929291ff,0x929291ff,0x919191ff,0x919190ff,0x90908fff,0x90908fff,0x8f8f8eff,0x8e8e8eff,0x8d8d8dff,0x8d8d8dff,0x8c8b8cff,0x8b8b8aff,0x8a8a8aff,0x898989ff,0x888888ff,0x878786ff,0x868686ff,0x858584ff,0x848484ff,0x838383ff,0x828181ff,
0x818180ff,0x807f7fff,0x7e7e7eff,0x7d7d7dff,0x7c7c7bff,0x7b7b7aff,0x7a7979ff,0x787878ff,0x777776ff,0x767575ff,0x757474ff,0x737372ff,0x727271ff,0x707170ff,0x6f6f6fff,0x6e6e6dff,0x6c6c6cff,0x6b6b6bff,0x696a6aff,0x696968ff,0x676767ff,0x666666ff,
0x656464ff,0x636363ff,0x626161ff,0x616060ff,0x5f5f5fff,0x5e5e5dff,0x5c5d5cff,0x5b5b5aff,0x5a5a59ff,0x585958ff,0x575757ff,0x555656ff,0x555455ff,0x545352ff,0x525251ff,0x515050ff,0x4f4f4fff,0x4e4d4dff,0x4c4c4cff,0x4b4b4bff,0x49494aff,0x484848ff,
0x474746ff,0x464545ff,0x444444ff,0x434342ff,0x424141ff,0x40403fff,0x3e3f3fff,0x3d3d3dff,0x3c3c3cff,0x3a3a3aff,0x393939ff,0x383838ff,0x363636ff,0x353635ff,0x343333ff,0x323232ff,0x313131ff,0x303030ff,0x2e2f2eff,0x2d2c2dff,0x2c2c2bff,0x2a2a2aff,
0x292829ff,0x272827ff,0x262626ff,0x242525ff,0x232323ff,0x222222ff,0x212120ff,0x1f1f1fff,0x1e1d1dff,0x1c1c1dff,0x1a1b1bff,0x191a19ff,0x181818ff,0x171717ff,0x151515ff,0x141414ff,0x131212ff,0x111111ff,0x100f0fff,0xe0e0eff,0xd0d0dff,0xc0c0bff,
0xa0a0aff,0x80909ff,0x80707ff,0x60606ff,0x50505ff,0x30403ff,0x20202ff,0xff,0xff,0xff,0xff,0xff,0xff,0xff,0x1ff,0xff,0xff,0xff,0xff,0xff,0x20101ff,0x30303ff,
0x50404ff,0x60605ff,0x70607ff,0x80808ff,0xa0a0aff,0xc0b0bff,0xd0d0dff,0xd0e0eff,0xf0f0fff,0x111110ff,0x121212ff,0x131414ff,0x151415ff,0x161616ff,0x181818ff,0x191918ff,0x1b1a1aff,0x1b1b1bff,0x1d1d1dff,0x1e1f1eff,0x20201fff,0x212121ff,
0x222323ff,0x242424ff,0x252625ff,0x272626ff,0x282828ff,0x2a2a2aff,0x2b2b2bff,0x2c2c2cff,0x2e2e2eff,0x2f2f2fff,0x303030ff,0x323231ff,0x333433ff,0x353534ff,0x363636ff,0x373737ff,0x393839ff,0x393a39ff,0x3b3c3bff,0x3c3c3cff,0x3e3e3eff,0x3f3f3fff,
0x414141ff,0x424242ff,0x444343ff,0x454544ff,0x464645ff,0x484847ff,0x494949ff,0x4a4a4aff,0x4b4c4bff,0x4c4c4dff,0x4e4f4eff,0x504f50ff,0x515050ff,0x525251ff,0x545354ff,0x555555ff,0x565656ff,0x575857ff,0x595958ff,0x5a5a5aff,0x5c5b5bff,0x5d5d5cff,
0x5e5e5dff,0x5f5f5fff,0x616160ff,0x626262ff,0x636363ff,0x656564ff,0x666665ff,0x686767ff,0x696868ff,0x6a6a6aff,0x6b6b6aff,0x6d6c6cff,0x6e6e6dff,0x6f6f6eff,0x707070ff,0x727271ff,0x737372ff,0x747473ff,0x757675ff,0x777676ff,0x787877ff,0x797a79ff,
0x7b7a7aff,0x7c7b7bff,0x7c7d7cff,0x7e7e7dff,0x7f7f7fff,0x808080ff,0x818181ff,0x828382ff,0x838383ff,0x848484ff,0x858585ff,0x868685ff,0x878787ff,0x888888ff,0x8a8988ff,0x8a8a89ff,0x8a8a8aff,0x8c8b8bff,0x8c8c8bff,0x8c8d8cff,0x8d8d8dff,0x8e8e8dff,
0x8f8e8eff,0x8f8f8eff,0x90908fff,0x90908fff,0x909090ff,0x909090ff,0x909190ff,0x919191ff,0x909190ff,0x919191ff,0x919190ff,0x919091ff,0x919090ff,0x919090ff,0x90908fff,0x90908fff,0x8f908fff,0x8f8f8eff,0x8f8f8eff,0x8e8e8dff,0x8e8e8dff,0x8c8d8cff,
0x8d8c8cff,0x8c8c8bff,0x8b8b8bff,0x8a8a8aff,0x898989ff,0x888888ff,0x888887ff,0x868686ff,0x858585ff,0x858584ff,0x838383ff,0x838282ff,0x818180ff,0x808080ff,0x7f7f7eff,0x7e7e7eff,0x7d7d7cff,0x7c7b7bff,0x7a7b7aff,0x797978ff,0x787877ff,0x777676ff,
0x767575ff,0x747474ff,0x737372ff,0x727271ff,0x707170ff,0x6f6f6eff,0x6e6e6dff,0x6c6d6cff,0x6b6b6bff,0x6a6a69ff,0x696969ff,0x676767ff,0x666666ff,0x656464ff,0x636463ff,0x626261ff,0x616160ff,0x60605fff,0x5e5e5eff,0x5d5d5dff,0x5c5c5bff,0x5a5a5aff,
0x595959ff,0x585858ff,0x565656ff,0x555555ff,0x545353ff,0x525352ff,0x515151ff,0x4f4f4fff,0x4f4e4eff,0x4d4d4cff,0x4c4c4cff,0x4a4a4aff,0x494949ff,0x484747ff,0x464646ff,0x454445ff,0x434343ff,0x424241ff,0x414140ff,0x3f3f3fff,0x3e3e3eff,0x3d3d3dff,
0x3b3b3bff,0x3a3a3aff,0x383839ff,0x373737ff,0x363536ff,0x353434ff,0x333333ff,0x323231ff,0x313030ff,0x2f2f2fff,0x2d2e2eff,0x2c2c2cff,0x2b2a2bff,0x292a29ff,0x282828ff,0x272727ff,0x262526ff,0x242424ff,0x232222ff,0x222121ff,0x202020ff,0x1e1f1eff,
0x1d1d1dff,0x1c1c1cff,0x1a1b1aff,0x191919ff,0x171817ff,0x171616ff,0x151515ff,0x131314ff,0x121212ff,0x101011ff,0xf0f0fff,0xe0e0eff,0xc0c0dff,0xb0b0bff,0xa0a0aff,0x90809ff,0x70707ff,0x60606ff,0x40504ff,0x30303ff,0x10201ff,0xff,
0xff,0xff,0xff,0x100ff,0xff,0xff,0xff,0x10000ff,0xff,0xff,0x100ff,0xff,0x10001ff,0x30302ff,0x30404ff,0x60505ff,0x70606ff,0x80808ff,0xa0909ff,0xb0b0aff,0xc0c0cff,0xe0e0dff,
0xf0e0fff,0x101010ff,0x121112ff,0x131313ff,0x151514ff,0x161516ff,0x171717ff,0x181818ff,0x1a1a1aff,0x1b1c1bff,0x1d1c1cff,0x1e1e1eff,0x1f201fff,0x202120ff,0x222222ff,0x242423ff,0x252525ff,0x262626ff,0x282728ff,0x292928ff,0x2a2a2aff,0x2b2c2cff,
0x2d2d2dff,0x2e2e2eff,0x302f2fff,0x313131ff,0x323232ff,0x343433ff,0x353535ff,0x363636ff,0x383838ff,0x3a3939ff,0x3b3b3aff,0x3b3c3cff,0x3d3d3dff,0x3f3f3fff,0x40403fff,0x414142ff,0x434242ff,0x444444ff,0x464545ff,0x474746ff,0x484847ff,0x494a49ff,
0x4b4a4bff,0x4c4c4cff,0x4e4d4dff,0x4f4f4eff,0x505050ff,0x515151ff,0x525352ff,0x545454ff,0x555655ff,0x565757ff,0x585857ff,0x595959ff,0x5a5b5aff,0x5c5b5cff,0x5d5d5dff,0x5e5e5eff,0x60605fff,0x616160ff,0x636262ff,0x636464ff,0x656564ff,0x666666ff,
0x686867ff,0x696968ff,0x6a6a6aff,0x6b6b6bff,0x6d6d6cff,0x6e6e6dff,0x6f6f6fff,0x707170ff,0x727171ff,0x737372ff,0x747474ff,0x757575ff,0x767676ff,0x787877ff,0x797978ff,0x7a7a79ff,0x7b7b7bff,0x7d7c7cff,0x7d7d7dff,0x7f7e7eff,0x807f7fff,0x808180ff,
0x818281ff,0x838382ff,0x848483ff,0x848584ff,0x868584ff,0x868786ff,0x878787ff,0x888788ff,0x898888ff,0x8a8989ff,0x8a8a8aff,0x8b8b8aff,0x8b8c8bff,0x8c8c8bff,0x8d8d8cff,0x8d8d8cff,0x8d8d8dff,0x8e8e8dff,0x8e8e8eff,0x8e8f8eff,0x8e8f8eff,0x8f8e8eff,
0x8f8f8eff,0x8f8f8eff,0x8e8f8eff,0x8e8f8eff,0x8f8e8eff,0x8e8e8dff,0x8e8e8dff,0x8e8e8dff,0x8e8d8cff,0x8c8d8cff,0x8c8d8cff,0x8c8c8cff,0x8b8b8bff,0x8b8a8aff,0x8a8a89ff,0x898a89ff,0x888988ff,0x888887ff,0x878787ff,0x868686ff,0x858585ff,0x848584ff,
0x848384ff,0x828382ff,0x818282ff,0x808080ff,0x807f7fff,0x7e7e7eff,0x7e7d7cff,0x7c7c7bff,0x7b7c7aff,0x7a7a7aff,0x797879ff,0x787877ff,0x767675ff,0x757574ff,0x747473ff,0x737373ff,0x727271ff,0x707070ff,0x6f706eff,0x6e6e6eff,0x6d6d6cff,0x6b6b6bff,
0x6a6a6aff,0x696968ff,0x686867ff,0x666666ff,0x656565ff,0x646464ff,0x626262ff,0x616161ff,0x606060ff,0x5e5f5eff,0x5d5d5dff,0x5c5b5cff,0x5a5b5aff,0x595a59ff,0x585858ff,0x565656ff,0x555555ff,0x545454ff,0x525252ff,0x525152ff,0x50504fff,0x4f4e4fff,
0x4d4d4dff,0x4c4c4cff,0x4b4b4aff,0x494949ff,0x484847ff,0x474647ff,0x454545ff,0x444444ff,0x424343ff,0x414141ff,0x404040ff,0x3f3f3fff,0x3d3d3dff,0x3c3c3bff,0x3a3a3aff,0x393939ff,0x383837ff,0x373736ff,0x353535ff,0x343334ff,0x323332ff,0x313131ff,
0x303030ff,0x2e2f2eff,0x2d2d2dff,0x2c2c2cff,0x2a2a2aff,0x292928ff,0x282727ff,0x262626ff,0x252525ff,0x232324ff,0x222322ff,0x212121ff,0x201f1fff,0x1e1e1eff,0x1d1c1cff,0x1b1b1bff,0x1a1a1aff,0x181818ff,0x171717ff,0x161616ff,0x151414ff,0x121313ff,
0x111111ff,0x101010ff,0xf0f0fff,0xe0e0dff,0xc0c0cff,0xa0a0aff,0x90909ff,0x80808ff,0x60606ff,0x50505ff,0x40404ff,0x30202ff,0x10101ff,0xff,0x1ff,0xff,0xff,0xff,0xff,0xff,0xff,0xff,
0xff,0xff,0x1ff,0xff,0x100ff,0x10202ff,0x30304ff,0x50504ff,0x60606ff,0x80707ff,0x80909ff,0xb0a0aff,0xb0c0bff,0xd0d0dff,0xe0f0eff,0xf1010ff,0x111111ff,0x121212ff,0x141414ff,0x151515ff,0x161617ff,0x181817ff,
0x191a19ff,0x1b1b1aff,0x1d1d1cff,0x1d1d1dff,0x1f1f1fff,0x202020ff,0x222222ff,0x222323ff,0x242524ff,0x252525ff,0x272726ff,0x292928ff,0x2a2929ff,0x2b2b2bff,0x2d2c2cff,0x2e2d2dff,0x2f2f2fff,0x303030ff,0x323131ff,0x333333ff,0x343435ff,0x363635ff,
0x373737ff,0x383938ff,0x3a3a39ff,0x3b3b3bff,0x3c3c3cff,0x3e3e3dff,0x3f3f3fff,0x404041ff,0x424242ff,0x434343ff,0x454444ff,0x464645ff,0x474747ff,0x494849ff,0x4a4a4aff,0x4b4b4bff,0x4c4c4dff,0x4e4e4dff,0x504f4fff,0x505150ff,0x515252ff,0x535353ff,
0x545554ff,0x555656ff,0x575757ff,0x595958ff,0x5a5959ff,0x5b5b5aff,0x5c5c5cff,0x5e5e5eff,0x5f5f5eff,0x606060ff,0x626161ff,0x626363ff,0x646463ff,0x666565ff,0x676666ff,0x686867ff,0x696968ff,0x6a6a69ff,0x6b6b6bff,0x6c6d6cff,0x6d6e6dff,0x6f6f6eff,
0x707070ff,0x727271ff,0x737372ff,0x747374ff,0x757574ff,0x777675ff,0x787777ff,0x797878ff,0x797a79ff,0x7a7b7aff,0x7c7c7bff,0x7d7c7cff,0x7e7d7eff,0x7e7e7eff,0x80807fff,0x818181ff,0x818281ff,0x838282ff,0x848383ff,0x848584ff,0x868684ff,0x868685ff,
0x878686ff,0x878787ff,0x888888ff,0x898888ff,0x898989ff,0x8a8a89ff,0x8b8a8aff,0x8b8a8aff,0x8b8b8bff,0x8c8c8bff,0x8b8c8cff,0x8c8c8bff,0x8c8c8cff,0x8c8c8bff,0x8c8d8cff,0x8c8d8cff,0x8c8c8cff,0x8d8c8cff,0x8c8c8bff,0x8c8c8bff,0x8c8b8bff,0x8b8b8aff,
0x8c8c8bff,0x8b8b8aff,0x8a8b89ff,0x8a8a8aff,0x898988ff,0x888988ff,0x888888ff,0x878787ff,0x878786ff,0x868685ff,0x858685ff,0x848484ff,0x848483ff,0x838382ff,0x828281ff,0x818180ff,0x80807fff,0x7f7e7fff,0x7e7e7dff,0x7d7d7dff,0x7c7b7cff,0x7b7b7aff,
0x7a7979ff,0x787878ff,0x787877ff,0x777676ff,0x757574ff,0x747473ff,0x737372ff,0x727171ff,0x707170ff,0x6f6f6fff,0x6e6e6dff,0x6d6c6cff,0x6c6c6bff,0x6a6a6aff,0x696969ff,0x686867ff,0x676666ff,0x666665ff,0x646364ff,0x636362ff,0x626161ff,0x606060ff,
0x5f5f5eff,0x5e5d5dff,0x5c5c5cff,0x5b5b5bff,0x5a5a59ff,0x595858ff,0x575757ff,0x555656ff,0x545454ff,0x535353ff,0x525251ff,0x515151ff,0x4f4f4fff,0x4e4e4eff,0x4c4d4cff,0x4b4b4bff,0x4a4a4aff,0x494848ff,0x474847ff,0x464646ff,0x454544ff,0x434343ff,
0x424242ff,0x404040ff,0x3f403fff,0x3e3e3eff,0x3d3c3dff,0x3b3b3bff,0x3a3a3aff,0x383838ff,0x383737ff,0x363635ff,0x343434ff,0x333333ff,0x323232ff,0x303130ff,0x2f2f2fff,0x2d2e2dff,0x2d2d2cff,0x2b2b2bff,0x2a2a29ff,0x282929ff,0x272726ff,0x252625ff,
0x242424ff,0x232323ff,0x212221ff,0x202020ff,0x1f1f1fff,0x1d1e1eff,0x1d1c1cff,0x1a1a1aff,0x1a1a19ff,0x181818ff,0x161716ff,0x151515ff,0x141414ff,0x121312ff,0x111111ff,0x101010ff,0xf0f0eff,0xd0d0dff,0xb0b0cff,0xa0b0aff,0x90909ff,0x70808ff,
0x60606ff,0x50505ff,0x30304ff,0x20202ff,0x1ff,0x10000ff,0xff,0x100ff,0xff,0xff,0xff,0xff,0xff,0xff,0xff,0xff,0xff,0x10000ff,0xff,0x20101ff,0x20203ff,0x40404ff,
0x60505ff,0x60607ff,0x80809ff,0xa0a0aff,0xb0b0bff,0xc0d0cff,0xe0d0dff,0xf0f10ff,0x111011ff,0x121212ff,0x131313ff,0x141515ff,0x161616ff,0x181717ff,0x191919ff,0x1a1a1aff,0x1b1c1bff,0x1d1d1dff,0x1e1f1eff,0x202020ff,0x212121ff,0x222222ff,
0x242324ff,0x252525ff,0x272626ff,0x282828ff,0x292929ff,0x2b2b2aff,0x2c2c2cff,0x2d2d2dff,0x2e2f2eff,0x30302fff,0x313131ff,0x333332ff,0x343434ff,0x353635ff,0x373636ff,0x383838ff,0x3a3939ff,0x3a3b3bff,0x3c3c3cff,0x3e3d3dff,0x3f3f3eff,0x3f4040ff,
0x414141ff,0x434342ff,0x444444ff,0x454645ff,0x464746ff,0x484848ff,0x494948ff,0x4a4a4aff,0x4b4c4cff,0x4d4d4dff,0x4f4f4eff,0x50504fff,0x515150ff,0x535252ff,0x545453ff,0x555454ff,0x565655ff,0x585857ff,0x595859ff,0x5a5a5aff,0x5b5b5bff,0x5c5c5dff,
0x5e5e5eff,0x5f5f5fff,0x606060ff,0x616261ff,0x636262ff,0x646464ff,0x656664ff,0x676666ff,0x676767ff,0x696969ff,0x6a6a6aff,0x6b6b6bff,0x6d6c6dff,0x6e6e6eff,0x6f6f6fff,0x707070ff,0x727171ff,0x737272ff,0x737473ff,0x757574ff,0x767575ff,0x777777ff,
0x787878ff,0x797978ff,0x7a7a79ff,0x7b7b7aff,0x7d7c7cff,0x7d7d7dff,0x7e7e7eff,0x7f7f7eff,0x808080ff,0x818180ff,0x828281ff,0x838382ff,0x848383ff,0x848483ff,0x848484ff,0x858584ff,0x868686ff,0x868686ff,0x878786ff,0x888887ff,0x898888ff,0x888988ff,
0x888988ff,0x898988ff,0x898a89ff,0x8a8989ff,0x8a8a89ff,0x8a8a89ff,0x8a8b8aff,0x8b8a89ff,0x8a8a89ff,0x8a8a8aff,0x8a8a8aff,0x8a8a8aff,0x8a8a89ff,0x898989ff,0x898989ff,0x888988ff,0x888887ff,0x888787ff,0x878787ff,0x878686ff,0x868686ff,0x868585ff,
0x848584ff,0x858484ff,0x838383ff,0x838282ff,0x828281ff,0x818180ff,0x807f7fff,0x7f7f7fff,0x7e7e7dff,0x7d7d7cff,0x7c7c7bff,0x7c7b7aff,0x7a7a7aff,0x797978ff,0x787878ff,0x777676ff,0x767575ff,0x757574ff,0x747473ff,0x737372ff,0x727271ff,0x70706fff,
0x6f6f6fff,0x6e6e6eff,0x6c6d6cff,0x6b6b6bff,0x6a6a6aff,0x686968ff,0x686868ff,0x666766ff,0x666565ff,0x646463ff,0x636262ff,0x626261ff,0x606060ff,0x5f5f5fff,0x5e5d5eff,0x5d5c5cff,0x5b5b5bff,0x5a595aff,0x585959ff,0x585757ff,0x565656ff,0x555554ff,
0x545353ff,0x525352ff,0x515151ff,0x4f4f4fff,0x4e4f4eff,0x4d4d4cff,0x4c4c4bff,0x4a4a4aff,0x494948ff,0x484847ff,0x474746ff,0x464545ff,0x434444ff,0x424242ff,0x414141ff,0x40403fff,0x3e3f3eff,0x3e3d3dff,0x3c3c3cff,0x3a3b3bff,0x393939ff,0x373838ff,
0x373736ff,0x363535ff,0x343434ff,0x323232ff,0x313131ff,0x303030ff,0x2f2f2fff,0x2e2d2dff,0x2c2c2bff,0x2b2b2aff,0x292929ff,0x272728ff,0x272626ff,0x252525ff,0x232323ff,0x232222ff,0x212021ff,0x201f1fff,0x1e1e1eff,0x1d1d1dff,0x1b1c1bff,0x1b1a1aff,
0x191919ff,0x181717ff,0x171616ff,0x151515ff,0x141313ff,0x111211ff,0x101110ff,0x100f0fff,0xd0e0eff,0xc0c0dff,0xb0b0bff,0xa0a09ff,0x90808ff,0x70607ff,0x60505ff,0x40404ff,0x30303ff,0x10101ff,0xff,0xff,0x1ff,0xff,
0xff,0xff,0xff,0xff,0xff,0x1ff,0xff,0xff,0xff,0xff,0x10001ff,0x10101ff,0x20202ff,0x40303ff,0x50505ff,0x70706ff,0x80807ff,0x90909ff,0xa0b0bff,0xc0b0cff,0xd0d0dff,0xf0e0eff,
0x101010ff,0x111211ff,0x121313ff,0x141514ff,0x161515ff,0x171617ff,0x181818ff,0x1a1a19ff,0x1b1b1bff,0x1c1c1cff,0x1d1d1eff,0x1f1f1fff,0x202020ff,0x222122ff,0x232322ff,0x252524ff,0x262626ff,0x272727ff,0x282828ff,0x292a29ff,0x2c2b2bff,0x2c2c2cff,
0x2e2e2eff,0x2f2f2fff,0x303031ff,0x323231ff,0x333333ff,0x353435ff,0x363635ff,0x383737ff,0x383838ff,0x3a3a39ff,0x3b3b3bff,0x3d3c3cff,0x3e3e3eff,0x3f3f3fff,0x404040ff,0x414241ff,0x434343ff,0x444444ff,0x454645ff,0x474747ff,0x484948ff,0x494949ff,
0x4b4b4aff,0x4c4c4cff,0x4e4e4dff,0x4f4f4fff,0x505050ff,0x515151ff,0x535252ff,0x545454ff,0x555555ff,0x565656ff,0x585857ff,0x595959ff,0x5a5b5aff,0x5b5c5bff,0x5c5d5cff,0x5e5e5eff,0x5f5f5fff,0x616160ff,0x616261ff,0x636363ff,0x646564ff,0x656565ff,
0x666666ff,0x686867ff,0x686869ff,0x6a6a6aff,0x6c6b6bff,0x6d6c6cff,0x6d6e6dff,0x6f6e6eff,0x706f6fff,0x727170ff,0x727272ff,0x737472ff,0x747473ff,0x767575ff,0x767676ff,0x787777ff,0x797878ff,0x7a7a79ff,0x7a7a7aff,0x7c7c7bff,0x7d7d7cff,0x7d7d7dff,
0x7e7f7dff,0x7f7f7fff,0x808080ff,0x808180ff,0x818181ff,0x828282ff,0x838382ff,0x848383ff,0x848484ff,0x858584ff,0x858584ff,0x868686ff,0x868786ff,0x868686ff,0x878786ff,0x878786ff,0x888787ff,0x878888ff,0x888787ff,0x878888ff,0x888887ff,0x888887ff,
0x888887ff,0x888887ff,0x888887ff,0x888888ff,0x888887ff,0x878787ff,0x878786ff,0x878786ff,0x868685ff,0x858685ff,0x868584ff,0x858484ff,0x848484ff,0x838383ff,0x838382ff,0x828282ff,0x818181ff,0x808180ff,0x80807fff,0x7f7f7fff,0x7e7e7dff,0x7e7d7dff,
0x7c7d7cff,0x7c7b7bff,0x7b7b7aff,0x797979ff,0x787978ff,0x777777ff,0x767675ff,0x767575ff,0x747474ff,0x737373ff,0x727372ff,0x717170ff,0x707070ff,0x6f6f6fff,0x6d6d6dff,0x6d6c6cff,0x6b6b6bff,0x6a6a69ff,0x696969ff,0x686867ff,0x666666ff,0x656665ff,
0x646464ff,0x626363ff,0x626161ff,0x606060ff,0x5f5f5fff,0x5e5e5dff,0x5d5d5cff,0x5b5c5bff,0x5a5a5aff,0x595959ff,0x575858ff,0x565656ff,0x555555ff,0x545454ff,0x535352ff,0x515251ff,0x505050ff,0x4f4e4fff,0x4d4d4dff,0x4c4c4cff,0x4b4b4aff,0x494a4aff,
0x484848ff,0x464747ff,0x454645ff,0x454544ff,0x434343ff,0x424241ff,0x414040ff,0x403f3eff,0x3d3e3dff,0x3d3c3cff,0x3b3b3bff,0x393a3aff,0x383939ff,0x373737ff,0x363636ff,0x353535ff,0x333333ff,0x323132ff,0x303130ff,0x2f2f2fff,0x2e2e2eff,0x2c2c2dff,
0x2b2c2bff,0x2a2a2aff,0x292828ff,0x282727ff,0x252526ff,0x242525ff,0x232323ff,0x212222ff,0x202020ff,0x1f1f1fff,0x1e1e1eff,0x1d1c1cff,0x1b1b1bff,0x1a191aff,0x181818ff,0x161717ff,0x161516ff,0x141414ff,0x131313ff,0x111112ff,0x101010ff,0xf0e0fff,
0xe0d0dff,0xb0c0bff,0xb0a0aff,0x90909ff,0x80708ff,0x70707ff,0x50505ff,0x40403ff,0x20303ff,0x10001ff,0xff,0xff,0xff,0xff,0xff,0xff,0xff,0xff,0xff,0xff,0xff,0xff,
0xff,0xff,0xff,0x100ff,0x20102ff,0x30303ff,0x40404ff,0x60606ff,0x70707ff,0x90909ff,0xa0a0aff,0xc0b0cff,0xc0d0dff,0xe0e0eff,0x10100fff,0x111111ff,0x121212ff,0x141414ff,0x141515ff,0x161616ff,0x181718ff,0x191918ff,
0x1a1a1aff,0x1c1c1cff,0x1d1d1dff,0x1f1f1eff,0x20201fff,0x212121ff,0x222222ff,0x232424ff,0x262525ff,0x272727ff,0x282828ff,0x292929ff,0x2a2b2aff,0x2c2c2cff,0x2d2d2eff,0x2f2e2eff,0x303030ff,0x313131ff,0x323232ff,0x343434ff,0x353535ff,0x363636ff,
0x383838ff,0x393939ff,0x3b3a3aff,0x3c3c3bff,0x3d3d3dff,0x3e3e3eff,0x3f4040ff,0x414141ff,0x434242ff,0x444444ff,0x454445ff,0x474646ff,0x474847ff,0x494948ff,0x4a4a4aff,0x4b4b4bff,0x4c4d4cff,0x4e4d4dff,0x4f4f4eff,0x515150ff,0x515252ff,0x535352ff,
0x555454ff,0x565655ff,0x565757ff,0x585858ff,0x5a5959ff,0x5b5a5aff,0x5b5b5bff,0x5d5d5cff,0x5e5e5eff,0x605f5fff,0x616061ff,0x626261ff,0x636362ff,0x646463ff,0x656565ff,0x666766ff,0x676867ff,0x696969ff,0x6a6a6aff,0x6b6b6bff,0x6c6c6cff,0x6e6d6dff,
0x6f6f6eff,0x70706fff,0x717171ff,0x727271ff,0x737373ff,0x747474ff,0x757474ff,0x767675ff,0x777776ff,0x787877ff,0x797979ff,0x7a7a7aff,0x7a7b7aff,0x7c7b7cff,0x7c7c7cff,0x7e7e7dff,0x7e7e7dff,0x7e7f7fff,0x7f7f7fff,0x808080ff,0x818181ff,0x818281ff,
0x828282ff,0x828382ff,0x838383ff,0x848383ff,0x848483ff,0x848584ff,0x858584ff,0x868585ff,0x868585ff,0x868685ff,0x868686ff,0x868686ff,0x868685ff,0x858685ff,0x868686ff,0x868686ff,0x868686ff,0x868585ff,0x868585ff,0x858584ff,0x858584ff,0x858484ff,
0x848583ff,0x838383ff,0x838383ff,0x838382ff,0x828382ff,0x828181ff,0x818180ff,0x808080ff,0x7f7f7fff,0x7f7e7eff,0x7e7e7dff,0x7d7d7cff,0x7c7c7cff,0x7b7c7bff,0x7b7b7aff,0x7a7a79ff,0x797978ff,0x787878ff,0x777776ff,0x767675ff,0x747574ff,0x747473ff,
0x737373ff,0x717271ff,0x717171ff,0x6f706fff,0x6e6f6eff,0x6d6d6dff,0x6c6c6cff,0x6b6b6bff,0x6a6a69ff,0x686868ff,0x686768ff,0x676666ff,0x666564ff,0x646464ff,0x636363ff,0x626161ff,0x616060ff,0x5f5f5fff,0x5e5f5eff,0x5d5d5dff,0x5c5c5bff,0x5b5a5aff,
0x595959ff,0x585858ff,0x575756ff,0x565655ff,0x545453ff,0x535352ff,0x525152ff,0x505150ff,0x4f4f4fff,0x4e4d4eff,0x4c4c4cff,0x4c4b4bff,0x4a4a4aff,0x494948ff,0x474747ff,0x464646ff,0x454545ff,0x434344ff,0x424342ff,0x414141ff,0x40403fff,0x3e3e3eff,
0x3d3d3dff,0x3c3c3bff,0x3a3b3aff,0x393939ff,0x383838ff,0x373637ff,0x353534ff,0x343434ff,0x333232ff,0x323131ff,0x303030ff,0x2e2f2eff,0x2d2d2dff,0x2b2c2cff,0x2b2a2bff,0x2a2929ff,0x282827ff,0x272726ff,0x252525ff,0x232424ff,0x222322ff,0x212121ff,
0x202020ff,0x1e1f1eff,0x1d1d1dff,0x1b1c1cff,0x1a1a1aff,0x191919ff,0x181818ff,0x161716ff,0x141515ff,0x131314ff,0x121212ff,0x111110ff,0x100f0fff,0xe0e0eff,0xc0c0dff,0xb0b0bff,0xa0a0aff,0x90908ff,0x80707ff,0x60506ff,0x50505ff,0x30303ff,
0x20201ff,0x10100ff,0xff,0xff,0xff,0xff,0xff,0xff,0xff,0xff,0xff,0xff,0xff,0xff,0xff,0xff,0xff,0xff,0x10101ff,0x20303ff,0x40304ff,0x50505ff,
0x70707ff,0x80808ff,0xa0a0aff,0xb0b0aff,0xc0c0cff,0xd0e0eff,0xf0f0fff,0x101010ff,0x121212ff,0x131313ff,0x141514ff,0x161616ff,0x171717ff,0x191818ff,0x191a19ff,0x1b1b1bff,0x1d1c1cff,0x1e1e1eff,0x201f1fff,0x212120ff,0x222222ff,0x232323ff,
0x252524ff,0x262525ff,0x282727ff,0x282829ff,0x292a29ff,0x2b2b2bff,0x2c2c2cff,0x2e2e2eff,0x2f2f2fff,0x313030ff,0x323232ff,0x333333ff,0x353534ff,0x353636ff,0x373737ff,0x383838ff,0x3a3939ff,0x3b3b3bff,0x3c3c3cff,0x3d3e3dff,0x3f3f3eff,0x414040ff,
0x424141ff,0x424343ff,0x444444ff,0x464545ff,0x474647ff,0x484848ff,0x4a4949ff,0x4b4a4aff,0x4c4c4bff,0x4d4d4cff,0x4e4e4eff,0x504f4fff,0x515151ff,0x525251ff,0x535353ff,0x555554ff,0x555555ff,0x575756ff,0x585858ff,0x595a59ff,0x5b5a5aff,0x5c5c5cff,
0x5d5d5cff,0x5e5e5eff,0x5f5f5fff,0x616160ff,0x626162ff,0x636363ff,0x646464ff,0x666565ff,0x666666ff,0x686867ff,0x696968ff,0x6a6a69ff,0x6b6b6aff,0x6c6c6cff,0x6d6d6dff,0x6f6f6eff,0x6f6f6fff,0x717170ff,0x717171ff,0x727272ff,0x737373ff,0x747574ff,
0x757575ff,0x777675ff,0x777777ff,0x787877ff,0x797979ff,0x7a7a79ff,0x7b7a7aff,0x7c7b7bff,0x7d7c7cff,0x7d7d7dff,0x7e7e7dff,0x7e7e7eff,0x7f7f7eff,0x7f807fff,0x80807fff,0x818080ff,0x818181ff,0x828182ff,0x828282ff,0x828282ff,0x828382ff,0x838382ff,
0x848382ff,0x848383ff,0x848483ff,0x848483ff,0x848483ff,0x848383ff,0x848483ff,0x848483ff,0x848383ff,0x838483ff,0x848383ff,0x838382ff,0x838283ff,0x828382ff,0x828282ff,0x828281ff,0x818180ff,0x818180ff,0x80817fff,0x807f7fff,0x7f7f7fff,0x7e7e7dff,
0x7d7d7eff,0x7d7d7cff,0x7c7c7bff,0x7b7b7bff,0x7a7a7aff,0x797a7aff,0x797979ff,0x787878ff,0x777777ff,0x777675ff,0x757675ff,0x747474ff,0x737373ff,0x727272ff,0x717171ff,0x717070ff,0x6f6f6fff,0x6f6e6eff,0x6d6d6dff,0x6c6c6cff,0x6b6b6aff,0x6a696aff,
0x696969ff,0x676867ff,0x666766ff,0x656665ff,0x646463ff,0x636363ff,0x626262ff,0x606060ff,0x60605fff,0x5e5e5eff,0x5d5d5dff,0x5c5c5bff,0x5a5a5bff,0x5a5959ff,0x595858ff,0x575756ff,0x565656ff,0x555554ff,0x535352ff,0x525252ff,0x505051ff,0x504f50ff,
0x4e4e4eff,0x4c4d4cff,0x4b4b4cff,0x4b4b4aff,0x494949ff,0x484847ff,0x474747ff,0x454545ff,0x444444ff,0x434342ff,0x414241ff,0x404040ff,0x3f3f3fff,0x3e3d3dff,0x3d3c3cff,0x3b3b3bff,0x393a39ff,0x383838ff,0x373737ff,0x363636ff,0x353434ff,0x333333ff,
0x323231ff,0x303030ff,0x2f2f2fff,0x2d2e2eff,0x2c2d2cff,0x2b2b2bff,0x2a2a2aff,0x282829ff,0x272727ff,0x262626ff,0x242425ff,0x232324ff,0x222221ff,0x202120ff,0x1f1f1fff,0x1e1e1eff,0x1d1d1cff,0x1b1b1bff,0x1a1a19ff,0x181918ff,0x171717ff,0x161616ff,
0x151515ff,0x131313ff,0x111211ff,0x101010ff,0xf0f0fff,0xd0e0eff,0xc0c0dff,0xb0a0bff,0x90a09ff,0x80808ff,0x70707ff,0x60505ff,0x40404ff,0x30302ff,0x10101ff,0xff,0x10000ff,0xff,0xff,0xff,0xff,0xff,
0xff,0x1ff,0xff,0xff,0xff,0xff,0xff,0xff,0x10000ff,0xff,0x101ff,0x20202ff,0x40304ff,0x50505ff,0x60606ff,0x70808ff,0x90809ff,0xa0a0aff,0xc0c0bff,0xd0d0dff,0xf0e0fff,0x10100fff,
0x111111ff,0x121212ff,0x141414ff,0x151515ff,0x161716ff,0x181717ff,0x191919ff,0x1a1b1aff,0x1c1b1cff,0x1d1d1dff,0x1f1f1eff,0x1f201fff,0x212121ff,0x222322ff,0x242324ff,0x252525ff,0x272627ff,0x282828ff,0x292929ff,0x2a2a2aff,0x2c2c2cff,0x2d2d2dff,
0x2e2e2eff,0x303030ff,0x313131ff,0x323332ff,0x343334ff,0x353535ff,0x363736ff,0x383737ff,0x393938ff,0x3a3b3aff,0x3c3b3cff,0x3d3d3dff,0x3e3e3eff,0x3f3f3fff,0x414040ff,0x424241ff,0x434343ff,0x454544ff,0x464645ff,0x474747ff,0x484848ff,0x4a494aff,
0x4b4b4aff,0x4c4c4bff,0x4e4d4dff,0x4e4f4eff,0x4f4f50ff,0x515151ff,0x525252ff,0x535453ff,0x555455ff,0x565655ff,0x585756ff,0x595857ff,0x5a5a59ff,0x5b5b5aff,0x5b5c5bff,0x5d5d5dff,0x5f5e5dff,0x5f5f5fff,0x606060ff,0x616262ff,0x636363ff,0x646464ff,
0x656564ff,0x676765ff,0x686767ff,0x686868ff,0x696a69ff,0x6a6a6aff,0x6c6c6bff,0x6d6d6cff,0x6d6e6eff,0x6f6f6fff,0x706f6fff,0x717170ff,0x727172ff,0x737372ff,0x747473ff,0x757575ff,0x767575ff,0x777676ff,0x787877ff,0x787878ff,0x797978ff,0x7a7979ff,
0x7b7a7aff,0x7c7b7bff,0x7c7c7cff,0x7d7c7cff,0x7d7d7dff,0x7d7d7dff,0x7e7e7dff,0x7f7f7eff,0x7f7f7eff,0x807f7fff,0x808080ff,0x818080ff,0x818180ff,0x828181ff,0x828281ff,0x828181ff,0x818282ff,0x828282ff,0x828181ff,0x828282ff,0x828281ff,0x828281ff,
0x828181ff,0x828182ff,0x828280ff,0x818281ff,0x818180ff,0x818180ff,0x808180ff,0x7f807fff,0x80807fff,0x7f7f7eff,0x7e7e7dff,0x7e7e7eff,0x7d7d7cff,0x7c7c7cff,0x7c7b7bff,0x7b7b7bff,0x7b7a7aff,0x797979ff,0x797978ff,0x797878ff,0x777777ff,0x767676ff,
0x767575ff,0x757574ff,0x747473ff,0x737372ff,0x727271ff,0x717071ff,0x707070ff,0x6f6f6fff,0x6e6e6dff,0x6d6d6cff,0x6c6c6cff,0x6b6a6bff,0x6a6969ff,0x696968ff,0x676867ff,0x666666ff,0x666665ff,0x646464ff,0x636363ff,0x616162ff,0x606160ff,0x5f605fff,
0x5f5f5eff,0x5d5d5dff,0x5c5c5bff,0x5b5b5aff,0x595a59ff,0x585858ff,0x575757ff,0x565656ff,0x555554ff,0x535453ff,0x525252ff,0x515151ff,0x50504fff,0x4f4f4eff,0x4d4d4dff,0x4c4c4cff,0x4a4a4bff,0x4a4949ff,0x484848ff,0x474747ff,0x464646ff,0x454544ff,
0x434343ff,0x424242ff,0x414140ff,0x3f3f3fff,0x3e3e3eff,0x3d3d3cff,0x3b3b3cff,0x3a3a3aff,0x393939ff,0x383737ff,0x373636ff,0x353535ff,0x333333ff,0x333232ff,0x313131ff,0x302f30ff,0x2e2e2eff,0x2e2d2dff,0x2c2c2cff,0x2b2b2aff,0x292929ff,0x282728ff,
0x262726ff,0x252525ff,0x232424ff,0x232223ff,0x212221ff,0x20201fff,0x1f1f1eff,0x1d1d1dff,0x1c1c1cff,0x1a1a1aff,0x191919ff,0x181818ff,0x171716ff,0x151515ff,0x141414ff,0x121312ff,0x111111ff,0x100f0fff,0xf0f0eff,0xd0d0cff,0xc0b0bff,0xb0b0aff,
0x90908ff,0x70808ff,0x60606ff,0x40505ff,0x30303ff,0x20302ff,0x10100ff,0xff,0xff,0xff,0xff,0xff,0x100ff,0xff,0xff,0xff,0xff,0xff,0xff,0xff,0xff,0xff,
0xff,0xff,0x100ff,0x20102ff,0x30303ff,0x40504ff,0x50506ff,0x70706ff,0x80809ff,0xa0a0aff,0xb0b0bff,0xd0d0cff,0xd0d0eff,0xf0f0fff,0x101111ff,0x121212ff,0x131313ff,0x151514ff,0x161616ff,0x171817ff,0x191818ff,0x1a1a1aff,
0x1b1b1bff,0x1c1c1cff,0x1e1e1eff,0x1f1f20ff,0x212121ff,0x222221ff,0x232323ff,0x252524ff,0x262626ff,0x272727ff,0x282929ff,0x2a2a29ff,0x2b2b2bff,0x2c2c2cff,0x2e2e2dff,0x2f2f2fff,0x313030ff,0x313231ff,0x333332ff,0x343434ff,0x353536ff,0x363737ff,
0x383838ff,0x393939ff,0x3b3b3aff,0x3c3c3cff,0x3d3d3dff,0x3f3f3fff,0x40403fff,0x414141ff,0x434242ff,0x444443ff,0x454545ff,0x464646ff,0x474747ff,0x494849ff,0x4a4a49ff,0x4c4b4bff,0x4c4c4cff,0x4e4e4eff,0x4f4f4eff,0x505050ff,0x525151ff,0x525252ff,
0x545353ff,0x555554ff,0x565755ff,0x575757ff,0x585958ff,0x5a5959ff,0x5b5b5aff,0x5c5c5cff,0x5d5d5dff,0x5e5e5eff,0x60605fff,0x616160ff,0x616162ff,0x626262ff,0x646463ff,0x656564ff,0x666666ff,0x686767ff,0x686968ff,0x696969ff,0x6a6a6aff,0x6b6b6bff,
0x6d6d6cff,0x6e6d6dff,0x6f6f6eff,0x6f706fff,0x707170ff,0x717171ff,0x727272ff,0x737372ff,0x747474ff,0x747475ff,0x767675ff,0x767675ff,0x777777ff,0x787877ff,0x797879ff,0x7a7979ff,0x7a7a79ff,0x7b7b7aff,0x7b7b7bff,0x7c7c7cff,0x7c7d7cff,0x7d7d7cff,
0x7e7d7dff,0x7e7e7eff,0x7e7e7dff,0x7e7e7eff,0x7f7e7fff,0x7f7f7eff,0x807f7fff,0x7f807fff,0x80807fff,0x80807fff,0x7f8080ff,0x7f807fff,0x80807fff,0x7f807fff,0x7f807fff,0x7f807fff,0x7f7f7eff,0x7f7f7fff,0x7e7f7fff,0x7e7e7eff,0x7e7e7dff,0x7e7e7eff,
0x7e7d7dff,0x7d7d7cff,0x7d7c7cff,0x7c7c7cff,0x7b7c7aff,0x7b7a7aff,0x7a7a7aff,0x797a79ff,0x797978ff,0x787878ff,0x787877ff,0x767776ff,0x767675ff,0x757574ff,0x747474ff,0x747373ff,0x727272ff,0x717171ff,0x717170ff,0x6f706fff,0x6f6e6eff,0x6d6d6dff,
0x6c6d6cff,0x6b6b6bff,0x6b6a6aff,0x6a6969ff,0x696968ff,0x686766ff,0x666665ff,0x656565ff,0x646463ff,0x636262ff,0x616261ff,0x616060ff,0x5f5f5fff,0x5e5e5dff,0x5d5d5cff,0x5c5c5cff,0x5a5b5aff,0x5a5959ff,0x585958ff,0x575757ff,0x565656ff,0x545554ff,
0x545353ff,0x535253ff,0x515150ff,0x505050ff,0x4f4f4eff,0x4e4d4dff,0x4c4d4cff,0x4b4b4bff,0x4a4a4aff,0x494949ff,0x484747ff,0x464646ff,0x454545ff,0x444443ff,0x434342ff,0x414140ff,0x40403fff,0x3f3f3eff,0x3d3d3dff,0x3c3c3cff,0x3b3a3aff,0x393939ff,
0x383838ff,0x363737ff,0x353535ff,0x343434ff,0x323333ff,0x323232ff,0x313030ff,0x2f2f2fff,0x2e2e2dff,0x2d2d2dff,0x2b2b2bff,0x2a2a29ff,0x282928ff,0x272727ff,0x262625ff,0x242425ff,0x232323ff,0x222221ff,0x202021ff,0x1f201fff,0x1e1e1eff,0x1d1d1cff,
0x1b1b1bff,0x1a1a19ff,0x191819ff,0x171717ff,0x161616ff,0x151515ff,0x131413ff,0x121212ff,0x101111ff,0x100f0fff,0xd0e0dff,0xc0d0cff,0xb0b0bff,0xa0a0aff,0x90908ff,0x70707ff,0x50606ff,0x40505ff,0x30303ff,0x20202ff,0xff,0x10000ff,
0xff,0xff,0xff,0xff,0xff,0xff,0xff,0xff,0xff,0xff,0xff,0xff,0x1ff,0x10000ff,0x100ff,0xff,0xff,0x10101ff,0x20203ff,0x40404ff,0x50505ff,0x60707ff,
0x80808ff,0xa0909ff,0xb0a0aff,0xc0c0cff,0xd0d0dff,0xe0f0fff,0x101010ff,0x111111ff,0x121312ff,0x141414ff,0x161515ff,0x171716ff,0x181818ff,0x191a1aff,0x1b1b1aff,0x1c1c1bff,0x1d1d1eff,0x1e1e1eff,0x1f2020ff,0x222121ff,0x232323ff,0x242424ff,
0x252525ff,0x262726ff,0x272828ff,0x292929ff,0x2a2a2aff,0x2c2c2bff,0x2d2d2dff,0x2f2e2eff,0x30302fff,0x313131ff,0x333232ff,0x343333ff,0x353535ff,0x363636ff,0x383737ff,0x393838ff,0x3a3a3aff,0x3b3b3bff,0x3c3c3cff,0x3e3e3dff,0x3f3f3eff,0x404140ff,
0x424241ff,0x424343ff,0x444444ff,0x454545ff,0x464646ff,0x484748ff,0x494949ff,0x4a4a49ff,0x4b4b4bff,0x4d4c4cff,0x4e4e4dff,0x4f4f4fff,0x505050ff,0x515251ff,0x535252ff,0x535453ff,0x555555ff,0x565756ff,0x585757ff,0x585859ff,0x5a5959ff,0x5b5a5aff,
0x5c5c5cff,0x5d5d5dff,0x5e5e5eff,0x605f5fff,0x606060ff,0x616162ff,0x626262ff,0x636464ff,0x656565ff,0x656566ff,0x676666ff,0x686867ff,0x696969ff,0x6a6a69ff,0x6b6b6aff,0x6b6c6cff,0x6d6d6cff,0x6e6e6dff,0x6f6f6eff,0x6f706fff,0x707170ff,0x717171ff,
0x737372ff,0x737373ff,0x747474ff,0x747575ff,0x767675ff,0x777776ff,0x777777ff,0x787777ff,0x787878ff,0x797878ff,0x7a7979ff,0x7a7a7aff,0x7a7a7aff,0x7b7c7bff,0x7c7c7bff,0x7c7c7bff,0x7c7c7cff,0x7d7c7cff,0x7d7c7dff,0x7e7d7cff,0x7d7d7cff,0x7e7e7dff,
0x7e7e7eff,0x7e7d7eff,0x7e7e7dff,0x7e7e7eff,0x7e7e7dff,0x7d7e7dff,0x7d7d7dff,0x7d7e7dff,0x7e7e7cff,0x7d7d7dff,0x7d7d7dff,0x7c7c7cff,0x7c7c7cff,0x7c7c7cff,0x7c7b7bff,0x7b7b7bff,0x7a7b7aff,0x7a7a79ff,0x797a79ff,0x797978ff,0x787878ff,0x777777ff,
0x777777ff,0x777676ff,0x757575ff,0x747474ff,0x747473ff,0x737372ff,0x727372ff,0x727271ff,0x707171ff,0x6f706fff,0x6e6e6fff,0x6e6e6dff,0x6d6c6cff,0x6c6c6cff,0x6b6b6aff,0x6a6a69ff,0x696968ff,0x686868ff,0x676767ff,0x666666ff,0x656564ff,0x646463ff,
0x636262ff,0x626161ff,0x616160ff,0x5f5f5eff,0x5e5f5eff,0x5d5d5cff,0x5c5b5cff,0x5b5b5aff,0x595a5aff,0x595958ff,0x575857ff,0x565656ff,0x555554ff,0x545454ff,0x535352ff,0x515251ff,0x505050ff,0x4f4f4fff,0x4e4e4dff,0x4d4c4dff,0x4b4b4bff,0x4a4a4aff,
0x494948ff,0x474847ff,0x474646ff,0x464645ff,0x444443ff,0x434343ff,0x414141ff,0x404040ff,0x3f3f3eff,0x3d3d3dff,0x3c3d3cff,0x3b3b3bff,0x3a393aff,0x383938ff,0x373837ff,0x363636ff,0x343535ff,0x343333ff,0x323232ff,0x313131ff,0x2f302fff,0x2e2e2fff,
0x2d2d2dff,0x2b2c2cff,0x2a2a2aff,0x292929ff,0x282827ff,0x272626ff,0x252525ff,0x232424ff,0x232322ff,0x212121ff,0x202020ff,0x1e1f1fff,0x1d1d1dff,0x1c1c1cff,0x1b1b1bff,0x1a1919ff,0x181817ff,0x171716ff,0x151515ff,0x141414ff,0x131213ff,0x111211ff,
0x100f10ff,0xe0f0fff,0xd0d0dff,0xc0c0cff,0xb0a0aff,0x90909ff,0x80808ff,0x70706ff,0x50505ff,0x40403ff,0x20302ff,0x10101ff,0xff,0xff,0xff,0xff,0x10000ff,0xff,0xff,0xff,0xff,0xff,
0xff,0xff,0xff,0xff,0xff,0xff,0x1ff,0xff,0xff,0x10100ff,0x20202ff,0x30303ff,0x40504ff,0x60606ff,0x70807ff,0x90909ff,0xa0a0aff,0xc0c0cff,0xd0d0dff,0xe0d0eff,0x100f10ff,0x111011ff,
0x121212ff,0x131313ff,0x141414ff,0x161615ff,0x181817ff,0x191819ff,0x1a1a1aff,0x1b1b1bff,0x1c1c1cff,0x1e1e1eff,0x1f1f20ff,0x202020ff,0x222221ff,0x232323ff,0x252424ff,0x262626ff,0x272727ff,0x282928ff,0x2a2a2aff,0x2b2b2aff,0x2c2c2cff,0x2e2e2eff,
0x2f2f2eff,0x303130ff,0x323131ff,0x323233ff,0x343434ff,0x353535ff,0x373636ff,0x383837ff,0x393939ff,0x3a3a3aff,0x3b3b3cff,0x3d3d3cff,0x3e3e3eff,0x403f3fff,0x404041ff,0x424242ff,0x434342ff,0x444444ff,0x464645ff,0x464747ff,0x484847ff,0x494949ff,
0x4a4a4aff,0x4c4c4cff,0x4d4c4dff,0x4e4e4dff,0x4f4f4fff,0x505050ff,0x525151ff,0x525352ff,0x545454ff,0x555555ff,0x565656ff,0x575757ff,0x595959ff,0x595a5aff,0x5b5b5aff,0x5c5c5cff,0x5d5d5dff,0x5e5e5dff,0x5f5f5fff,0x616060ff,0x626261ff,0x636262ff,
0x646463ff,0x656564ff,0x656665ff,0x676767ff,0x686867ff,0x696968ff,0x6a6969ff,0x6a6a6aff,0x6c6b6bff,0x6d6c6cff,0x6e6d6dff,0x6e6e6eff,0x6f6f6eff,0x707070ff,0x717071ff,0x727271ff,0x727372ff,0x737373ff,0x737373ff,0x757574ff,0x757575ff,0x767575ff,
0x777776ff,0x777777ff,0x787877ff,0x787878ff,0x797978ff,0x797979ff,0x7a7a79ff,0x7a7a79ff,0x7a7a7aff,0x7b7a7aff,0x7b7b7bff,0x7b7b7aff,0x7b7b7bff,0x7b7b7cff,0x7b7c7bff,0x7c7c7cff,0x7c7c7bff,0x7c7c7bff,0x7c7c7bff,0x7c7c7bff,0x7c7b7bff,0x7c7b7bff,
0x7c7b7bff,0x7b7c7bff,0x7b7b7aff,0x7a7b7aff,0x7b7b7aff,0x7a7a79ff,0x797a79ff,0x797979ff,0x787978ff,0x797878ff,0x777777ff,0x777777ff,0x767776ff,0x767675ff,0x757575ff,0x747574ff,0x747373ff,0x737373ff,0x737272ff,0x717271ff,0x717170ff,0x6f706fff,
0x6f6f6fff,0x6e6e6eff,0x6d6d6dff,0x6c6c6cff,0x6b6b6bff,0x6b6b6aff,0x696969ff,0x686968ff,0x676767ff,0x676766ff,0x656665ff,0x656564ff,0x646363ff,0x626362ff,0x616261ff,0x606060ff,0x605f5fff,0x5e5e5eff,0x5d5d5cff,0x5c5b5cff,0x5b5b5aff,0x5a5a59ff,
0x585858ff,0x575857ff,0x565656ff,0x555555ff,0x545454ff,0x535353ff,0x515151ff,0x505050ff,0x4f4f4fff,0x4e4e4eff,0x4d4c4dff,0x4c4c4bff,0x4a4b4aff,0x494949ff,0x484848ff,0x464646ff,0x464545ff,0x444544ff,0x434343ff,0x424242ff,0x404141ff,0x3f3f40ff,
0x3e3e3eff,0x3d3d3dff,0x3c3c3cff,0x3a3a3aff,0x393939ff,0x383837ff,0x363636ff,0x363635ff,0x343434ff,0x323232ff,0x313131ff,0x313030ff,0x2f2f2fff,0x2e2e2eff,0x2d2c2cff,0x2b2b2bff,0x29292aff,0x282828ff,0x272726ff,0x262625ff,0x252424ff,0x232323ff,
0x222221ff,0x202020ff,0x1f201fff,0x1e1e1eff,0x1d1c1cff,0x1b1b1bff,0x191a1aff,0x191919ff,0x171718ff,0x161616ff,0x141414ff,0x131413ff,0x121211ff,0x101010ff,0xf0f0fff,0xe0d0eff,0xd0d0cff,0xb0b0bff,0xa0a0aff,0x90909ff,0x70807ff,0x60606ff,
0x50505ff,0x30303ff,0x20202ff,0x100ff,0xff,0xff,0x10000ff,0xff,0xff,0x100ff,0x1ff,0xff,0xff,0xff,0xff,0x100ff,0xff,0xff,0xff,0xff,0xff,0xff,
0x10000ff,0xff,0x10101ff,0x30202ff,0x40404ff,0x50505ff,0x60706ff,0x80808ff,0xa090aff,0xb0b0aff,0xc0c0cff,0xd0d0dff,0xf0f0fff,0x101010ff,0x111111ff,0x131313ff,0x141414ff,0x151615ff,0x161717ff,0x181818ff,0x191919ff,0x1b1b1bff,
0x1c1c1cff,0x1d1d1dff,0x1e1f1eff,0x202020ff,0x212121ff,0x232222ff,0x232424ff,0x252525ff,0x262726ff,0x272827ff,0x292928ff,0x2a2a2bff,0x2b2b2bff,0x2c2d2dff,0x2e2e2eff,0x30302fff,0x303130ff,0x323232ff,0x333333ff,0x343534ff,0x363635ff,0x373737ff,
0x383838ff,0x3a3a39ff,0x3b3a3aff,0x3c3c3cff,0x3d3d3dff,0x3e3f3eff,0x403f3fff,0x414041ff,0x434242ff,0x434343ff,0x454544ff,0x464645ff,0x474746ff,0x484848ff,0x494949ff,0x4a4b4bff,0x4c4c4cff,0x4d4d4cff,0x4e4e4eff,0x50504fff,0x515050ff,0x525151ff,
0x535352ff,0x545453ff,0x555554ff,0x575656ff,0x585757ff,0x595858ff,0x595a59ff,0x5b5a5aff,0x5b5c5cff,0x5d5d5dff,0x5e5e5eff,0x5f5f5eff,0x606060ff,0x626161ff,0x626261ff,0x636363ff,0x646464ff,0x656565ff,0x666766ff,0x676867ff,0x686867ff,0x696969ff,
0x6a6969ff,0x6b6a6aff,0x6c6c6cff,0x6d6d6cff,0x6d6e6dff,0x6e6e6eff,0x6f6f6fff,0x6f706fff,0x717170ff,0x717271ff,0x727372ff,0x737273ff,0x747373ff,0x747473ff,0x747574ff,0x757575ff,0x767675ff,0x777675ff,0x777676ff,0x777877ff,0x787778ff,0x787978ff,
0x787878ff,0x797879ff,0x797978ff,0x7a7a79ff,0x797a79ff,0x7a7a79ff,0x7a7979ff,0x7a7a79ff,0x7a7a7aff,0x7a7a7aff,0x7a7a79ff,0x7a7a79ff,0x797a7aff,0x797979ff,0x7a797aff,0x7a7a79ff,0x797979ff,0x797878ff,0x797978ff,0x797878ff,0x777777ff,0x777777ff,
0x767777ff,0x767676ff,0x767575ff,0x757575ff,0x757574ff,0x747473ff,0x737373ff,0x727372ff,0x727272ff,0x727171ff,0x717070ff,0x70706fff,0x6f6f6eff,0x6f6f6eff,0x6e6d6dff,0x6d6d6cff,0x6b6c6cff,0x6b6b6aff,0x6a6a69ff,0x696969ff,0x686867ff,0x676766ff,
0x666666ff,0x656565ff,0x646564ff,0x636363ff,0x626362ff,0x616160ff,0x606060ff,0x5f5f5fff,0x5e5e5eff,0x5d5c5cff,0x5c5c5cff,0x5b5b5bff,0x5a5a59ff,0x585858ff,0x575757ff,0x565656ff,0x555555ff,0x545454ff,0x535353ff,0x525251ff,0x515050ff,0x4f4f4fff,
0x4e4e4eff,0x4d4d4cff,0x4c4c4cff,0x4b4a4aff,0x494a4aff,0x484948ff,0x474747ff,0x464646ff,0x454545ff,0x434344ff,0x424242ff,0x414041ff,0x40403fff,0x3f3f3fff,0x3d3e3dff,0x3c3c3cff,0x3b3b3aff,0x393a39ff,0x383838ff,0x373737ff,0x363636ff,0x353534ff,
0x333333ff,0x323132ff,0x303130ff,0x2f2f2fff,0x2f2e2eff,0x2d2c2dff,0x2b2c2cff,0x2a2a2aff,0x292929ff,0x282827ff,0x262726ff,0x252525ff,0x242424ff,0x232322ff,0x212221ff,0x201f20ff,0x1f1f1eff,0x1d1e1eff,0x1c1c1cff,0x1b1a1bff,0x191919ff,0x181818ff,
0x171717ff,0x161515ff,0x141414ff,0x121212ff,0x111111ff,0x101010ff,0xf0f0eff,0xe0d0dff,0xc0c0cff,0xa0b0bff,0xa090aff,0x70808ff,0x70707ff,0x50605ff,0x40404ff,0x30302ff,0x10102ff,0xff,0xff,0x10000ff,0xff,0xff,
0xff,0xff,0xff,0x10000ff,0xff,0xff,0xff,0xff,0xff,0xff,0x10000ff,0xff,0xff,0xff,0xff,0xff,0x10100ff,0x20202ff,0x30303ff,0x50404ff,0x60606ff,0x70707ff,
0x90909ff,0xa0a0aff,0xc0c0bff,0xd0d0dff,0xe0e0eff,0xf0f0fff,0x111110ff,0x121212ff,0x131314ff,0x151514ff,0x161516ff,0x171717ff,0x191918ff,0x1a1a19ff,0x1b1b1bff,0x1c1d1cff,0x1e1e1eff,0x201f1fff,0x202020ff,0x222222ff,0x232323ff,0x252424ff,
0x262525ff,0x272727ff,0x282828ff,0x2a2929ff,0x2b2a2bff,0x2c2c2cff,0x2d2d2dff,0x2f2e2eff,0x303030ff,0x313131ff,0x323232ff,0x333333ff,0x353435ff,0x373636ff,0x373737ff,0x393939ff,0x3a3a3aff,0x3b3b3bff,0x3c3c3cff,0x3d3e3eff,0x3f3f3eff,0x40403fff,
0x414141ff,0x434242ff,0x444443ff,0x454544ff,0x464646ff,0x474747ff,0x484948ff,0x494949ff,0x4a4b4bff,0x4c4c4cff,0x4d4d4dff,0x4e4f4eff,0x504f4fff,0x515051ff,0x515251ff,0x535353ff,0x545453ff,0x555555ff,0x565656ff,0x585757ff,0x595958ff,0x595959ff,
0x5a5b5bff,0x5c5b5cff,0x5d5d5cff,0x5e5e5dff,0x5f5f5fff,0x606060ff,0x616060ff,0x626261ff,0x626362ff,0x646463ff,0x656564ff,0x666665ff,0x676767ff,0x676867ff,0x696868ff,0x6a6969ff,0x6a6a69ff,0x6b6b6bff,0x6c6c6bff,0x6c6d6cff,0x6d6d6eff,0x6f6f6eff,
0x6f6f6fff,0x6f706fff,0x717070ff,0x717171ff,0x727271ff,0x737272ff,0x737372ff,0x737373ff,0x747474ff,0x757574ff,0x757575ff,0x757675ff,0x767675ff,0x767776ff,0x777676ff,0x777776ff,0x777877ff,0x777777ff,0x777877ff,0x777777ff,0x787877ff,0x787878ff,
0x787878ff,0x787877ff,0x787877ff,0x787877ff,0x787877ff,0x777777ff,0x787777ff,0x787777ff,0x777777ff,0x777676ff,0x767676ff,0x767676ff,0x767576ff,0x757575ff,0x757574ff,0x747474ff,0x747473ff,0x737373ff,0x737372ff,0x737272ff,0x717272ff,0x717171ff,
0x717170ff,0x70706fff,0x706f6eff,0x6e6f6dff,0x6d6e6dff,0x6d6c6dff,0x6c6c6bff,0x6b6b6aff,0x6a6b6aff,0x696969ff,0x686968ff,0x686867ff,0x676767ff,0x666665ff,0x656564ff,0x636463ff,0x636362ff,0x616262ff,0x616061ff,0x606060ff,0x5f5f5eff,0x5e5e5eff,
0x5c5c5cff,0x5c5c5cff,0x5b5b5aff,0x595959ff,0x595858ff,0x575757ff,0x565656ff,0x555555ff,0x545453ff,0x535352ff,0x525251ff,0x505150ff,0x4f4f4fff,0x4f4e4eff,0x4d4d4dff,0x4c4c4cff,0x4b4b4aff,0x4a4a49ff,0x484848ff,0x474847ff,0x464646ff,0x444544ff,
0x434343ff,0x424242ff,0x414141ff,0x404040ff,0x3f3e3fff,0x3e3d3dff,0x3c3c3cff,0x3b3c3bff,0x3a393aff,0x393938ff,0x383738ff,0x363636ff,0x353534ff,0x333334ff,0x323232ff,0x313131ff,0x303030ff,0x2f2f2fff,0x2d2d2dff,0x2c2c2cff,0x2b2b2bff,0x292a2aff,
0x282828ff,0x272727ff,0x262625ff,0x252524ff,0x232323ff,0x222222ff,0x212120ff,0x201f1fff,0x1e1e1eff,0x1c1d1dff,0x1c1c1cff,0x1a1a1aff,0x191918ff,0x181717ff,0x161616ff,0x141515ff,0x131313ff,0x121212ff,0x101010ff,0xf0f0fff,0xe0e0eff,0xd0d0dff,
0xc0c0bff,0xa0a0aff,0x80809ff,0x80707ff,0x60606ff,0x50505ff,0x40303ff,0x20202ff,0x100ff,0xff,0xff,0xff,0xff,0xff,0xff,0x1ff,0x100ff,0xff,0x100ff,0xff,0xff,0xff,
0x10001ff,0xff,0xff,0xff,0x100ff,0xff,0xff,0xff,0x10000ff,0x10201ff,0x30303ff,0x50404ff,0x60605ff,0x70707ff,0x80808ff,0x90909ff,0xb0a0bff,0xc0c0cff,0xe0e0dff,0xe0e0eff,0x101010ff,0x111212ff,
0x131213ff,0x141414ff,0x151615ff,0x171716ff,0x181818ff,0x191a1aff,0x1a1a1bff,0x1c1c1cff,0x1d1d1dff,0x1f1e1eff,0x202020ff,0x212121ff,0x222222ff,0x242424ff,0x252524ff,0x272626ff,0x282828ff,0x282929ff,0x2a2a2aff,0x2b2b2bff,0x2c2c2cff,0x2e2e2eff,
0x2f2f2fff,0x303030ff,0x313131ff,0x333332ff,0x343434ff,0x363536ff,0x363636ff,0x383737ff,0x393939ff,0x3a3b3aff,0x3b3b3bff,0x3d3c3cff,0x3e3e3eff,0x3f3f3eff,0x404140ff,0x414141ff,0x434243ff,0x434444ff,0x454545ff,0x474646ff,0x474847ff,0x484948ff,
0x4a4a4aff,0x4b4b4bff,0x4c4c4cff,0x4d4e4dff,0x4e4e4eff,0x4f5050ff,0x515151ff,0x525251ff,0x535353ff,0x545454ff,0x555554ff,0x565656ff,0x575757ff,0x585858ff,0x5a5959ff,0x5b5a5aff,0x5b5b5bff,0x5d5c5cff,0x5e5e5dff,0x5f5e5eff,0x605f5fff,0x606060ff,
0x616261ff,0x636262ff,0x636363ff,0x646464ff,0x656565ff,0x666666ff,0x676766ff,0x686868ff,0x686969ff,0x696969ff,0x6b6a6aff,0x6b6b6aff,0x6c6c6cff,0x6c6d6cff,0x6d6e6dff,0x6e6e6dff,0x6f6f6fff,0x706f6fff,0x707070ff,0x717070ff,0x717271ff,0x717272ff,
0x737272ff,0x737372ff,0x737473ff,0x747473ff,0x747474ff,0x757474ff,0x747474ff,0x757674ff,0x757675ff,0x767675ff,0x757676ff,0x767676ff,0x767675ff,0x767675ff,0x767675ff,0x777676ff,0x767776ff,0x767675ff,0x767676ff,0x767675ff,0x767675ff,0x767675ff,
0x757575ff,0x757574ff,0x757574ff,0x757474ff,0x747473ff,0x747373ff,0x737373ff,0x727372ff,0x727272ff,0x727271ff,0x727170ff,0x717170ff,0x707070ff,0x70706fff,0x6e6f6fff,0x6e6e6eff,0x6e6d6dff,0x6d6d6cff,0x6c6c6cff,0x6b6b6aff,0x6b6a6aff,0x6a6a6aff,
0x686868ff,0x686868ff,0x676766ff,0x676666ff,0x656665ff,0x646564ff,0x636363ff,0x636362ff,0x616161ff,0x606160ff,0x5f6060ff,0x5f5f5eff,0x5e5e5dff,0x5d5c5cff,0x5c5c5bff,0x5a5b5aff,0x595959ff,0x595958ff,0x575757ff,0x575656ff,0x555555ff,0x545453ff,
0x535352ff,0x525252ff,0x515151ff,0x4f504fff,0x4e4e4eff,0x4e4e4dff,0x4c4c4bff,0x4b4b4bff,0x494a4aff,0x484849ff,0x484747ff,0x464646ff,0x454545ff,0x444344ff,0x434343ff,0x424141ff,0x404040ff,0x3f3f3fff,0x3e3e3dff,0x3d3c3dff,0x3c3b3bff,0x3a3a3aff,
0x393938ff,0x383737ff,0x373736ff,0x353635ff,0x343434ff,0x333232ff,0x313132ff,0x313130ff,0x2f2f2eff,0x2e2e2eff,0x2d2c2dff,0x2b2b2bff,0x292a2aff,0x292828ff,0x272728ff,0x272626ff,0x252524ff,0x232323ff,0x222322ff,0x212121ff,0x202020ff,0x1e1f1fff,
0x1e1e1dff,0x1c1c1cff,0x1b1b1bff,0x191919ff,0x181818ff,0x161716ff,0x151516ff,0x141414ff,0x131212ff,0x111211ff,0x10100fff,0xf0f0fff,0xd0d0dff,0xc0c0cff,0xb0b0aff,0x90a0aff,0x80808ff,0x60707ff,0x50505ff,0x40404ff,0x30302ff,0x20201ff,
0x10000ff,0xff,0xff,0x100ff,0xff,0xff,0xff,0x10001ff,0xff,0xff,0xff,0x10000ff,0xff,0xff,0xff,0xff,0xff,0xff,0xff,0xff,0xff,0xff,
0xff,0x10001ff,0x20202ff,0x30304ff,0x50505ff,0x60606ff,0x80707ff,0x90909ff,0xa0a0aff,0xb0b0bff,0xc0d0dff,0xe0e0eff,0xf1010ff,0x101111ff,0x121211ff,0x131413ff,0x151514ff,0x161616ff,0x171717ff,0x191818ff,0x1a1a1aff,0x1b1b1bff,
0x1d1c1dff,0x1e1e1dff,0x1f1f1fff,0x202020ff,0x212121ff,0x232323ff,0x242424ff,0x252526ff,0x272726ff,0x282827ff,0x2a2929ff,0x2a2a2aff,0x2b2b2bff,0x2d2d2cff,0x2e2e2eff,0x30302fff,0x313130ff,0x323232ff,0x343333ff,0x343535ff,0x363636ff,0x373737ff,
0x383938ff,0x393939ff,0x3b3a3bff,0x3c3c3cff,0x3d3d3dff,0x3e3e3eff,0x3f403fff,0x404140ff,0x414142ff,0x434343ff,0x454444ff,0x464545ff,0x474746ff,0x484747ff,0x484948ff,0x4a4a4aff,0x4b4b4bff,0x4c4c4cff,0x4d4e4dff,0x4e4f4eff,0x505050ff,0x505050ff,
0x525252ff,0x535352ff,0x545453ff,0x555555ff,0x565655ff,0x575757ff,0x585857ff,0x595959ff,0x5a5b5aff,0x5c5b5bff,0x5c5c5cff,0x5d5e5dff,0x5e5e5eff,0x5f5f5fff,0x616060ff,0x616161ff,0x626262ff,0x636362ff,0x646463ff,0x656564ff,0x656566ff,0x666766ff,
0x676767ff,0x686867ff,0x696968ff,0x6a6a69ff,0x6a6a69ff,0x6b6c6bff,0x6b6c6bff,0x6d6d6cff,0x6d6d6dff,0x6d6d6eff,0x6e6f6eff,0x6f6f6eff,0x6f6f6fff,0x70706fff,0x707170ff,0x717170ff,0x727171ff,0x727172ff,0x727272ff,0x727372ff,0x737372ff,0x747373ff,
0x747373ff,0x737473ff,0x747473ff,0x747474ff,0x757574ff,0x747473ff,0x747574ff,0x757474ff,0x757474ff,0x757573ff,0x747474ff,0x747474ff,0x747474ff,0x747373ff,0x737473ff,0x737373ff,0x737372ff,0x727273ff,0x727272ff,0x727272ff,0x717272ff,0x717170ff,
0x717070ff,0x707070ff,0x70706fff,0x6f6f6eff,0x6e6e6eff,0x6e6e6eff,0x6d6d6dff,0x6c6d6cff,0x6b6c6bff,0x6b6b6bff,0x6a6b6aff,0x696969ff,0x696868ff,0x686868ff,0x676867ff,0x676666ff,0x656565ff,0x646564ff,0x646464ff,0x636362ff,0x626161ff,0x616161ff,
0x606060ff,0x605f5fff,0x5e5e5dff,0x5d5e5dff,0x5c5d5cff,0x5b5b5bff,0x5a5a5aff,0x5a5959ff,0x585858ff,0x575857ff,0x565656ff,0x555555ff,0x545453ff,0x535352ff,0x515151ff,0x515150ff,0x4f504fff,0x4e4e4eff,0x4d4d4dff,0x4c4c4cff,0x4b4b4bff,0x4a4a4aff,
0x494949ff,0x484847ff,0x474746ff,0x454545ff,0x444444ff,0x434343ff,0x424241ff,0x404140ff,0x3f3f3fff,0x3f3e3eff,0x3d3d3cff,0x3c3c3cff,0x3b3b3bff,0x393939ff,0x383838ff,0x373737ff,0x363535ff,0x353535ff,0x333333ff,0x323232ff,0x313131ff,0x2f302fff,
0x2e2e2eff,0x2d2d2dff,0x2c2c2cff,0x2b2a2aff,0x292a29ff,0x282828ff,0x272627ff,0x252525ff,0x242424ff,0x232323ff,0x212221ff,0x202021ff,0x1f1f1fff,0x1e1d1dff,0x1c1c1cff,0x1b1b1bff,0x191a1aff,0x181918ff,0x181717ff,0x161616ff,0x141415ff,0x131413ff,
0x121212ff,0x101111ff,0x100f0fff,0xe0e0eff,0xd0d0dff,0xc0b0bff,0xa0a0aff,0x90809ff,0x80707ff,0x70607ff,0x40505ff,0x40304ff,0x20202ff,0x10001ff,0xff,0x100ff,0xff,0xff,0xff,0x100ff,0x10000ff,0xff,
0x10000ff,0xff,0x1ff,0xff,0xff,0xff,0x1ff,0x10000ff,0xff,0xff,0x100ff,0xff,0xff,0xff,0xff,0xff,0x20201ff,0x30303ff,0x40404ff,0x60506ff,0x60706ff,0x80808ff,
0xa090aff,0xb0b0bff,0xd0c0cff,0xd0d0dff,0xf0e0eff,0x101010ff,0x111211ff,0x121213ff,0x141413ff,0x151616ff,0x171616ff,0x181818ff,0x191919ff,0x1a1b1aff,0x1b1b1cff,0x1d1d1dff,0x1f1e1eff,0x202020ff,0x212121ff,0x222222ff,0x232423ff,0x252524ff,
0x262626ff,0x282727ff,0x292929ff,0x2a292aff,0x2b2a2bff,0x2c2c2cff,0x2e2d2dff,0x2f2f2eff,0x303030ff,0x313131ff,0x333232ff,0x343433ff,0x343534ff,0x363636ff,0x373737ff,0x383938ff,0x393939ff,0x3a3b3bff,0x3c3c3bff,0x3d3d3dff,0x3e3e3eff,0x403f40ff,
0x414140ff,0x424241ff,0x434342ff,0x444444ff,0x464545ff,0x464746ff,0x484847ff,0x494948ff,0x4a4a4aff,0x4b4c4bff,0x4d4c4cff,0x4d4d4dff,0x4f4e4eff,0x4f5050ff,0x515151ff,0x525251ff,0x535253ff,0x545453ff,0x555554ff,0x565656ff,0x575756ff,0x575858ff,
0x595959ff,0x5a5a59ff,0x5b5b5bff,0x5c5c5cff,0x5d5d5cff,0x5d5e5eff,0x5e5f5eff,0x5f605fff,0x616160ff,0x616261ff,0x626262ff,0x636362ff,0x656464ff,0x656565ff,0x666565ff,0x666667ff,0x686766ff,0x686868ff,0x696969ff,0x696a69ff,0x6a6a6aff,0x6b6b6aff,
0x6c6b6bff,0x6c6c6cff,0x6c6c6cff,0x6d6e6dff,0x6e6e6dff,0x6e6f6eff,0x6f6f6fff,0x6f6f6fff,0x706f70ff,0x707070ff,0x707070ff,0x717070ff,0x717271ff,0x727271ff,0x727271ff,0x727272ff,0x727272ff,0x727372ff,0x727272ff,0x737272ff,0x737272ff,0x727272ff,
0x737272ff,0x727272ff,0x727372ff,0x737272ff,0x727271ff,0x727271ff,0x717272ff,0x727171ff,0x717171ff,0x717170ff,0x707071ff,0x717170ff,0x706f6fff,0x6f6f6fff,0x6f6f6eff,0x6e6e6eff,0x6e6d6dff,0x6d6e6dff,0x6d6c6cff,0x6c6c6bff,0x6c6b6bff,0x6a6b6bff,
0x6a6a6aff,0x696a6aff,0x686968ff,0x686867ff,0x676766ff,0x666766ff,0x666565ff,0x656564ff,0x646564ff,0x636463ff,0x636262ff,0x616161ff,0x606160ff,0x60605fff,0x5e5f5eff,0x5e5e5dff,0x5c5d5cff,0x5b5c5cff,0x5b5b5bff,0x5a5a5aff,0x595959ff,0x585858ff,
0x575656ff,0x565555ff,0x555554ff,0x545453ff,0x535352ff,0x525251ff,0x515150ff,0x4f504fff,0x4f4f4eff,0x4d4e4dff,0x4d4c4cff,0x4b4b4bff,0x494a49ff,0x484949ff,0x484847ff,0x474747ff,0x454546ff,0x444544ff,0x434343ff,0x424242ff,0x414141ff,0x403f40ff,
0x3e3f3eff,0x3d3d3dff,0x3c3c3cff,0x3b3b3aff,0x3a3939ff,0x383839ff,0x373737ff,0x363636ff,0x353435ff,0x343434ff,0x323232ff,0x313231ff,0x30302fff,0x2f2f2eff,0x2d2e2dff,0x2c2c2cff,0x2b2b2bff,0x292a2aff,0x292828ff,0x272727ff,0x262626ff,0x252524ff,
0x242323ff,0x222222ff,0x212020ff,0x1f1f1fff,0x1e1e1fff,0x1d1d1dff,0x1b1c1cff,0x1a1b1aff,0x191919ff,0x181718ff,0x171716ff,0x161615ff,0x131414ff,0x121213ff,0x121211ff,0x101010ff,0xf0e0eff,0xe0d0eff,0xc0c0cff,0xa0b0bff,0x9090aff,0x80808ff,
0x70606ff,0x60605ff,0x40404ff,0x30303ff,0x10102ff,0xff,0xff,0xff,0x100ff,0xff,0xff,0xff,0xff,0xff,0xff,0xff,0xff,0xff,0x10000ff,0xff,0x100ff,0xff,
0x10000ff,0xff,0xff,0xff,0xff,0xff,0xff,0xff,0x10101ff,0x20203ff,0x40403ff,0x50405ff,0x60606ff,0x70707ff,0x90909ff,0xa0a0aff,0xc0b0cff,0xc0d0cff,0xe0e0eff,0xf0f0fff,0x101111ff,0x121212ff,
0x141313ff,0x151414ff,0x151616ff,0x171717ff,0x191818ff,0x1a1919ff,0x1b1b1bff,0x1c1c1dff,0x1e1e1eff,0x1f1f1fff,0x202020ff,0x212121ff,0x232322ff,0x242423ff,0x252525ff,0x272627ff,0x282827ff,0x292929ff,0x2b2a2aff,0x2b2b2bff,0x2c2d2cff,0x2e2e2dff,
0x2f2f2fff,0x303130ff,0x323132ff,0x323333ff,0x343434ff,0x353535ff,0x363736ff,0x373837ff,0x393938ff,0x3a3a39ff,0x3b3b3bff,0x3c3c3cff,0x3d3d3dff,0x3e3e3fff,0x40403fff,0x414141ff,0x424242ff,0x444443ff,0x444444ff,0x464545ff,0x464646ff,0x474848ff,
0x494949ff,0x4a4a4aff,0x4b4b4bff,0x4d4d4cff,0x4e4d4dff,0x4e4e4eff,0x4f4f4fff,0x515051ff,0x525252ff,0x535352ff,0x545454ff,0x545554ff,0x555555ff,0x575656ff,0x575857ff,0x585959ff,0x595a59ff,0x5b5b5bff,0x5c5c5bff,0x5c5c5cff,0x5d5d5dff,0x5e5e5eff,
0x5f5f5eff,0x606060ff,0x616160ff,0x626161ff,0x626362ff,0x646463ff,0x646564ff,0x656564ff,0x656565ff,0x666766ff,0x676867ff,0x686867ff,0x696868ff,0x6a6969ff,0x6a6a69ff,0x6a6a6aff,0x6b6b6bff,0x6b6b6bff,0x6c6c6cff,0x6d6c6dff,0x6d6e6cff,0x6d6d6dff,
0x6e6e6dff,0x6f6e6eff,0x6f6e6eff,0x6f6f6fff,0x6f706fff,0x6f6f70ff,0x707070ff,0x70706fff,0x707070ff,0x707170ff,0x717070ff,0x717171ff,0x707070ff,0x717170ff,0x707170ff,0x717070ff,0x717170ff,0x717170ff,0x707070ff,0x707070ff,0x707070ff,0x6f706fff,
0x6f6f6fff,0x6f706fff,0x6f6f6fff,0x6e6e6eff,0x6e6e6eff,0x6d6e6dff,0x6d6d6cff,0x6d6d6cff,0x6c6c6cff,0x6b6b6bff,0x6b6b6bff,0x6a6b6aff,0x696a6aff,0x696969ff,0x686968ff,0x676867ff,0x676767ff,0x666666ff,0x666665ff,0x656564ff,0x646464ff,0x646463ff,
0x626362ff,0x626261ff,0x616160ff,0x60605fff,0x5f5f5fff,0x5e5e5eff,0x5d5e5dff,0x5c5c5cff,0x5b5c5cff,0x5a5a5bff,0x5a5a5aff,0x595858ff,0x585758ff,0x575756ff,0x565655ff,0x555454ff,0x545353ff,0x525352ff,0x525151ff,0x515150ff,0x50504fff,0x4e4f4eff,
0x4d4d4dff,0x4d4c4cff,0x4b4b4bff,0x4a4b49ff,0x494948ff,0x484848ff,0x464747ff,0x454545ff,0x444545ff,0x434343ff,0x424242ff,0x414141ff,0x3f4040ff,0x3f3f3eff,0x3d3d3dff,0x3c3c3cff,0x3b3b3bff,0x3a3a3aff,0x393939ff,0x373738ff,0x363636ff,0x353535ff,
0x343433ff,0x333233ff,0x313231ff,0x303131ff,0x2f2f2fff,0x2e2e2eff,0x2c2d2cff,0x2b2c2bff,0x2a2a2aff,0x292828ff,0x282727ff,0x262626ff,0x252525ff,0x242423ff,0x232322ff,0x212121ff,0x202020ff,0x1f1f1fff,0x1e1e1dff,0x1c1c1cff,0x1b1b1bff,0x1a1a1aff,
0x191918ff,0x171717ff,0x151516ff,0x141514ff,0x131313ff,0x121212ff,0x111111ff,0xf0f0fff,0xe0e0eff,0xd0d0dff,0xb0c0bff,0xa0a0aff,0x90809ff,0x80707ff,0x60606ff,0x50505ff,0x40404ff,0x20302ff,0x10101ff,0xff,0xff,0xff,
0x1ff,0xff,0xff,0xff,0xff,0xff,0xff,0xff,0xff,0x1ff,0xff,0xff,0xff,0xff,0xff,0xff,0xff,0xff,0xff,0x1ff,0xff,0xff,
0xff,0x20102ff,0x30303ff,0x40404ff,0x50505ff,0x70707ff,0x80808ff,0x90a09ff,0xa0b0bff,0xc0c0cff,0xd0e0eff,0xf0f0eff,0x101010ff,0x121211ff,0x121312ff,0x141414ff,0x151515ff,0x161617ff,0x171817ff,0x191919ff,0x1b1a1aff,0x1c1b1bff,
0x1d1d1cff,0x1e1e1eff,0x1f2020ff,0x202021ff,0x222221ff,0x232323ff,0x252424ff,0x252526ff,0x272727ff,0x282827ff,0x292a29ff,0x2a2a2bff,0x2c2c2cff,0x2d2d2dff,0x2f2e2eff,0x302f2fff,0x313031ff,0x313231ff,0x333333ff,0x343434ff,0x363635ff,0x373636ff,
0x373838ff,0x393939ff,0x3a3a39ff,0x3b3b3bff,0x3d3d3cff,0x3d3d3dff,0x3f3e3fff,0x404040ff,0x414141ff,0x424242ff,0x444343ff,0x454544ff,0x464645ff,0x464746ff,0x484747ff,0x494949ff,0x4a4a49ff,0x4b4b4bff,0x4c4c4cff,0x4d4d4dff,0x4f4e4eff,0x4f4f4fff,
0x505050ff,0x515151ff,0x525252ff,0x535353ff,0x555454ff,0x555555ff,0x575656ff,0x575757ff,0x595958ff,0x595959ff,0x5a5b59ff,0x5b5b5bff,0x5c5c5cff,0x5d5d5dff,0x5e5d5dff,0x5e5e5eff,0x605f60ff,0x606060ff,0x616161ff,0x626261ff,0x636363ff,0x646363ff,
0x646464ff,0x656565ff,0x666665ff,0x676766ff,0x676766ff,0x686767ff,0x686868ff,0x696968ff,0x696969ff,0x6a6a69ff,0x6a6b6aff,0x6b6b6aff,0x6c6b6bff,0x6c6c6bff,0x6d6c6cff,0x6c6c6cff,0x6d6d6dff,0x6e6d6dff,0x6d6e6dff,0x6d6e6dff,0x6e6e6eff,0x6e6f6eff,
0x6e6e6eff,0x6f6f6eff,0x6f6f6eff,0x6f6f6eff,0x6f6f6eff,0x6f6f6eff,0x6e6f6eff,0x6f6f6eff,0x6f6f6eff,0x6f6f6eff,0x6e6e6eff,0x6e6f6eff,0x6e6e6eff,0x6e6e6dff,0x6d6e6dff,0x6d6d6dff,0x6d6d6dff,0x6d6d6cff,0x6d6c6cff,0x6c6c6bff,0x6c6c6bff,0x6b6b6bff,
0x6b6b6aff,0x6a6a6aff,0x696a69ff,0x696968ff,0x686868ff,0x686868ff,0x676766ff,0x676766ff,0x666665ff,0x656564ff,0x646463ff,0x646463ff,0x636262ff,0x626262ff,0x626160ff,0x616060ff,0x5f5f5fff,0x5f5e5eff,0x5e5e5eff,0x5d5d5cff,0x5c5c5bff,0x5b5c5aff,
0x5a5a5aff,0x595959ff,0x585858ff,0x575757ff,0x575656ff,0x565555ff,0x555554ff,0x535353ff,0x525352ff,0x515151ff,0x515150ff,0x4f4f4fff,0x4e4e4eff,0x4d4d4dff,0x4c4c4cff,0x4b4b4bff,0x4a4a4aff,0x494948ff,0x484848ff,0x474746ff,0x454645ff,0x444544ff,
0x434343ff,0x424242ff,0x414141ff,0x403f3fff,0x3f3f3fff,0x3d3e3dff,0x3c3c3cff,0x3b3b3bff,0x3a3a39ff,0x393938ff,0x383837ff,0x373637ff,0x353535ff,0x353434ff,0x333332ff,0x323131ff,0x303131ff,0x2f3030ff,0x2e2e2eff,0x2d2d2dff,0x2c2c2cff,0x2a2a2aff,
0x292a29ff,0x282828ff,0x272726ff,0x262626ff,0x242424ff,0x232323ff,0x212222ff,0x202121ff,0x1f201fff,0x1e1e1dff,0x1d1c1cff,0x1b1c1bff,0x1a1b1aff,0x191918ff,0x181817ff,0x171616ff,0x151615ff,0x141414ff,0x121212ff,0x111111ff,0x10100fff,0xf0e0eff,
0xd0e0dff,0xc0c0cff,0xb0a0bff,0x9090aff,0x80808ff,0x70707ff,0x60606ff,0x40404ff,0x30203ff,0x10102ff,0xff,0x1ff,0xff,0xff,0xff,0xff,0xff,0xff,0x1ff,0xff,0x100ff,0xff,
0xff,0xff,0xff,0xff,0xff,0xff,0x10000ff,0xff,0xff,0xff,0xff,0x10000ff,0xff,0xff,0xff,0x100ff,0x30203ff,0x30303ff,0x50405ff,0x60606ff,0x80708ff,0x90909ff,
0xa0a0aff,0xb0b0bff,0xd0c0cff,0xe0e0eff,0xf0f0fff,0x111110ff,0x111211ff,0x131313ff,0x141415ff,0x151615ff,0x171617ff,0x181918ff,0x191a19ff,0x1b1b1bff,0x1c1c1cff,0x1d1d1dff,0x1e1e1eff,0x201f1fff,0x212121ff,0x222322ff,0x242324ff,0x252425ff,
0x262626ff,0x272827ff,0x292828ff,0x292a29ff,0x2b2b2bff,0x2c2c2cff,0x2d2d2dff,0x2f2e2eff,0x2f2f2fff,0x313031ff,0x323232ff,0x333433ff,0x353435ff,0x363536ff,0x363736ff,0x383838ff,0x3a3939ff,0x3b3a3aff,0x3c3b3bff,0x3d3d3cff,0x3e3d3dff,0x3f3f3fff,
0x404040ff,0x414141ff,0x424342ff,0x444443ff,0x444444ff,0x464546ff,0x474647ff,0x474848ff,0x494949ff,0x4a4a4aff,0x4b4b4bff,0x4c4d4cff,0x4d4d4dff,0x4e4e4eff,0x4f4f4fff,0x505150ff,0x515150ff,0x525252ff,0x535353ff,0x545454ff,0x555555ff,0x565656ff,
0x575757ff,0x585857ff,0x595958ff,0x5a5a5aff,0x5b5b5bff,0x5b5b5cff,0x5c5c5cff,0x5d5d5dff,0x5e5e5eff,0x5f5f5fff,0x606060ff,0x606160ff,0x616161ff,0x626262ff,0x636262ff,0x636463ff,0x646464ff,0x656564ff,0x666665ff,0x666666ff,0x676766ff,0x676767ff,
0x686867ff,0x686968ff,0x696968ff,0x696969ff,0x696a6aff,0x6a6a69ff,0x6b6b6aff,0x6b6b6aff,0x6b6c6bff,0x6b6c6bff,0x6c6c6cff,0x6c6c6bff,0x6c6c6cff,0x6c6d6dff,0x6d6c6cff,0x6d6c6dff,0x6d6d6cff,0x6d6d6dff,0x6e6d6dff,0x6d6d6dff,0x6d6d6dff,0x6d6d6dff,
0x6d6d6cff,0x6d6d6dff,0x6c6d6cff,0x6c6c6cff,0x6d6c6cff,0x6c6c6cff,0x6b6c6bff,0x6b6c6bff,0x6b6b6aff,0x6b6b6bff,0x6b6b6bff,0x6b6a6aff,0x696969ff,0x696a69ff,0x696968ff,0x696868ff,0x686868ff,0x676767ff,0x666766ff,0x666666ff,0x656565ff,0x656565ff,
0x646463ff,0x636463ff,0x626363ff,0x616261ff,0x626160ff,0x616160ff,0x60605fff,0x5f5f5fff,0x5e5e5eff,0x5e5e5dff,0x5d5d5cff,0x5b5c5bff,0x5b5b5aff,0x595959ff,0x585958ff,0x575858ff,0x575757ff,0x575656ff,0x555554ff,0x555454ff,0x535453ff,0x525252ff,
0x525151ff,0x515150ff,0x4f4f4fff,0x4f4e4eff,0x4e4d4cff,0x4d4c4cff,0x4b4b4bff,0x4a4a49ff,0x494948ff,0x484847ff,0x474747ff,0x464645ff,0x444544ff,0x434343ff,0x424342ff,0x414141ff,0x40403fff,0x3f3f3fff,0x3e3e3eff,0x3d3d3dff,0x3b3c3bff,0x3b3a3aff,
0x393939ff,0x383838ff,0x373737ff,0x363536ff,0x353434ff,0x343333ff,0x323232ff,0x313131ff,0x30302fff,0x2f2f2eff,0x2d2d2dff,0x2c2c2cff,0x2b2b2bff,0x292a2aff,0x292828ff,0x272727ff,0x262625ff,0x252525ff,0x232323ff,0x222222ff,0x212121ff,0x201f20ff,
0x1e1e1fff,0x1d1e1dff,0x1c1c1cff,0x1b1b1aff,0x19191aff,0x181818ff,0x171717ff,0x161616ff,0x141414ff,0x131313ff,0x121111ff,0x101111ff,0xf0f10ff,0xe0e0eff,0xd0d0cff,0xc0b0bff,0xa0a0aff,0x90909ff,0x70807ff,0x60606ff,0x50505ff,0x30403ff,
0x20202ff,0x10100ff,0xff,0xff,0xff,0xff,0xff,0xff,0xff,0xff,0xff,0xff,0x100ff,0xff,0x10000ff,0xff,0xff,0xff,0x10100ff,0xff,0xff,0xff,
0xff,0xff,0xff,0xff,0xff,0xff,0xff,0x100ff,0x20102ff,0x30303ff,0x40505ff,0x60505ff,0x60707ff,0x80908ff,0xa090aff,0xb0b0aff,0xc0c0cff,0xd0d0dff,0xf0e0eff,0x101010ff,0x111110ff,0x121312ff,
0x141314ff,0x141515ff,0x171616ff,0x181817ff,0x191919ff,0x1a1a1aff,0x1b1b1bff,0x1d1d1cff,0x1e1e1dff,0x1f1f1fff,0x212020ff,0x222221ff,0x232322ff,0x242424ff,0x252525ff,0x262626ff,0x272827ff,0x292828ff,0x2a2a2aff,0x2b2c2bff,0x2d2d2dff,0x2e2d2dff,
0x2f2f2fff,0x303030ff,0x313231ff,0x323232ff,0x333333ff,0x353535ff,0x363636ff,0x373736ff,0x383838ff,0x393939ff,0x3a3b3bff,0x3c3b3bff,0x3c3d3dff,0x3e3e3eff,0x3f3f3fff,0x414040ff,0x414142ff,0x424342ff,0x434343ff,0x454544ff,0x464645ff,0x474647ff,
0x484847ff,0x494948ff,0x4a4a4aff,0x4b4b4aff,0x4c4c4cff,0x4d4d4cff,0x4e4e4eff,0x4f4f4eff,0x505050ff,0x515151ff,0x525252ff,0x535353ff,0x545454ff,0x555555ff,0x565656ff,0x575756ff,0x585857ff,0x595958ff,0x5a5959ff,0x5a5a5aff,0x5b5b5aff,0x5c5c5bff,
0x5d5d5cff,0x5d5d5eff,0x5e5e5eff,0x5f5f5fff,0x5f6060ff,0x616160ff,0x626161ff,0x616162ff,0x626262ff,0x636363ff,0x636364ff,0x646464ff,0x656565ff,0x656665ff,0x666766ff,0x676766ff,0x676867ff,0x686867ff,0x686867ff,0x686868ff,0x696969ff,0x696969ff,
0x6a6a69ff,0x6a696aff,0x6a6a6aff,0x6a6a6aff,0x6a6b6bff,0x6b6b6aff,0x6b6b6aff,0x6b6c6bff,0x6b6c6bff,0x6b6b6bff,0x6b6c6bff,0x6b6b6bff,0x6b6b6bff,0x6c6b6aff,0x6b6b6aff,0x6b6b6bff,0x6b6b6bff,0x6b6b6aff,0x6b6a6aff,0x6a6a6aff,0x6a6a6aff,0x6a6a6aff,
0x6a6a6aff,0x696969ff,0x696969ff,0x696968ff,0x686867ff,0x686868ff,0x676867ff,0x676766ff,0x676666ff,0x656666ff,0x656565ff,0x646564ff,0x636463ff,0x636362ff,0x626363ff,0x616262ff,0x616161ff,0x606061ff,0x605f60ff,0x5f5f5fff,0x5e5e5dff,0x5d5d5dff,
0x5d5c5dff,0x5c5c5bff,0x5b5b5aff,0x5a5a5aff,0x595a59ff,0x585958ff,0x585858ff,0x575757ff,0x565656ff,0x555555ff,0x545454ff,0x535352ff,0x525251ff,0x515151ff,0x505050ff,0x4f4f4eff,0x4e4e4dff,0x4d4d4dff,0x4c4c4bff,0x4b4b4aff,0x494a49ff,0x494949ff,
0x484848ff,0x464646ff,0x464646ff,0x444445ff,0x444344ff,0x434242ff,0x414141ff,0x404040ff,0x3f3f3fff,0x3e3e3dff,0x3c3c3cff,0x3b3c3bff,0x3b3a3aff,0x393939ff,0x383938ff,0x373737ff,0x363636ff,0x343534ff,0x333434ff,0x333333ff,0x313131ff,0x30302fff,
0x2f2f2fff,0x2e2e2dff,0x2d2c2cff,0x2b2b2bff,0x2a2a2aff,0x282828ff,0x282728ff,0x262626ff,0x252525ff,0x242424ff,0x222223ff,0x212221ff,0x202120ff,0x1f1f1fff,0x1e1e1dff,0x1d1d1cff,0x1b1b1bff,0x1a1a19ff,0x191918ff,0x171817ff,0x161616ff,0x151515ff,
0x141314ff,0x131212ff,0x111111ff,0x100f10ff,0xf0e0fff,0xd0d0dff,0xc0c0cff,0xa0b0bff,0x90909ff,0x80808ff,0x70606ff,0x50605ff,0x40404ff,0x30302ff,0x20201ff,0xff,0xff,0xff,0xff,0xff,0xff,0xff,
0x10000ff,0xff,0xff,0xff,0xff,0xff,0xff,0xff,0xff,0xff,0xff,0xff,0xff,0xff,0x100ff,0xff,0xff,0x100ff,0xff,0x1ff,0x10000ff,0xff,
0x10001ff,0x30202ff,0x30404ff,0x50504ff,0x60606ff,0x80707ff,0x90809ff,0xa0a0aff,0xb0b0bff,0xc0c0dff,0xd0d0eff,0xf0f0fff,0x101010ff,0x121112ff,0x121312ff,0x141514ff,0x151515ff,0x171617ff,0x181818ff,0x191a19ff,0x1a1a1aff,0x1c1b1cff,
0x1d1d1dff,0x1e1e1eff,0x1f2020ff,0x202020ff,0x222122ff,0x232423ff,0x242424ff,0x262625ff,0x272727ff,0x282828ff,0x2a2929ff,0x2a2a2bff,0x2b2b2bff,0x2d2d2dff,0x2d2e2eff,0x2f2f2fff,0x303030ff,0x323231ff,0x333332ff,0x343434ff,0x353534ff,0x363636ff,
0x373737ff,0x393838ff,0x3a3939ff,0x3b3a3bff,0x3c3c3cff,0x3c3d3dff,0x3e3e3dff,0x3f3f3fff,0x404040ff,0x414141ff,0x424242ff,0x434443ff,0x444545ff,0x464646ff,0x474647ff,0x484847ff,0x484949ff,0x4a4a49ff,0x4a4b4aff,0x4c4c4bff,0x4d4c4cff,0x4e4e4dff,
0x4e4f4fff,0x504f4fff,0x515151ff,0x525251ff,0x535253ff,0x535454ff,0x545454ff,0x565555ff,0x565756ff,0x575756ff,0x585757ff,0x595959ff,0x59595aff,0x5a5a5aff,0x5b5b5bff,0x5c5c5cff,0x5d5d5cff,0x5e5d5dff,0x5e5e5dff,0x5f5f5fff,0x60605fff,0x606160ff,
0x616160ff,0x616261ff,0x626262ff,0x636362ff,0x636363ff,0x646463ff,0x646564ff,0x656565ff,0x666665ff,0x666665ff,0x676766ff,0x676766ff,0x686767ff,0x686867ff,0x686867ff,0x696967ff,0x686968ff,0x686968ff,0x696969ff,0x696969ff,0x696969ff,0x696969ff,
0x696a6aff,0x6a6969ff,0x696a6aff,0x696969ff,0x6a6969ff,0x6a6a69ff,0x6a6969ff,0x696969ff,0x696a69ff,0x696969ff,0x696969ff,0x686968ff,0x696868ff,0x686868ff,0x686867ff,0x686867ff,0x676767ff,0x676767ff,0x666766ff,0x666665ff,0x666665ff,0x656565ff,
0x646564ff,0x646464ff,0x636463ff,0x636363ff,0x636262ff,0x616161ff,0x616161ff,0x616060ff,0x5f605fff,0x5f5f5fff,0x5e5e5eff,0x5d5e5dff,0x5d5d5dff,0x5c5c5cff,0x5c5c5bff,0x5a5a5aff,0x595a59ff,0x595859ff,0x575857ff,0x575756ff,0x565756ff,0x565555ff,
0x545554ff,0x545453ff,0x535252ff,0x525152ff,0x515050ff,0x504f50ff,0x4e4f4eff,0x4d4e4dff,0x4c4d4dff,0x4c4c4bff,0x4a4b4aff,0x494a4aff,0x494949ff,0x484848ff,0x464746ff,0x454545ff,0x454544ff,0x444343ff,0x424342ff,0x424141ff,0x404040ff,0x3f3f3fff,
0x3e3e3eff,0x3d3c3dff,0x3c3c3cff,0x3b3a3aff,0x39393aff,0x393938ff,0x373737ff,0x373736ff,0x353535ff,0x343434ff,0x333333ff,0x313131ff,0x303030ff,0x2f302fff,0x2e2e2dff,0x2d2d2cff,0x2c2c2cff,0x2a2a2aff,0x292929ff,0x282828ff,0x262727ff,0x262625ff,
0x242424ff,0x232323ff,0x222122ff,0x212121ff,0x1f201fff,0x1e1e1eff,0x1d1d1dff,0x1b1c1bff,0x1a1a1aff,0x191919ff,0x181818ff,0x161716ff,0x151615ff,0x141414ff,0x131312ff,0x111112ff,0x101110ff,0xf100fff,0xd0e0eff,0xd0c0cff,0xb0b0bff,0xa0a0aff,
0x90908ff,0x70708ff,0x60606ff,0x50505ff,0x30404ff,0x20202ff,0x10101ff,0x10100ff,0xff,0x100ff,0xff,0xff,0x1ff,0xff,0xff,0xff,0xff,0xff,0xff,0xff,0xff,0xff,
0x100ff,0xff,0x10001ff,0xff,0xff,0xff,0xff,0x100ff,0xff,0xff,0xff,0xff,0xff,0xff,0xff,0x10202ff,0x20303ff,0x40404ff,0x60505ff,0x70606ff,0x80808ff,0x90909ff,
0xb0b0aff,0xb0c0cff,0xd0d0dff,0xf0f0eff,0xf1010ff,0x111110ff,0x121212ff,0x131413ff,0x151515ff,0x151616ff,0x171717ff,0x181818ff,0x191a19ff,0x1a1b1bff,0x1c1c1cff,0x1e1d1eff,0x1f1f1eff,0x202020ff,0x212121ff,0x222322ff,0x242323ff,0x242524ff,
0x262626ff,0x272727ff,0x282828ff,0x2a2929ff,0x2b2b2bff,0x2c2c2bff,0x2d2d2cff,0x2e2e2eff,0x2f2f2fff,0x313030ff,0x323231ff,0x333333ff,0x343434ff,0x353535ff,0x363736ff,0x373737ff,0x393838ff,0x3a3939ff,0x3b3b3bff,0x3c3b3cff,0x3d3d3dff,0x3e3e3eff,
0x3f3f3fff,0x404040ff,0x414141ff,0x424342ff,0x444443ff,0x444544ff,0x454545ff,0x474646ff,0x474847ff,0x484948ff,0x494a4aff,0x4b4b4bff,0x4c4c4cff,0x4c4c4cff,0x4e4e4eff,0x4e4f4eff,0x4f4f4fff,0x515150ff,0x525151ff,0x525252ff,0x545352ff,0x545454ff,
0x555554ff,0x565655ff,0x575756ff,0x575857ff,0x585958ff,0x595959ff,0x5a5a59ff,0x5b5b5aff,0x5b5b5bff,0x5c5c5cff,0x5d5d5cff,0x5e5e5dff,0x5e5e5eff,0x5f5e5fff,0x605f5fff,0x60605fff,0x616061ff,0x616161ff,0x626262ff,0x636362ff,0x636362ff,0x646363ff,
0x646463ff,0x646563ff,0x656464ff,0x666664ff,0x666665ff,0x666665ff,0x666666ff,0x666666ff,0x666766ff,0x676766ff,0x676767ff,0x686867ff,0x686868ff,0x686868ff,0x676867ff,0x686867ff,0x676868ff,0x686867ff,0x686868ff,0x686867ff,0x686868ff,0x686867ff,
0x676867ff,0x676767ff,0x686767ff,0x676766ff,0x676766ff,0x666766ff,0x666665ff,0x666666ff,0x656666ff,0x656565ff,0x656564ff,0x646464ff,0x646463ff,0x636363ff,0x636362ff,0x626362ff,0x626261ff,0x616160ff,0x616160ff,0x606060ff,0x5f605fff,0x5e5f5eff,
0x5e5e5dff,0x5d5e5dff,0x5d5d5cff,0x5c5c5bff,0x5c5b5bff,0x5b5b5aff,0x5a5a59ff,0x595958ff,0x585858ff,0x585757ff,0x575756ff,0x565656ff,0x555555ff,0x545454ff,0x535352ff,0x525252ff,0x515151ff,0x515050ff,0x4f504fff,0x4f4f4eff,0x4e4d4dff,0x4d4d4cff,
0x4b4b4bff,0x4b4a4aff,0x494a4aff,0x484848ff,0x474847ff,0x474647ff,0x454545ff,0x444444ff,0x434443ff,0x424242ff,0x424141ff,0x404040ff,0x3f3f3eff,0x3e3e3eff,0x3d3d3cff,0x3c3b3cff,0x3b3b3bff,0x3a3a3aff,0x393938ff,0x373837ff,0x363636ff,0x353535ff,
0x343433ff,0x333333ff,0x313231ff,0x313030ff,0x2f2f2fff,0x2e2e2eff,0x2d2d2dff,0x2b2b2bff,0x2b2b2bff,0x292a29ff,0x282828ff,0x272727ff,0x262626ff,0x252525ff,0x232423ff,0x222223ff,0x212121ff,0x202020ff,0x1f1f1eff,0x1d1d1dff,0x1d1c1cff,0x1b1a1bff,
0x19191aff,0x181918ff,0x181717ff,0x161616ff,0x141515ff,0x131313ff,0x121212ff,0x111111ff,0xf0f0fff,0xe0e0eff,0xd0d0dff,0xc0c0cff,0xa0b0aff,0x90909ff,0x80808ff,0x70607ff,0x50505ff,0x40404ff,0x30303ff,0x20202ff,0x101ff,0x100ff,
0xff,0x1ff,0xff,0xff,0xff,0x1ff,0xff,0xff,0xff,0xff,0x100ff,0xff,0x10000ff,0xff,0x1ff,0xff,0xff,0xff,0x10000ff,0xff,0xff,0xff,
0xff,0xff,0xff,0x10001ff,0xff,0xff,0x10000ff,0x101ff,0x20202ff,0x30303ff,0x50505ff,0x50606ff,0x70707ff,0x90808ff,0x90a09ff,0xb0b0aff,0xc0c0dff,0xe0d0eff,0xf0e0fff,0x101010ff,0x111111ff,0x131213ff,
0x141314ff,0x151515ff,0x161716ff,0x181718ff,0x181818ff,0x1a1a1aff,0x1b1b1bff,0x1c1c1dff,0x1e1e1eff,0x1f1e1fff,0x212020ff,0x222221ff,0x222322ff,0x242423ff,0x252525ff,0x262626ff,0x272727ff,0x292928ff,0x292a2aff,0x2b2b2aff,0x2c2c2cff,0x2d2d2dff,
0x2f2f2eff,0x303030ff,0x313130ff,0x323232ff,0x333333ff,0x343434ff,0x353535ff,0x363636ff,0x373737ff,0x393938ff,0x3a3a3aff,0x3b3a3bff,0x3c3c3cff,0x3d3d3dff,0x3e3e3eff,0x3f3f3fff,0x404040ff,0x424141ff,0x424242ff,0x444443ff,0x444544ff,0x454545ff,
0x464746ff,0x474747ff,0x484849ff,0x494a49ff,0x4a4a4aff,0x4c4b4bff,0x4d4c4cff,0x4d4d4dff,0x4e4e4eff,0x4f4f4fff,0x505050ff,0x515150ff,0x525252ff,0x535352ff,0x545353ff,0x555454ff,0x555554ff,0x565655ff,0x575756ff,0x575857ff,0x585858ff,0x595a59ff,
0x5a5a59ff,0x5a5b5bff,0x5b5c5bff,0x5c5c5bff,0x5c5d5dff,0x5d5d5dff,0x5e5e5eff,0x5f5f5fff,0x5f5f5fff,0x605f60ff,0x616160ff,0x606160ff,0x616161ff,0x616261ff,0x636262ff,0x626263ff,0x636362ff,0x646363ff,0x646464ff,0x646564ff,0x656465ff,0x646565ff,
0x656565ff,0x656565ff,0x656566ff,0x666665ff,0x666566ff,0x666666ff,0x666666ff,0x666666ff,0x666666ff,0x676665ff,0x676665ff,0x666766ff,0x666666ff,0x666666ff,0x666665ff,0x666665ff,0x666565ff,0x656564ff,0x656564ff,0x656564ff,0x656464ff,0x656464ff,
0x646363ff,0x636463ff,0x636362ff,0x626362ff,0x636262ff,0x626161ff,0x616261ff,0x606160ff,0x606060ff,0x605f60ff,0x5f5f5fff,0x5f5f5fff,0x5e5e5eff,0x5d5e5dff,0x5c5d5cff,0x5c5c5cff,0x5b5b5bff,0x5b5a5aff,0x5a5a59ff,0x5a5959ff,0x585858ff,0x585757ff,
0x565757ff,0x565655ff,0x555555ff,0x545555ff,0x545453ff,0x535352ff,0x525152ff,0x515150ff,0x505050ff,0x504f4fff,0x4e4e4eff,0x4d4d4dff,0x4d4c4cff,0x4c4b4bff,0x4a4b4aff,0x494a49ff,0x484848ff,0x474847ff,0x464646ff,0x464545ff,0x444544ff,0x434343ff,
0x434342ff,0x424242ff,0x404040ff,0x3f403fff,0x3e3e3eff,0x3d3d3dff,0x3c3c3cff,0x3b3b3bff,0x393a39ff,0x383938ff,0x373837ff,0x363736ff,0x353535ff,0x343434ff,0x333333ff,0x323232ff,0x303130ff,0x30302fff,0x2f2e2eff,0x2e2e2dff,0x2c2c2cff,0x2b2b2aff,
0x2a2a2aff,0x282929ff,0x272727ff,0x262627ff,0x252524ff,0x242423ff,0x222222ff,0x212221ff,0x202020ff,0x1f1f1fff,0x1d1d1eff,0x1d1d1cff,0x1b1b1bff,0x1a1a1aff,0x181919ff,0x171817ff,0x161716ff,0x151515ff,0x141414ff,0x121313ff,0x121111ff,0x101110ff,
0xf0f0fff,0xe0e0dff,0xc0c0cff,0xb0b0bff,0xa090aff,0x90809ff,0x70707ff,0x60606ff,0x40504ff,0x30403ff,0x20203ff,0x10001ff,0xff,0xff,0xff,0x1ff,0xff,0xff,0xff,0xff,0xff,0xff,
0xff,0xff,0xff,0x1ff,0xff,0xff,0x100ff,0xff,0xff,0xff,0x100ff,0xff,0xff,0x1ff,0xff,0xff,0xff,0x101ff,0xff,0xff,0xff,0xff,
0x10202ff,0x30302ff,0x40404ff,0x50505ff,0x60607ff,0x80808ff,0x90909ff,0xa0a0aff,0xc0b0cff,0xd0c0dff,0xe0e0eff,0xf100fff,0x101111ff,0x121212ff,0x131313ff,0x141514ff,0x161516ff,0x161717ff,0x181818ff,0x191919ff,0x1a1b1aff,0x1c1b1cff,
0x1d1d1dff,0x1e1e1eff,0x1f1f1fff,0x202021ff,0x222222ff,0x232323ff,0x242424ff,0x252625ff,0x272627ff,0x272827ff,0x292929ff,0x292a2aff,0x2b2b2bff,0x2c2c2dff,0x2d2d2dff,0x2e2f2fff,0x303030ff,0x313031ff,0x323231ff,0x343333ff,0x343434ff,0x363535ff,
0x363636ff,0x373738ff,0x393839ff,0x393a3aff,0x3a3b3bff,0x3c3c3cff,0x3d3d3cff,0x3e3e3eff,0x403f3fff,0x404040ff,0x414141ff,0x424242ff,0x434343ff,0x444444ff,0x454545ff,0x464646ff,0x474747ff,0x484848ff,0x494a49ff,0x4a4a4aff,0x4b4b4bff,0x4c4c4cff,
0x4d4d4dff,0x4e4e4eff,0x4e4f4fff,0x504f50ff,0x515051ff,0x515251ff,0x535352ff,0x535353ff,0x545453ff,0x545555ff,0x565556ff,0x565656ff,0x575756ff,0x585857ff,0x595958ff,0x595959ff,0x5a5a59ff,0x5a5a5aff,0x5b5b5bff,0x5b5c5bff,0x5d5d5cff,0x5d5d5cff,
0x5e5e5dff,0x5e5e5eff,0x5f5e5eff,0x5f605fff,0x605f5fff,0x606060ff,0x606061ff,0x616160ff,0x626161ff,0x626261ff,0x626262ff,0x626262ff,0x636362ff,0x636363ff,0x646463ff,0x646463ff,0x646463ff,0x646464ff,0x656464ff,0x646464ff,0x646464ff,0x656464ff,
0x646464ff,0x656464ff,0x656564ff,0x656564ff,0x656564ff,0x646464ff,0x646464ff,0x646464ff,0x646363ff,0x646463ff,0x646463ff,0x636363ff,0x636363ff,0x636262ff,0x626261ff,0x626261ff,0x616161ff,0x616160ff,0x616160ff,0x60615fff,0x5f6060ff,0x5f5f5fff,
0x5e5e5fff,0x5e5e5eff,0x5e5e5dff,0x5d5d5cff,0x5c5c5cff,0x5c5c5cff,0x5b5c5bff,0x5b5b5aff,0x5a5a59ff,0x595959ff,0x585958ff,0x585858ff,0x575756ff,0x565656ff,0x565655ff,0x555555ff,0x545453ff,0x535352ff,0x525352ff,0x525151ff,0x515150ff,0x4f4f50ff,
0x4f4f4eff,0x4e4e4dff,0x4d4d4dff,0x4c4c4cff,0x4b4b4bff,0x4a4a4aff,0x4a4949ff,0x484848ff,0x474747ff,0x464646ff,0x454545ff,0x444444ff,0x434343ff,0x424242ff,0x414241ff,0x404040ff,0x3f3f3fff,0x3e3e3dff,0x3d3d3dff,0x3c3c3bff,0x3b3b3bff,0x3a3a39ff,
0x383938ff,0x383837ff,0x373736ff,0x363535ff,0x343434ff,0x333433ff,0x323232ff,0x303131ff,0x30302fff,0x2f2f2eff,0x2e2e2dff,0x2d2c2cff,0x2c2c2bff,0x2a2a2aff,0x282928ff,0x282827ff,0x272626ff,0x262526ff,0x242424ff,0x232323ff,0x222121ff,0x212020ff,
0x1f1f1fff,0x1e1e1eff,0x1d1d1dff,0x1c1c1bff,0x1b1a1aff,0x191919ff,0x181818ff,0x171717ff,0x161616ff,0x141514ff,0x131313ff,0x121212ff,0x111011ff,0xf0f0fff,0xe0e0eff,0xd0d0dff,0xc0c0bff,0xa0a0aff,0x90909ff,0x80808ff,0x60706ff,0x50505ff,
0x40404ff,0x30303ff,0x10101ff,0xff,0xff,0xff,0xff,0xff,0x1ff,0xff,0x100ff,0xff,0xff,0xff,0xff,0xff,0x1ff,0xff,0xff,0xff,0xff,0x10000ff,
0x10000ff,0xff,0xff,0xff,0xff,0xff,0xff,0xff,0xff,0xff,0xff,0xff,0xff,0xff,0x10000ff,0x10202ff,0x40303ff,0x50405ff,0x60606ff,0x70707ff,0x90908ff,0x90909ff,
0xb0a0aff,0xc0c0cff,0xd0d0dff,0xe0e0eff,0xf100fff,0x111111ff,0x121212ff,0x141314ff,0x141515ff,0x161615ff,0x171718ff,0x181818ff,0x191a1aff,0x1b1b1bff,0x1c1c1cff,0x1d1d1dff,0x1f1e1fff,0x1f201fff,0x212120ff,0x222222ff,0x232323ff,0x242425ff,
0x262525ff,0x262727ff,0x282728ff,0x292929ff,0x2b2b2aff,0x2b2b2bff,0x2d2c2cff,0x2d2e2dff,0x2e2f2eff,0x30302fff,0x313131ff,0x323232ff,0x333333ff,0x343534ff,0x363636ff,0x363637ff,0x383837ff,0x393939ff,0x3a3a39ff,0x3b3b3aff,0x3b3c3cff,0x3d3d3dff,
0x3e3e3eff,0x3f3f3fff,0x404040ff,0x414141ff,0x424242ff,0x434343ff,0x444444ff,0x454545ff,0x464646ff,0x474747ff,0x484848ff,0x494949ff,0x4a4a49ff,0x4b4a4bff,0x4c4b4bff,0x4c4d4cff,0x4e4e4dff,0x4e4e4eff,0x4f4f4fff,0x505050ff,0x515151ff,0x525152ff,
0x535352ff,0x535353ff,0x545454ff,0x555554ff,0x565556ff,0x565756ff,0x575757ff,0x575857ff,0x585958ff,0x595958ff,0x595a59ff,0x5b5a5aff,0x5b5b5aff,0x5c5c5bff,0x5c5c5bff,0x5c5c5dff,0x5d5d5dff,0x5d5d5dff,0x5e5e5eff,0x5f5e5fff,0x5f5f5fff,0x60605fff,
0x60605fff,0x606060ff,0x616161ff,0x606161ff,0x616161ff,0x626261ff,0x626261ff,0x616262ff,0x626261ff,0x636262ff,0x636262ff,0x636362ff,0x626363ff,0x636363ff,0x636362ff,0x636362ff,0x636262ff,0x636362ff,0x636362ff,0x636262ff,0x636362ff,0x636362ff,
0x626362ff,0x626262ff,0x616262ff,0x626261ff,0x616261ff,0x616160ff,0x606060ff,0x606160ff,0x60605fff,0x5f605fff,0x5f5f5eff,0x5f5e5eff,0x5e5e5dff,0x5d5e5eff,0x5d5e5dff,0x5d5d5cff,0x5c5c5bff,0x5c5c5bff,0x5b5b5bff,0x5b5a5aff,0x595a5aff,0x595959ff,
0x585858ff,0x585857ff,0x575757ff,0x575755ff,0x565655ff,0x555554ff,0x545454ff,0x545353ff,0x525252ff,0x525251ff,0x515151ff,0x505050ff,0x4f4f4fff,0x4e4f4eff,0x4d4e4eff,0x4c4c4cff,0x4b4c4bff,0x4a4b4aff,0x4a4a4aff,0x494949ff,0x484848ff,0x474747ff,
0x464646ff,0x454545ff,0x444444ff,0x434343ff,0x424241ff,0x424141ff,0x404040ff,0x3f3f3eff,0x3e3e3eff,0x3d3d3dff,0x3c3c3bff,0x3b3b3aff,0x3a3a3aff,0x393938ff,0x383737ff,0x363736ff,0x353636ff,0x353534ff,0x333333ff,0x323232ff,0x303131ff,0x303030ff,
0x2e2e2eff,0x2e2d2dff,0x2c2d2cff,0x2b2b2cff,0x2a2a2bff,0x292929ff,0x282828ff,0x272727ff,0x262525ff,0x242424ff,0x232423ff,0x222221ff,0x212021ff,0x201f20ff,0x1e1e1eff,0x1d1d1dff,0x1c1c1cff,0x1b1a1aff,0x191a19ff,0x181818ff,0x181717ff,0x161616ff,
0x151415ff,0x141313ff,0x121212ff,0x111111ff,0x101010ff,0xe0f0fff,0xe0e0dff,0xc0c0cff,0xb0b0bff,0xa0909ff,0x80808ff,0x70707ff,0x60506ff,0x40405ff,0x30303ff,0x20202ff,0xff,0xff,0xff,0xff,0x1ff,0xff,
0xff,0xff,0x1ff,0xff,0x10000ff,0xff,0xff,0xff,0xff,0xff,0xff,0xff,0xff,0x100ff,0xff,0xff,0xff,0xff,0x10000ff,0xff,0xff,0xff,
0x100ff,0x10001ff,0xff,0xff,0xff,0xff,0xff,0x20101ff,0x20302ff,0x40404ff,0x50505ff,0x60607ff,0x80807ff,0x90908ff,0xa0a0aff,0xb0b0bff,0xd0c0cff,0xd0d0eff,0xf0f0fff,0x101010ff,0x111212ff,0x131313ff,
0x141414ff,0x151515ff,0x161617ff,0x181818ff,0x191819ff,0x1a1a1aff,0x1b1b1bff,0x1d1d1dff,0x1e1d1dff,0x1f1f1fff,0x1f2020ff,0x212121ff,0x222223ff,0x232423ff,0x252525ff,0x262626ff,0x272727ff,0x282828ff,0x292929ff,0x2a2a2aff,0x2c2c2bff,0x2d2c2cff,
0x2e2e2dff,0x2f2f2fff,0x303030ff,0x313131ff,0x333332ff,0x333333ff,0x353435ff,0x363535ff,0x373736ff,0x383837ff,0x393839ff,0x3a3a39ff,0x3b3a3bff,0x3c3c3bff,0x3d3c3cff,0x3e3e3eff,0x3f3f3fff,0x40403fff,0x414140ff,0x424242ff,0x434342ff,0x444443ff,
0x454545ff,0x454645ff,0x474646ff,0x484747ff,0x494948ff,0x494949ff,0x4a4a4aff,0x4b4b4bff,0x4c4c4cff,0x4d4d4dff,0x4e4e4dff,0x4f4f4eff,0x4f4f50ff,0x505050ff,0x515151ff,0x525252ff,0x535353ff,0x545353ff,0x555553ff,0x555554ff,0x555655ff,0x565656ff,
0x575757ff,0x575857ff,0x585858ff,0x595958ff,0x595959ff,0x5a5a5aff,0x5b5b5aff,0x5b5b5bff,0x5c5b5bff,0x5c5c5cff,0x5d5c5cff,0x5d5d5dff,0x5e5e5dff,0x5e5e5eff,0x5e5f5eff,0x5e5f5eff,0x5f5f5eff,0x5f5f5fff,0x605f5fff,0x60605fff,0x606060ff,0x606060ff,
0x606160ff,0x606160ff,0x616160ff,0x616160ff,0x616161ff,0x616161ff,0x616160ff,0x616160ff,0x616161ff,0x616160ff,0x616161ff,0x616060ff,0x616160ff,0x616060ff,0x606060ff,0x606060ff,0x60605fff,0x60605fff,0x5f605fff,0x5f5f5fff,0x5f5f5fff,0x5f5e5eff,
0x5f5e5eff,0x5e5e5eff,0x5d5d5dff,0x5d5d5dff,0x5c5c5cff,0x5c5c5bff,0x5b5c5bff,0x5b5b5bff,0x5b5b5bff,0x5a5a5aff,0x595959ff,0x595958ff,0x585858ff,0x575857ff,0x575656ff,0x565656ff,0x565655ff,0x555554ff,0x545554ff,0x545453ff,0x535352ff,0x525152ff,
0x515151ff,0x505050ff,0x50504fff,0x4f4e4eff,0x4e4e4dff,0x4d4d4dff,0x4c4c4cff,0x4b4c4bff,0x4b4b4aff,0x49494aff,0x484948ff,0x484747ff,0x474747ff,0x464645ff,0x454545ff,0x444444ff,0x424343ff,0x424241ff,0x414141ff,0x404040ff,0x3f3f3eff,0x3e3e3eff,
0x3d3d3dff,0x3c3c3cff,0x3b3b3bff,0x3a3a39ff,0x393938ff,0x373837ff,0x363636ff,0x353535ff,0x353534ff,0x333334ff,0x323232ff,0x313131ff,0x303130ff,0x2f2f2fff,0x2e2e2eff,0x2d2d2dff,0x2b2b2bff,0x2a2a2aff,0x29292aff,0x282828ff,0x272627ff,0x262625ff,
0x252424ff,0x232423ff,0x232222ff,0x212121ff,0x202020ff,0x1f1e1fff,0x1e1e1dff,0x1d1c1dff,0x1b1c1cff,0x1a1a1aff,0x191819ff,0x171718ff,0x171716ff,0x151515ff,0x141414ff,0x131213ff,0x121211ff,0x111011ff,0xf0f0fff,0xe0e0eff,0xd0d0cff,0xb0b0bff,
0xa0a0aff,0x80909ff,0x70707ff,0x60606ff,0x50505ff,0x40303ff,0x20303ff,0x10101ff,0xff,0xff,0xff,0xff,0xff,0xff,0xff,0xff,0x1ff,0xff,0xff,0xff,0xff,0x1ff,
0xff,0xff,0x100ff,0xff,0xff,0xff,0xff,0xff,0xff,0xff,0xff,0xff,0xff,0xff,0x100ff,0xff,0xff,0xff,0x10000ff,0xff,0x100ff,0x1ff,
0x20202ff,0x30303ff,0x50405ff,0x50606ff,0x70607ff,0x80808ff,0x90a09ff,0xb0b0aff,0xc0c0cff,0xd0d0dff,0xe0e0eff,0xf100fff,0x101111ff,0x111111ff,0x131313ff,0x141414ff,0x161616ff,0x171717ff,0x181818ff,0x191919ff,0x1b1a1bff,0x1b1c1cff,
0x1d1d1dff,0x1e1e1dff,0x1f1f1fff,0x202020ff,0x222121ff,0x232222ff,0x242423ff,0x252524ff,0x262626ff,0x282727ff,0x292828ff,0x2a2929ff,0x2b2b2bff,0x2c2c2cff,0x2c2d2dff,0x2e2e2eff,0x2f2f2fff,0x303130ff,0x313131ff,0x323232ff,0x333333ff,0x353534ff,
0x353636ff,0x373636ff,0x383738ff,0x383938ff,0x3a3a39ff,0x3b3b3aff,0x3c3b3cff,0x3d3c3dff,0x3e3e3dff,0x3e3f3fff,0x404040ff,0x414141ff,0x424141ff,0x434343ff,0x434343ff,0x444545ff,0x464646ff,0x474646ff,0x484747ff,0x484848ff,0x494949ff,0x4a4a49ff,
0x4b4b4aff,0x4c4c4bff,0x4c4c4dff,0x4d4d4dff,0x4e4f4eff,0x4f4f4fff,0x50504fff,0x515150ff,0x515151ff,0x525352ff,0x535353ff,0x535353ff,0x545454ff,0x555455ff,0x565655ff,0x565656ff,0x565756ff,0x575757ff,0x585858ff,0x585958ff,0x595959ff,0x595a59ff,
0x5a5a59ff,0x5a5b5bff,0x5b5b5bff,0x5b5c5cff,0x5c5c5cff,0x5c5c5bff,0x5c5d5cff,0x5d5e5dff,0x5e5e5dff,0x5e5e5eff,0x5e5e5eff,0x5e5f5eff,0x5f5e5eff,0x5e5f5eff,0x5e5f5fff,0x5f605fff,0x5f5f5fff,0x605f5fff,0x5f605fff,0x60605fff,0x5f605fff,0x605f5fff,
0x5f5f5fff,0x5f5f5fff,0x5f5f5fff,0x5f5f5fff,0x5f605fff,0x5f5f5fff,0x5f5f5fff,0x5e5e5fff,0x5e5f5eff,0x5e5e5eff,0x5e5e5dff,0x5e5e5dff,0x5e5d5dff,0x5d5d5dff,0x5d5d5cff,0x5c5c5cff,0x5c5c5bff,0x5c5b5bff,0x5b5b5aff,0x5b5b5bff,0x5a5a5aff,0x5a5959ff,
0x595959ff,0x595858ff,0x585858ff,0x575757ff,0x565756ff,0x565656ff,0x565555ff,0x545554ff,0x545554ff,0x535353ff,0x535352ff,0x525251ff,0x515151ff,0x515050ff,0x504f4fff,0x4f4f4fff,0x4e4e4eff,0x4d4d4eff,0x4d4d4cff,0x4c4c4bff,0x4b4b4bff,0x4a4a4aff,
0x494949ff,0x484948ff,0x474847ff,0x474746ff,0x454645ff,0x444445ff,0x444443ff,0x434242ff,0x424241ff,0x414141ff,0x40403fff,0x3e3f3eff,0x3e3e3eff,0x3c3d3cff,0x3c3c3bff,0x3b3b3bff,0x3a3939ff,0x393938ff,0x383838ff,0x363736ff,0x363635ff,0x343434ff,
0x343333ff,0x323232ff,0x313131ff,0x303030ff,0x2f2f2fff,0x2e2e2eff,0x2d2d2cff,0x2b2c2cff,0x2b2b2bff,0x2a2929ff,0x282928ff,0x272727ff,0x262626ff,0x252525ff,0x232424ff,0x222323ff,0x222121ff,0x202020ff,0x1f1f1fff,0x1e1e1dff,0x1d1d1dff,0x1c1c1bff,
0x1a1b1aff,0x191919ff,0x181818ff,0x171617ff,0x161615ff,0x141514ff,0x141313ff,0x121211ff,0x101011ff,0x10100fff,0xe0e0eff,0xd0d0dff,0xc0c0cff,0xa0a0bff,0xa0909ff,0x80807ff,0x60707ff,0x50606ff,0x50404ff,0x30303ff,0x20201ff,0x1ff,
0xff,0xff,0xff,0xff,0xff,0xff,0x100ff,0xff,0x100ff,0xff,0x10000ff,0xff,0xff,0x1ff,0x1ff,0xff,0x1ff,0xff,0xff,0xff,0xff,0xff,
0xff,0x100ff,0xff,0x100ff,0xff,0xff,0x10001ff,0xff,0xff,0xff,0xff,0xff,0xff,0xff,0x10101ff,0x30202ff,0x40404ff,0x50505ff,0x60606ff,0x70707ff,0x90808ff,0xa090aff,
0xa0b0aff,0xc0c0cff,0xd0d0dff,0xf0e0fff,0x100f10ff,0x101111ff,0x131212ff,0x131313ff,0x151514ff,0x161516ff,0x171717ff,0x181818ff,0x1a1a19ff,0x1a1a1bff,0x1c1c1cff,0x1d1d1dff,0x1e1e1eff,0x1f201fff,0x202121ff,0x222121ff,0x232223ff,0x242424ff,
0x252525ff,0x262626ff,0x272727ff,0x282929ff,0x2a292aff,0x2a2b2aff,0x2c2c2bff,0x2d2d2dff,0x2e2e2eff,0x2f2f2fff,0x303030ff,0x313132ff,0x333233ff,0x333433ff,0x353534ff,0x353535ff,0x373736ff,0x383737ff,0x393838ff,0x3a3a39ff,0x3b3b3bff,0x3c3c3bff,
0x3c3c3cff,0x3d3e3dff,0x3e3f3fff,0x403f40ff,0x414040ff,0x424142ff,0x424342ff,0x434343ff,0x444544ff,0x454544ff,0x464646ff,0x474747ff,0x484848ff,0x494948ff,0x4a4949ff,0x4b4a4aff,0x4b4b4bff,0x4c4c4cff,0x4d4d4cff,0x4d4e4dff,0x4f4f4eff,0x4f504eff,
0x505050ff,0x505051ff,0x515151ff,0x525252ff,0x535353ff,0x545353ff,0x545454ff,0x545454ff,0x555555ff,0x555655ff,0x575756ff,0x575757ff,0x575758ff,0x585858ff,0x595858ff,0x595959ff,0x595959ff,0x5a5a5aff,0x5b5a5aff,0x5a5a5aff,0x5b5b5bff,0x5b5b5cff,
0x5c5c5cff,0x5c5c5cff,0x5c5c5cff,0x5d5d5cff,0x5d5d5cff,0x5d5d5dff,0x5d5d5dff,0x5d5d5dff,0x5e5e5dff,0x5e5d5dff,0x5e5e5dff,0x5e5e5dff,0x5e5e5eff,0x5e5e5dff,0x5e5e5eff,0x5e5e5eff,0x5e5e5dff,0x5d5d5dff,0x5d5d5dff,0x5e5e5eff,0x5e5d5dff,0x5d5d5cff,
0x5d5d5dff,0x5c5d5cff,0x5d5c5cff,0x5c5c5cff,0x5c5c5bff,0x5c5b5bff,0x5b5b5bff,0x5a5b5aff,0x5a5a5aff,0x5a5a5aff,0x5a5a59ff,0x595959ff,0x585858ff,0x585858ff,0x585758ff,0x575757ff,0x575757ff,0x565655ff,0x555655ff,0x545454ff,0x545453ff,0x545453ff,
0x535353ff,0x525251ff,0x515151ff,0x505151ff,0x50504fff,0x4f4f4fff,0x4e4e4eff,0x4d4e4dff,0x4c4d4dff,0x4c4c4cff,0x4c4b4bff,0x4a4b4aff,0x49494aff,0x494948ff,0x484847ff,0x474747ff,0x464646ff,0x454645ff,0x444544ff,0x434343ff,0x424342ff,0x424141ff,
0x404041ff,0x3f403fff,0x3f3e3eff,0x3d3e3eff,0x3c3d3cff,0x3b3c3cff,0x3a3a3aff,0x3a3939ff,0x393838ff,0x373837ff,0x373736ff,0x363635ff,0x343434ff,0x333333ff,0x333232ff,0x313131ff,0x303030ff,0x2f2f2fff,0x2e2e2eff,0x2d2d2dff,0x2b2c2cff,0x2b2b2bff,
0x292929ff,0x282928ff,0x282727ff,0x262726ff,0x252525ff,0x242424ff,0x232323ff,0x222121ff,0x202020ff,0x1f1f1fff,0x1e1e1eff,0x1d1d1cff,0x1c1c1cff,0x1b1b1bff,0x1a191aff,0x181818ff,0x171717ff,0x161616ff,0x151415ff,0x131413ff,0x121212ff,0x111110ff,
0x101010ff,0xf0f0eff,0xe0e0dff,0xc0d0cff,0xb0b0bff,0xa0a09ff,0x80909ff,0x70707ff,0x60606ff,0x50404ff,0x30403ff,0x30202ff,0x10100ff,0x100ff,0xff,0xff,0x1ff,0xff,0xff,0xff,0xff,0xff,
0xff,0xff,0xff,0xff,0xff,0x10000ff,0xff,0xff,0x10000ff,0x10000ff,0xff,0xff,0x10101ff,0x1ff,0xff,0xff,0xff,0x10000ff,0x1ff,0xff,0xff,0xff,
0xff,0xff,0xff,0xff,0xff,0xff,0xff,0x20202ff,0x30303ff,0x40403ff,0x60505ff,0x60707ff,0x70707ff,0x80909ff,0xa0a0aff,0xc0c0bff,0xc0c0cff,0xd0e0eff,0xf0f0fff,0x101010ff,0x121112ff,0x131312ff,
0x131414ff,0x151515ff,0x161616ff,0x181718ff,0x191918ff,0x1a1a1aff,0x1a1b1bff,0x1c1c1cff,0x1d1e1dff,0x1e1e1eff,0x202020ff,0x212020ff,0x222221ff,0x232323ff,0x242424ff,0x262525ff,0x262626ff,0x282827ff,0x292929ff,0x2a2a2aff,0x2b2b2aff,0x2c2c2cff,
0x2d2d2dff,0x2e2e2eff,0x2f2f2fff,0x303130ff,0x313131ff,0x323233ff,0x333333ff,0x353435ff,0x353535ff,0x363636ff,0x383737ff,0x383838ff,0x393a39ff,0x3a3b3aff,0x3b3b3cff,0x3d3c3cff,0x3d3d3dff,0x3e3e3fff,0x403f3fff,0x404140ff,0x414141ff,0x424242ff,
0x434443ff,0x434444ff,0x454545ff,0x464645ff,0x464747ff,0x474747ff,0x484848ff,0x494949ff,0x4a4a49ff,0x4b4b4aff,0x4c4c4bff,0x4d4c4cff,0x4d4d4dff,0x4e4e4eff,0x4f4f4eff,0x4f4f4fff,0x505050ff,0x505150ff,0x515151ff,0x525252ff,0x525252ff,0x535353ff,
0x545453ff,0x555554ff,0x555555ff,0x565655ff,0x565656ff,0x575756ff,0x575757ff,0x575857ff,0x585858ff,0x585858ff,0x595959ff,0x5a5959ff,0x595a59ff,0x5a5a59ff,0x5a5a59ff,0x5b5a5aff,0x5b5b5aff,0x5b5b5bff,0x5b5c5bff,0x5c5b5bff,0x5c5b5bff,0x5c5c5bff,
0x5c5c5bff,0x5c5c5cff,0x5c5c5cff,0x5c5c5cff,0x5c5c5bff,0x5c5c5cff,0x5d5c5cff,0x5c5c5cff,0x5c5c5bff,0x5c5c5cff,0x5c5c5cff,0x5c5b5bff,0x5c5c5bff,0x5b5b5cff,0x5c5b5bff,0x5b5c5aff,0x5b5b5aff,0x5b5b5aff,0x5b5a5aff,0x5a5a59ff,0x595a59ff,0x595959ff,
0x595959ff,0x595858ff,0x585857ff,0x575858ff,0x575757ff,0x565757ff,0x565756ff,0x555555ff,0x555554ff,0x545454ff,0x545454ff,0x545452ff,0x525252ff,0x525251ff,0x515151ff,0x515151ff,0x505050ff,0x4f4f4fff,0x4e4e4fff,0x4e4d4dff,0x4d4d4dff,0x4c4c4cff,
0x4b4b4bff,0x4b4a4aff,0x4a4a49ff,0x494948ff,0x484848ff,0x474847ff,0x464746ff,0x454645ff,0x444545ff,0x444444ff,0x434343ff,0x424242ff,0x414241ff,0x404040ff,0x3f403fff,0x3e3f3fff,0x3e3e3dff,0x3d3d3dff,0x3b3b3bff,0x3b3a3aff,0x3a3939ff,0x393938ff,
0x373837ff,0x373637ff,0x353535ff,0x353434ff,0x333434ff,0x333332ff,0x313131ff,0x313130ff,0x2f2f2fff,0x2e2e2eff,0x2d2d2dff,0x2c2c2cff,0x2b2b2aff,0x292a29ff,0x292928ff,0x282728ff,0x272726ff,0x252525ff,0x252424ff,0x232323ff,0x212122ff,0x212020ff,
0x1f1f20ff,0x1e1e1eff,0x1d1d1eff,0x1c1c1cff,0x1b1a1bff,0x1a1a1aff,0x191819ff,0x171817ff,0x161616ff,0x151515ff,0x141413ff,0x131213ff,0x111111ff,0x101010ff,0xf0f0fff,0xe0e0eff,0xd0c0dff,0xb0b0bff,0xa0a0aff,0x90808ff,0x70808ff,0x60706ff,
0x50505ff,0x40404ff,0x30302ff,0x10101ff,0xff,0x1ff,0xff,0xff,0x100ff,0xff,0xff,0xff,0xff,0xff,0xff,0xff,0xff,0xff,0xff,0xff,0xff,0xff,
0xff,0xff,0xff,0xff,0xff,0x10000ff,0x100ff,0xff,0xff,0xff,0xff,0xff,0xff,0x1ff,0xff,0xff,0xff,0xff,0xff,0xff,0xff,0x10001ff,
0x20202ff,0x30303ff,0x50504ff,0x60506ff,0x60606ff,0x80808ff,0x90909ff,0xb0b0aff,0xb0c0bff,0xd0d0dff,0xe0f0eff,0x100f0fff,0x101011ff,0x121211ff,0x131312ff,0x141414ff,0x151616ff,0x171717ff,0x171817ff,0x191918ff,0x1a1a1aff,0x1c1b1bff,
0x1c1c1cff,0x1d1d1dff,0x1e1f1fff,0x1f1f1fff,0x212021ff,0x222222ff,0x232323ff,0x252424ff,0x252526ff,0x262727ff,0x272727ff,0x282928ff,0x2a2929ff,0x2b2b2bff,0x2c2c2cff,0x2e2d2dff,0x2e2f2eff,0x2f2f2fff,0x303130ff,0x313131ff,0x333233ff,0x343333ff,
0x353534ff,0x353635ff,0x363736ff,0x383738ff,0x383839ff,0x393939ff,0x3a3b3bff,0x3b3b3bff,0x3d3c3cff,0x3d3d3dff,0x3e3e3eff,0x3f3f3fff,0x40403fff,0x414141ff,0x424241ff,0x424242ff,0x434444ff,0x444544ff,0x454545ff,0x464646ff,0x474746ff,0x484847ff,
0x484949ff,0x494949ff,0x4a4a4aff,0x4b4b4aff,0x4c4b4cff,0x4c4c4cff,0x4d4d4dff,0x4e4e4eff,0x4e4e4eff,0x504f4fff,0x505050ff,0x505150ff,0x525251ff,0x525251ff,0x525352ff,0x535352ff,0x545353ff,0x545454ff,0x555554ff,0x555555ff,0x565655ff,0x565656ff,
0x575756ff,0x575756ff,0x585756ff,0x575858ff,0x585858ff,0x595858ff,0x585859ff,0x595958ff,0x595a59ff,0x595959ff,0x5a5959ff,0x595a5aff,0x5a5a5aff,0x5a5a5aff,0x5a5a5aff,0x5a5b5aff,0x5a5a5bff,0x5b5a5bff,0x5b5a5aff,0x5b5a5aff,0x5b5a5bff,0x5a5a5aff,
0x5a5b5aff,0x5b5a5aff,0x5a5b5aff,0x5a5b5aff,0x5a5a5aff,0x5a5a59ff,0x595959ff,0x5a5959ff,0x595959ff,0x595959ff,0x595858ff,0x585958ff,0x575857ff,0x585857ff,0x575757ff,0x575757ff,0x575756ff,0x555656ff,0x555555ff,0x555555ff,0x555454ff,0x545454ff,
0x535353ff,0x535353ff,0x535252ff,0x525252ff,0x515151ff,0x515150ff,0x505050ff,0x4f4f4fff,0x4f4e4eff,0x4e4e4eff,0x4d4d4cff,0x4d4c4cff,0x4c4b4bff,0x4b4b4bff,0x4a4a4aff,0x4a494aff,0x494848ff,0x484848ff,0x474747ff,0x464646ff,0x454545ff,0x444445ff,
0x434344ff,0x424342ff,0x424241ff,0x414141ff,0x404040ff,0x3f3f3fff,0x3e3e3eff,0x3d3e3dff,0x3d3c3cff,0x3c3c3bff,0x3b3b3aff,0x393a39ff,0x393838ff,0x383837ff,0x363636ff,0x353635ff,0x343534ff,0x333333ff,0x323332ff,0x323132ff,0x303030ff,0x302f2fff,
0x2e2e2eff,0x2d2d2dff,0x2c2c2bff,0x2b2b2aff,0x2a2a2aff,0x292928ff,0x282827ff,0x272626ff,0x252625ff,0x252524ff,0x242323ff,0x222222ff,0x212121ff,0x20201fff,0x1e1f1eff,0x1d1d1eff,0x1c1c1dff,0x1b1b1bff,0x1a1a19ff,0x191918ff,0x181818ff,0x161617ff,
0x161515ff,0x141414ff,0x131313ff,0x121212ff,0x101110ff,0xf0f0fff,0xe0e0eff,0xd0d0cff,0xb0c0cff,0xb0b0bff,0x90909ff,0x80808ff,0x70707ff,0x60506ff,0x40504ff,0x30303ff,0x20202ff,0x1ff,0xff,0xff,0xff,0xff,
0xff,0xff,0xff,0x1ff,0xff,0xff,0xff,0xff,0xff,0xff,0xff,0xff,0xff,0xff,0xff,0x10000ff,0xff,0x10000ff,0x1ff,0x100ff,0xff,0xff,
0x10000ff,0xff,0x1ff,0xff,0xff,0xff,0x100ff,0x1ff,0xff,0xff,0xff,0xff,0xff,0xff,0x10101ff,0x30202ff,0x40303ff,0x40505ff,0x60606ff,0x80707ff,0x90908ff,0xa0909ff,
0xb0b0bff,0xc0c0cff,0xd0e0dff,0xf0e0eff,0xf100fff,0x101111ff,0x121212ff,0x131313ff,0x151414ff,0x151616ff,0x171716ff,0x181817ff,0x191919ff,0x1a1a1aff,0x1c1c1cff,0x1d1d1dff,0x1d1e1dff,0x1f1f1fff,0x1f2020ff,0x212121ff,0x222322ff,0x232423ff,
0x252525ff,0x252526ff,0x272727ff,0x282828ff,0x292928ff,0x2a2a2aff,0x2b2b2bff,0x2c2c2bff,0x2e2d2dff,0x2e2e2dff,0x2f2f2fff,0x303030ff,0x323131ff,0x323332ff,0x333333ff,0x343534ff,0x353535ff,0x363736ff,0x383737ff,0x383838ff,0x393939ff,0x3a3a3aff,
0x3b3b3bff,0x3c3c3bff,0x3c3d3cff,0x3e3e3dff,0x3e3e3eff,0x3f3f3fff,0x404041ff,0x414141ff,0x434242ff,0x434343ff,0x444443ff,0x454445ff,0x464546ff,0x474647ff,0x474847ff,0x484848ff,0x494949ff,0x4a4a49ff,0x4a4a4aff,0x4b4c4bff,0x4c4c4bff,0x4d4d4cff,
0x4d4d4dff,0x4e4e4eff,0x4f4e4eff,0x4f4f4eff,0x50504fff,0x505150ff,0x505150ff,0x525151ff,0x525252ff,0x525252ff,0x535352ff,0x545353ff,0x545454ff,0x555454ff,0x555555ff,0x565655ff,0x555655ff,0x565656ff,0x565656ff,0x565656ff,0x575757ff,0x575757ff,
0x585857ff,0x575757ff,0x585858ff,0x595958ff,0x585958ff,0x595958ff,0x595958ff,0x585958ff,0x595958ff,0x595959ff,0x595959ff,0x595959ff,0x595959ff,0x595959ff,0x595958ff,0x585958ff,0x595959ff,0x595858ff,0x585858ff,0x595858ff,0x585858ff,0x585758ff,
0x585857ff,0x575757ff,0x585757ff,0x575756ff,0x565756ff,0x565655ff,0x565556ff,0x555555ff,0x545555ff,0x555454ff,0x545454ff,0x535354ff,0x535353ff,0x535252ff,0x525252ff,0x515151ff,0x515150ff,0x505050ff,0x504f4fff,0x4f4f4fff,0x4e4f4eff,0x4e4e4eff,
0x4d4d4dff,0x4d4d4dff,0x4c4c4cff,0x4b4b4aff,0x4b4a4aff,0x4a4949ff,0x494949ff,0x484848ff,0x474747ff,0x474746ff,0x464646ff,0x454545ff,0x444444ff,0x434343ff,0x424342ff,0x424242ff,0x414040ff,0x3f3f40ff,0x3f3f3eff,0x3e3d3eff,0x3d3d3dff,0x3c3c3cff,
0x3b3b3bff,0x3a3a39ff,0x3a3939ff,0x383838ff,0x383737ff,0x373636ff,0x353535ff,0x343434ff,0x333333ff,0x333232ff,0x313131ff,0x303030ff,0x2f2f2fff,0x2e2e2dff,0x2d2d2dff,0x2c2b2cff,0x2b2b2aff,0x2a2a2aff,0x292928ff,0x282728ff,0x272726ff,0x262625ff,
0x242524ff,0x232323ff,0x222222ff,0x212121ff,0x202020ff,0x1f1f1fff,0x1d1e1dff,0x1d1c1cff,0x1b1b1bff,0x1a1a1aff,0x191919ff,0x181818ff,0x161716ff,0x161516ff,0x141415ff,0x131313ff,0x121212ff,0x111111ff,0x100f10ff,0xf0e0eff,0xd0d0dff,0xc0c0cff,
0xb0b0bff,0xa0909ff,0x90908ff,0x70708ff,0x60606ff,0x50404ff,0x40403ff,0x30302ff,0x10101ff,0xff,0xff,0xff,0xff,0xff,0xff,0xff,0xff,0xff,0xff,0xff,0xff,0xff,
0xff,0xff,0xff,0xff,0x100ff,0x10001ff,0x100ff,0xff,0xff,0xff,0xff,0x100ff,0xff,0xff,0xff,0xff,0xff,0xff,0xff,0xff,0xff,0xff,
0xff,0xff,0xff,0xff,0x100ff,0xff,0xff,0x20102ff,0x20303ff,0x40404ff,0x60505ff,0x70606ff,0x70708ff,0x90908ff,0xb0a0aff,0xb0b0bff,0xd0d0dff,0xd0d0eff,0xf0f0eff,0x101010ff,0x111111ff,0x121212ff,
0x141313ff,0x141515ff,0x161616ff,0x171717ff,0x181818ff,0x1a1919ff,0x1a1b1bff,0x1b1c1bff,0x1d1d1dff,0x1e1d1dff,0x1f1f1fff,0x202020ff,0x212121ff,0x222222ff,0x232424ff,0x252424ff,0x262626ff,0x272726ff,0x282828ff,0x292929ff,0x2a292aff,0x2b2b2bff,
0x2c2c2cff,0x2d2d2cff,0x2e2e2eff,0x2f2f2fff,0x313130ff,0x313131ff,0x323332ff,0x333332ff,0x343434ff,0x353635ff,0x363636ff,0x373737ff,0x393838ff,0x393938ff,0x393a39ff,0x3b3b3bff,0x3c3c3cff,0x3d3d3cff,0x3e3d3dff,0x3f3f3eff,0x3f403fff,0x404040ff,
0x414141ff,0x424242ff,0x434342ff,0x434443ff,0x444445ff,0x454544ff,0x464646ff,0x474747ff,0x474747ff,0x484848ff,0x494949ff,0x494a49ff,0x4a4b4aff,0x4b4b4bff,0x4b4c4cff,0x4c4c4cff,0x4d4d4dff,0x4e4d4eff,0x4e4e4eff,0x4f4e4eff,0x4f504fff,0x50504fff,
0x515050ff,0x515151ff,0x525151ff,0x525252ff,0x535352ff,0x535353ff,0x535353ff,0x535453ff,0x545454ff,0x555554ff,0x555554ff,0x555554ff,0x555555ff,0x565556ff,0x565656ff,0x565656ff,0x565756ff,0x565756ff,0x575757ff,0x575756ff,0x575857ff,0x575757ff,
0x575757ff,0x575757ff,0x575757ff,0x585757ff,0x575757ff,0x585757ff,0x575757ff,0x575757ff,0x575757ff,0x565757ff,0x565756ff,0x565656ff,0x575656ff,0x575756ff,0x565656ff,0x565655ff,0x565555ff,0x555555ff,0x545554ff,0x545455ff,0x555454ff,0x545354ff,
0x545453ff,0x535353ff,0x525352ff,0x525251ff,0x515251ff,0x515150ff,0x505050ff,0x505050ff,0x4f4f4fff,0x4f4e4fff,0x4e4e4eff,0x4e4e4dff,0x4d4d4dff,0x4c4c4cff,0x4b4c4bff,0x4b4b4bff,0x4a4a4aff,0x494949ff,0x494949ff,0x484847ff,0x474747ff,0x474646ff,
0x464646ff,0x464545ff,0x444544ff,0x444343ff,0x434342ff,0x424242ff,0x424141ff,0x40403fff,0x3f403fff,0x3f3e3eff,0x3e3e3dff,0x3c3c3dff,0x3c3c3cff,0x3a3b3aff,0x3a3a3aff,0x393939ff,0x383838ff,0x373737ff,0x363736ff,0x353535ff,0x343434ff,0x333333ff,
0x333232ff,0x313131ff,0x303030ff,0x302f2fff,0x2f2e2eff,0x2d2d2dff,0x2c2c2cff,0x2b2b2bff,0x2a2a2aff,0x292929ff,0x282727ff,0x262627ff,0x262625ff,0x242524ff,0x242424ff,0x222323ff,0x212121ff,0x202020ff,0x1f1f1fff,0x1e1e1eff,0x1d1c1dff,0x1c1b1cff,
0x1b1a1aff,0x1a1919ff,0x181818ff,0x171716ff,0x161515ff,0x151415ff,0x131314ff,0x131212ff,0x111111ff,0x101010ff,0xf0f0fff,0xd0e0eff,0xd0c0cff,0xc0b0bff,0xa0a0aff,0x90909ff,0x70808ff,0x70607ff,0x50505ff,0x40404ff,0x20303ff,0x10102ff,
0x100ff,0xff,0xff,0xff,0x100ff,0xff,0x10000ff,0xff,0xff,0xff,0xff,0xff,0xff,0xff,0xff,0x1ff,0xff,0xff,0xff,0xff,0xff,0x100ff,
0xff,0xff,0xff,0xff,0xff,0xff,0xff,0xff,0xff,0xff,0x10000ff,0xff,0xff,0xff,0xff,0xff,0xff,0xff,0xff,0xff,0x10001ff,0x10100ff,
0x20201ff,0x30303ff,0x40404ff,0x60606ff,0x70607ff,0x80808ff,0x90a09ff,0xb0b0aff,0xc0c0bff,0xd0d0dff,0xd0e0dff,0xf0f0fff,0x101110ff,0x111212ff,0x131212ff,0x141414ff,0x151515ff,0x161616ff,0x171717ff,0x181818ff,0x191a19ff,0x1b1b1aff,
0x1c1c1bff,0x1d1d1cff,0x1e1e1eff,0x1f1f1fff,0x202120ff,0x212121ff,0x222223ff,0x232323ff,0x242524ff,0x262626ff,0x262727ff,0x272827ff,0x292829ff,0x2a2a29ff,0x2b2b2aff,0x2c2c2cff,0x2d2d2dff,0x2e2e2eff,0x2f2f2fff,0x30302fff,0x313131ff,0x323231ff,
0x323333ff,0x343434ff,0x353535ff,0x363635ff,0x373736ff,0x383837ff,0x383938ff,0x3a3939ff,0x3b3a3aff,0x3b3b3bff,0x3c3d3cff,0x3d3d3dff,0x3e3e3eff,0x3f3f3eff,0x404040ff,0x414040ff,0x424141ff,0x434342ff,0x434343ff,0x444443ff,0x454544ff,0x454545ff,
0x464645ff,0x474746ff,0x484747ff,0x484848ff,0x494949ff,0x494a49ff,0x4a4b4aff,0x4a4b4bff,0x4b4c4cff,0x4c4c4cff,0x4c4d4cff,0x4e4e4dff,0x4e4e4eff,0x4e4e4eff,0x4f4f4fff,0x4f504fff,0x515150ff,0x515150ff,0x515150ff,0x525251ff,0x525252ff,0x525352ff,
0x525252ff,0x535352ff,0x535453ff,0x545453ff,0x545454ff,0x545553ff,0x555455ff,0x545454ff,0x555555ff,0x555554ff,0x555655ff,0x565555ff,0x565655ff,0x565655ff,0x555656ff,0x555655ff,0x555556ff,0x555555ff,0x565655ff,0x565556ff,0x555655ff,0x565555ff,
0x565655ff,0x565655ff,0x555555ff,0x555555ff,0x555555ff,0x555554ff,0x545454ff,0x545454ff,0x545454ff,0x535353ff,0x535453ff,0x535353ff,0x525252ff,0x525352ff,0x515251ff,0x525151ff,0x515151ff,0x505050ff,0x505050ff,0x4f504fff,0x4f4f4fff,0x4f4e4fff,
0x4e4e4eff,0x4d4e4dff,0x4d4c4dff,0x4c4c4cff,0x4c4b4bff,0x4b4b4aff,0x4a4b4aff,0x494949ff,0x494949ff,0x484848ff,0x474747ff,0x474747ff,0x464646ff,0x454545ff,0x444444ff,0x444443ff,0x444343ff,0x424242ff,0x424241ff,0x414140ff,0x40403fff,0x3f3f3fff,
0x3f3e3dff,0x3d3d3dff,0x3c3d3cff,0x3c3b3bff,0x3a3b3aff,0x3a3a39ff,0x393938ff,0x383837ff,0x363737ff,0x363536ff,0x353535ff,0x343434ff,0x333333ff,0x323232ff,0x313131ff,0x303030ff,0x2f2f2fff,0x2e2e2eff,0x2d2d2dff,0x2c2c2bff,0x2b2a2bff,0x2a2a2aff,
0x292929ff,0x282827ff,0x272727ff,0x262625ff,0x242525ff,0x242424ff,0x222223ff,0x212221ff,0x212020ff,0x1f1f1fff,0x1e1e1dff,0x1d1d1cff,0x1c1c1bff,0x1a1b1bff,0x1a191aff,0x191918ff,0x181717ff,0x161716ff,0x151515ff,0x141414ff,0x131213ff,0x121112ff,
0x111110ff,0xf0f0fff,0xe0d0eff,0xd0d0dff,0xb0c0bff,0xb0b0bff,0x90a09ff,0x80808ff,0x70707ff,0x50606ff,0x40404ff,0x30303ff,0x20202ff,0x10101ff,0xff,0xff,0xff,0xff,0xff,0x1ff,0x100ff,0xff,
0xff,0x10000ff,0xff,0xff,0x1ff,0xff,0xff,0x1ff,0xff,0xff,0xff,0xff,0xff,0x10000ff,0xff,0x10100ff,0xff,0xff,0xff,0xff,0xff,0xff,
0x10000ff,0xff,0xff,0xff,0x100ff,0xff,0xff,0xff,0xff,0xff,0x10000ff,0xff,0xff,0xff,0x10101ff,0x20202ff,0x30304ff,0x50505ff,0x60606ff,0x70707ff,0x80808ff,0xa0909ff,
0xb0a0bff,0xc0c0bff,0xd0d0dff,0xe0e0eff,0xf100fff,0x111011ff,0x121212ff,0x131213ff,0x141413ff,0x151515ff,0x171616ff,0x171817ff,0x191918ff,0x1a191aff,0x1a1b1bff,0x1c1c1cff,0x1d1d1dff,0x1e1e1eff,0x1f201fff,0x212020ff,0x212222ff,0x222222ff,
0x232323ff,0x252525ff,0x262525ff,0x272726ff,0x282727ff,0x292929ff,0x2a2a2aff,0x2b2b2aff,0x2c2c2cff,0x2d2c2dff,0x2e2e2eff,0x2f2f2fff,0x303030ff,0x313131ff,0x323232ff,0x323333ff,0x343434ff,0x343434ff,0x353635ff,0x373737ff,0x373838ff,0x383838ff,
0x393939ff,0x3a3a3aff,0x3b3c3bff,0x3c3c3bff,0x3d3c3dff,0x3e3e3dff,0x3e3f3fff,0x3f3f40ff,0x404040ff,0x414140ff,0x414242ff,0x424343ff,0x434343ff,0x444444ff,0x454544ff,0x464545ff,0x464646ff,0x474747ff,0x484847ff,0x484848ff,0x494949ff,0x4a494aff,
0x4a4a4aff,0x4a4b4aff,0x4b4c4bff,0x4c4c4cff,0x4c4c4cff,0x4d4d4dff,0x4e4d4dff,0x4e4e4dff,0x4f4f4eff,0x4f4f4fff,0x50504fff,0x504f50ff,0x515050ff,0x515150ff,0x515151ff,0x515151ff,0x525251ff,0x525252ff,0x525252ff,0x535352ff,0x535352ff,0x535353ff,
0x535353ff,0x535353ff,0x535353ff,0x545453ff,0x545454ff,0x545453ff,0x545454ff,0x545454ff,0x545454ff,0x545454ff,0x545454ff,0x545554ff,0x545454ff,0x545454ff,0x545453ff,0x545453ff,0x535453ff,0x535353ff,0x535453ff,0x535353ff,0x535353ff,0x535252ff,
0x525252ff,0x525252ff,0x515252ff,0x515151ff,0x515150ff,0x515150ff,0x505050ff,0x4f5050ff,0x504f50ff,0x4f4f4eff,0x4e4f4eff,0x4e4e4eff,0x4d4e4dff,0x4d4d4dff,0x4d4c4cff,0x4c4c4bff,0x4b4b4bff,0x4b4b4aff,0x4a4a4aff,0x4a4949ff,0x494948ff,0x484848ff,
0x484847ff,0x474747ff,0x464646ff,0x464545ff,0x454444ff,0x444444ff,0x444343ff,0x434342ff,0x424242ff,0x414140ff,0x404040ff,0x3f3f3fff,0x3e3e3eff,0x3e3e3dff,0x3d3d3cff,0x3c3c3cff,0x3b3b3bff,0x3b3a3aff,0x3a3a39ff,0x393838ff,0x383738ff,0x373737ff,
0x363635ff,0x353434ff,0x343433ff,0x333232ff,0x323232ff,0x313130ff,0x30302fff,0x2f2f2fff,0x2e2e2dff,0x2d2c2dff,0x2c2c2bff,0x2b2a2aff,0x2a2a2aff,0x292929ff,0x282728ff,0x272626ff,0x262526ff,0x242525ff,0x232323ff,0x222323ff,0x212122ff,0x202120ff,
0x1f1f1fff,0x1e1e1eff,0x1d1d1dff,0x1c1c1cff,0x1b1b1bff,0x1a1919ff,0x191819ff,0x171717ff,0x161616ff,0x151515ff,0x141414ff,0x131313ff,0x121112ff,0x101111ff,0x100f0fff,0xe0e0fff,0xd0d0dff,0xc0c0cff,0xa0b0aff,0x90a09ff,0x80808ff,0x80707ff,
0x60606ff,0x40404ff,0x30304ff,0x20202ff,0x10101ff,0xff,0xff,0xff,0xff,0x10000ff,0xff,0xff,0x10000ff,0xff,0xff,0xff,0xff,0xff,0xff,0xff,0xff,0x1ff,
0xff,0xff,0xff,0xff,0xff,0xff,0x10000ff,0xff,0xff,0x10000ff,0xff,0x10000ff,0xff,0xff,0xff,0xff,0xff,0xff,0xff,0xff,0xff,0xff,
0xff,0xff,0xff,0xff,0xff,0xff,0x100ff,0x20102ff,0x20202ff,0x40403ff,0x50505ff,0x60607ff,0x80708ff,0x80909ff,0xa0a09ff,0xb0b0bff,0xc0c0cff,0xd0d0dff,0xe0e0eff,0x10100fff,0x111110ff,0x121212ff,
0x131313ff,0x141514ff,0x151615ff,0x161717ff,0x171718ff,0x181919ff,0x1a1919ff,0x1b1b1bff,0x1c1c1cff,0x1d1d1dff,0x1e1e1eff,0x202020ff,0x202020ff,0x212221ff,0x222323ff,0x242423ff,0x242524ff,0x252625ff,0x262727ff,0x282728ff,0x292929ff,0x2a2a29ff,
0x2b2b2aff,0x2c2b2bff,0x2d2d2dff,0x2e2e2eff,0x2f2e2fff,0x2f302fff,0x313130ff,0x323132ff,0x333333ff,0x333433ff,0x343534ff,0x353535ff,0x363636ff,0x383737ff,0x393838ff,0x393939ff,0x393a3aff,0x3b3b3aff,0x3c3b3bff,0x3c3d3dff,0x3e3d3dff,0x3e3e3eff,
0x3f3e3eff,0x3f3f3fff,0x404041ff,0x414141ff,0x414241ff,0x434342ff,0x444343ff,0x444443ff,0x454544ff,0x464545ff,0x464746ff,0x464747ff,0x484848ff,0x484848ff,0x494849ff,0x494949ff,0x4a4a4aff,0x4b4a4aff,0x4b4b4bff,0x4c4c4cff,0x4c4c4cff,0x4c4c4cff,
0x4d4d4dff,0x4d4e4dff,0x4e4e4eff,0x4e4e4eff,0x4f4f4fff,0x4f4f4fff,0x504f4fff,0x4f504fff,0x505050ff,0x505150ff,0x515150ff,0x515151ff,0x515251ff,0x515251ff,0x515252ff,0x525251ff,0x525252ff,0x525252ff,0x535252ff,0x535252ff,0x535352ff,0x535352ff,
0x525353ff,0x525252ff,0x525252ff,0x535352ff,0x535352ff,0x525353ff,0x535252ff,0x525352ff,0x525351ff,0x525251ff,0x525252ff,0x515251ff,0x515151ff,0x515151ff,0x515151ff,0x515150ff,0x505050ff,0x504f4fff,0x50504fff,0x504f4fff,0x4f4f4eff,0x4f4f4fff,
0x4e4e4dff,0x4e4e4dff,0x4d4d4dff,0x4d4c4cff,0x4c4c4bff,0x4b4c4bff,0x4b4b4bff,0x4a4b4aff,0x4a4a4aff,0x494949ff,0x484949ff,0x484848ff,0x484847ff,0x474747ff,0x464646ff,0x464645ff,0x454545ff,0x444444ff,0x434443ff,0x434343ff,0x424242ff,0x414141ff,
0x414040ff,0x3f3f40ff,0x3f3f3eff,0x3e3e3eff,0x3d3d3dff,0x3d3d3cff,0x3b3c3cff,0x3a3b3bff,0x3a3a3aff,0x393939ff,0x383838ff,0x373838ff,0x363636ff,0x353535ff,0x353534ff,0x333334ff,0x333332ff,0x313131ff,0x313131ff,0x303030ff,0x2f2e2fff,0x2e2d2dff,
0x2d2d2cff,0x2c2c2cff,0x2b2b2bff,0x292a2aff,0x292929ff,0x282827ff,0x272726ff,0x262626ff,0x242524ff,0x232424ff,0x222323ff,0x212222ff,0x212020ff,0x1f1f1fff,0x1e1e1eff,0x1e1e1dff,0x1c1c1bff,0x1b1b1bff,0x1a1a1aff,0x191819ff,0x181718ff,0x161616ff,
0x151515ff,0x141414ff,0x131313ff,0x121212ff,0x111011ff,0xf1010ff,0xf0e0eff,0xd0d0dff,0xc0c0cff,0xb0b0bff,0xa0a0aff,0x80808ff,0x80708ff,0x60607ff,0x50505ff,0x40404ff,0x20302ff,0x10102ff,0x100ff,0x100ff,0xff,0xff,
0xff,0xff,0xff,0xff,0x10000ff,0xff,0xff,0xff,0x1ff,0xff,0x100ff,0xff,0xff,0xff,0xff,0xff,0xff,0xff,0xff,0xff,0xff,0xff,
0xff,0xff,0xff,0xff,0xff,0xff,0xff,0x100ff,0xff,0xff,0xff,0xff,0xff,0xff,0xff,0xff,0xff,0xff,0xff,0xff,0xff,0x101ff,
0x20201ff,0x30303ff,0x40404ff,0x50505ff,0x60606ff,0x80808ff,0x90908ff,0xb0a0aff,0xb0b0bff,0xd0c0cff,0xd0e0dff,0xe0e0fff,0xf1010ff,0x111111ff,0x121212ff,0x141313ff,0x151415ff,0x161615ff,0x171616ff,0x171817ff,0x181919ff,0x1a1a19ff,
0x1b1b1bff,0x1c1c1cff,0x1e1d1dff,0x1e1f1eff,0x20201fff,0x212120ff,0x212122ff,0x232322ff,0x242323ff,0x242524ff,0x262525ff,0x272726ff,0x282827ff,0x292928ff,0x2a2a29ff,0x2a2a2bff,0x2c2b2bff,0x2d2d2dff,0x2d2e2eff,0x2f2f2fff,0x30302fff,0x303130ff,
0x313231ff,0x333233ff,0x333333ff,0x343434ff,0x353534ff,0x363635ff,0x373737ff,0x383837ff,0x383938ff,0x393939ff,0x3a3a3aff,0x3b3b3bff,0x3c3c3cff,0x3d3d3cff,0x3e3e3dff,0x3f3f3eff,0x3f3f3fff,0x404040ff,0x404140ff,0x424241ff,0x424242ff,0x434342ff,
0x434443ff,0x454444ff,0x454445ff,0x464545ff,0x464646ff,0x474746ff,0x474747ff,0x484847ff,0x484848ff,0x494949ff,0x4a4949ff,0x4a4b4aff,0x4b4a4aff,0x4b4b4aff,0x4c4c4cff,0x4c4c4cff,0x4c4d4cff,0x4d4d4dff,0x4e4d4dff,0x4e4e4dff,0x4e4e4eff,0x4e4f4eff,
0x4e4e4fff,0x4f4f4eff,0x4f4f4fff,0x50504fff,0x4f504fff,0x505050ff,0x505150ff,0x515150ff,0x505151ff,0x515150ff,0x515050ff,0x515150ff,0x515151ff,0x515151ff,0x515151ff,0x515151ff,0x515151ff,0x515151ff,0x515151ff,0x515150ff,0x515150ff,0x515150ff,
0x515150ff,0x505050ff,0x50514fff,0x50504fff,0x4f504fff,0x4f504fff,0x4f4f4fff,0x4f4f4fff,0x4f4f4eff,0x4f4f4eff,0x4e4e4dff,0x4e4e4eff,0x4e4d4dff,0x4d4d4cff,0x4c4c4dff,0x4c4c4cff,0x4c4c4cff,0x4b4b4aff,0x4a4b4aff,0x4a4a4aff,0x494a4aff,0x494a49ff,
0x484848ff,0x484847ff,0x484747ff,0x474746ff,0x464646ff,0x464645ff,0x454545ff,0x444444ff,0x434343ff,0x434243ff,0x424242ff,0x414241ff,0x414140ff,0x3f3f3fff,0x3f3f3fff,0x3e3e3fff,0x3e3e3eff,0x3d3d3dff,0x3c3c3cff,0x3b3c3bff,0x3b3a3aff,0x393939ff,
0x393938ff,0x383837ff,0x373736ff,0x363635ff,0x353534ff,0x343534ff,0x333333ff,0x333232ff,0x313131ff,0x313130ff,0x30302fff,0x2e2f2eff,0x2d2e2dff,0x2c2d2dff,0x2c2c2cff,0x2b2a2aff,0x292a2aff,0x282929ff,0x282727ff,0x262627ff,0x252626ff,0x252525ff,
0x242423ff,0x232322ff,0x222221ff,0x212120ff,0x201f20ff,0x1e1e1eff,0x1d1d1dff,0x1c1c1cff,0x1b1b1bff,0x1a1a1aff,0x191919ff,0x181718ff,0x171717ff,0x161515ff,0x141414ff,0x131313ff,0x121212ff,0x111111ff,0xf0f0fff,0xf0f0eff,0xd0e0dff,0xc0d0cff,
0xb0b0bff,0xa0a0aff,0x90909ff,0x70808ff,0x70606ff,0x50505ff,0x40404ff,0x30303ff,0x20202ff,0x10100ff,0xff,0xff,0xff,0x1ff,0xff,0xff,0xff,0x1ff,0xff,0xff,0xff,0xff,
0xff,0xff,0xff,0xff,0xff,0xff,0xff,0xff,0xff,0xff,0xff,0xff,0xff,0x1ff,0xff,0xff,0xff,0xff,0xff,0xff,0xff,0x100ff,
0xff,0xff,0xff,0xff,0xff,0xff,0xff,0xff,0xff,0xff,0xff,0xff,0xff,0xff,0x10101ff,0x20202ff,0x30303ff,0x50504ff,0x60506ff,0x70707ff,0x80808ff,0x90909ff,
0xa0a0bff,0xc0b0cff,0xc0c0dff,0xe0d0eff,0xf0f0fff,0x101010ff,0x111112ff,0x121212ff,0x131314ff,0x151414ff,0x161515ff,0x171717ff,0x181717ff,0x191919ff,0x1a1b1aff,0x1b1b1bff,0x1c1c1cff,0x1d1d1dff,0x1e1e1eff,0x1f201fff,0x212021ff,0x222122ff,
0x222222ff,0x232423ff,0x252524ff,0x252625ff,0x262726ff,0x272828ff,0x292828ff,0x2a2a2aff,0x2a2b2bff,0x2c2b2bff,0x2d2d2dff,0x2d2d2dff,0x2e2f2eff,0x2f2f2fff,0x313030ff,0x313131ff,0x323232ff,0x333332ff,0x343334ff,0x353535ff,0x353635ff,0x363736ff,
0x383738ff,0x383838ff,0x393939ff,0x3a3a39ff,0x3a3b3aff,0x3c3b3bff,0x3c3d3cff,0x3d3d3dff,0x3e3e3dff,0x3f3f3eff,0x3f3f3fff,0x3f403fff,0x414140ff,0x424141ff,0x424242ff,0x434242ff,0x434344ff,0x444444ff,0x444444ff,0x454545ff,0x464646ff,0x464746ff,
0x474746ff,0x484747ff,0x484848ff,0x494848ff,0x494948ff,0x4a4949ff,0x4b4a4aff,0x4b4b4aff,0x4b4b4aff,0x4b4c4bff,0x4c4b4cff,0x4c4c4bff,0x4d4d4cff,0x4d4d4cff,0x4d4d4dff,0x4d4d4dff,0x4e4d4dff,0x4e4e4eff,0x4e4e4eff,0x4f4f4eff,0x4f4e4fff,0x4e4f4eff,
0x4f4f4fff,0x4f4f4fff,0x4f4f4fff,0x50504fff,0x4f4f4fff,0x4f4f4fff,0x4f504fff,0x4f504fff,0x4f4f4fff,0x504f4fff,0x50504fff,0x4f4f4fff,0x4f4f4fff,0x4f4f4fff,0x4f4f4fff,0x4f4e4eff,0x4f4f4fff,0x4f4e4eff,0x4e4e4eff,0x4e4e4eff,0x4e4d4eff,0x4e4e4dff,
0x4d4d4dff,0x4d4c4cff,0x4d4d4cff,0x4c4c4cff,0x4b4b4bff,0x4c4b4bff,0x4b4b4bff,0x4b4a4aff,0x4a4a4aff,0x4a4949ff,0x4a4949ff,0x494848ff,0x484848ff,0x484848ff,0x474747ff,0x464746ff,0x464646ff,0x454645ff,0x444445ff,0x444443ff,0x434343ff,0x424242ff,
0x424242ff,0x414241ff,0x404040ff,0x404040ff,0x3f3f3fff,0x3f3f3eff,0x3e3d3eff,0x3d3d3dff,0x3c3c3cff,0x3b3b3bff,0x3b3b3bff,0x3a3a3aff,0x393939ff,0x393938ff,0x383737ff,0x373636ff,0x363636ff,0x353435ff,0x343434ff,0x333333ff,0x323232ff,0x313231ff,
0x303030ff,0x302f2fff,0x2e2e2eff,0x2d2d2dff,0x2d2d2cff,0x2b2b2bff,0x2b2a2aff,0x2a2a29ff,0x292928ff,0x282827ff,0x262726ff,0x262526ff,0x242524ff,0x242323ff,0x222222ff,0x222222ff,0x202020ff,0x201f1fff,0x1e1e1fff,0x1d1d1dff,0x1c1d1cff,0x1b1b1bff,
0x1a1a1aff,0x191919ff,0x181817ff,0x171717ff,0x161516ff,0x151414ff,0x131413ff,0x121212ff,0x111111ff,0x101010ff,0xf0e0fff,0xe0d0eff,0xd0c0cff,0xc0b0cff,0xb0a0aff,0x90909ff,0x80808ff,0x60707ff,0x50606ff,0x40504ff,0x30303ff,0x20202ff,
0x10101ff,0xff,0xff,0xff,0xff,0xff,0xff,0xff,0x10100ff,0xff,0xff,0x10000ff,0xff,0xff,0xff,0xff,0xff,0xff,0xff,0xff,0xff,0xff,
0xff,0xff,0xff,0xff,0xff,0xff,0xff,0x10000ff,0xff,0xff,0xff,0xff,0x10000ff,0xff,0xff,0xff,0xff,0xff,0xff,0xff,0xff,0x100ff,
0xff,0xff,0x10000ff,0xff,0x10001ff,0xff,0xff,0x10202ff,0x20202ff,0x40404ff,0x50505ff,0x60606ff,0x70707ff,0x90809ff,0x90a0aff,0xa0b0aff,0xc0b0bff,0xd0d0dff,0xe0e0eff,0xf100fff,0x101110ff,0x111111ff,
0x131212ff,0x131413ff,0x151514ff,0x161616ff,0x171617ff,0x181818ff,0x191919ff,0x1a1a1aff,0x1b1b1bff,0x1d1d1cff,0x1d1e1eff,0x1e1e1fff,0x1f2020ff,0x202020ff,0x212121ff,0x232222ff,0x232423ff,0x252425ff,0x262625ff,0x262626ff,0x282827ff,0x292928ff,
0x292929ff,0x2a2b2aff,0x2c2b2bff,0x2c2d2cff,0x2d2d2dff,0x2e2e2eff,0x2f2f2fff,0x303030ff,0x313131ff,0x323132ff,0x333332ff,0x333334ff,0x343534ff,0x353535ff,0x363635ff,0x373737ff,0x383737ff,0x393938ff,0x393a39ff,0x3a3a3aff,0x3b3b3bff,0x3c3c3bff,
0x3c3c3dff,0x3e3d3dff,0x3e3e3eff,0x3f3f3fff,0x3f3f3fff,0x40403fff,0x414140ff,0x424241ff,0x424242ff,0x434342ff,0x434343ff,0x434443ff,0x444444ff,0x454545ff,0x454646ff,0x464646ff,0x464747ff,0x474747ff,0x474747ff,0x484848ff,0x494849ff,0x494949ff,
0x4a4949ff,0x4a4a49ff,0x4a4a4aff,0x4b4a4bff,0x4b4b4aff,0x4b4c4bff,0x4c4c4bff,0x4c4c4cff,0x4c4c4cff,0x4d4d4cff,0x4d4c4cff,0x4c4d4dff,0x4e4d4dff,0x4d4d4dff,0x4d4d4dff,0x4d4d4dff,0x4e4e4dff,0x4e4e4dff,0x4e4d4eff,0x4e4e4dff,0x4e4e4dff,0x4e4e4dff,
0x4e4e4dff,0x4e4e4eff,0x4e4e4dff,0x4e4e4dff,0x4e4e4dff,0x4d4d4dff,0x4e4d4eff,0x4d4d4dff,0x4d4d4dff,0x4d4d4cff,0x4d4c4cff,0x4c4d4cff,0x4c4d4cff,0x4c4c4cff,0x4c4c4bff,0x4b4b4bff,0x4b4b4aff,0x4b4a4bff,0x4a4a4aff,0x494a49ff,0x4a4949ff,0x494949ff,
0x494848ff,0x484848ff,0x474747ff,0x474747ff,0x474647ff,0x464646ff,0x464546ff,0x464645ff,0x454544ff,0x444443ff,0x444343ff,0x434343ff,0x424242ff,0x414241ff,0x414140ff,0x404140ff,0x403f3fff,0x3f3e3eff,0x3d3e3dff,0x3d3e3dff,0x3c3c3cff,0x3b3b3bff,
0x3b3b3aff,0x3a3a3aff,0x3a3a39ff,0x393938ff,0x383837ff,0x373737ff,0x363635ff,0x363535ff,0x343434ff,0x343333ff,0x333333ff,0x323232ff,0x313031ff,0x302f30ff,0x2f2f2eff,0x2e2e2eff,0x2d2d2dff,0x2d2c2dff,0x2b2b2cff,0x2b2a2aff,0x29292aff,0x282829ff,
0x282827ff,0x272626ff,0x252525ff,0x252424ff,0x242323ff,0x232322ff,0x222221ff,0x202120ff,0x1f201fff,0x1e1e1eff,0x1d1e1dff,0x1c1d1cff,0x1b1b1bff,0x1a1a1aff,0x191919ff,0x171818ff,0x171717ff,0x161615ff,0x151515ff,0x141413ff,0x121212ff,0x111111ff,
0x101110ff,0xf0f0fff,0xe0e0eff,0xd0d0dff,0xc0c0cff,0xb0b0aff,0x90909ff,0x90808ff,0x70707ff,0x60605ff,0x40505ff,0x30403ff,0x30303ff,0x10101ff,0x10000ff,0xff,0xff,0xff,0xff,0xff,0xff,0xff,
0xff,0xff,0xff,0xff,0xff,0xff,0xff,0xff,0x100ff,0x10000ff,0x100ff,0x100ff,0xff,0xff,0xff,0xff,0xff,0xff,0xff,0xff,0x1ff,0xff,
0xff,0xff,0xff,0xff,0xff,0xff,0xff,0xff,0x1ff,0x100ff,0xff,0xff,0xff,0x100ff,0xff,0x10100ff,0x10000ff,0xff,0x100ff,0xff,0xff,0x10100ff,
0x20202ff,0x30303ff,0x40404ff,0x50505ff,0x70606ff,0x80707ff,0x80808ff,0x9090aff,0xa0b0aff,0xc0c0cff,0xd0d0dff,0xe0e0eff,0x100f0fff,0x101110ff,0x121211ff,0x131212ff,0x131414ff,0x151514ff,0x161616ff,0x171717ff,0x181818ff,0x191919ff,
0x1a1a1aff,0x1b1b1bff,0x1c1c1dff,0x1d1e1dff,0x1e1e1eff,0x20201fff,0x212020ff,0x212221ff,0x222222ff,0x232324ff,0x252424ff,0x252625ff,0x262726ff,0x272828ff,0x282829ff,0x292929ff,0x2a2b2aff,0x2b2b2bff,0x2c2c2cff,0x2d2d2dff,0x2e2e2eff,0x2e2e2eff,
0x2f302fff,0x313030ff,0x313231ff,0x323232ff,0x333333ff,0x343434ff,0x353535ff,0x363535ff,0x363637ff,0x383737ff,0x383838ff,0x383938ff,0x3a3a3aff,0x3b3a3aff,0x3b3b3bff,0x3c3c3bff,0x3d3c3cff,0x3e3d3dff,0x3e3e3dff,0x3f3e3eff,0x40403fff,0x404040ff,
0x414140ff,0x414141ff,0x424242ff,0x424242ff,0x434342ff,0x444444ff,0x444444ff,0x454544ff,0x454545ff,0x454645ff,0x464646ff,0x474746ff,0x474747ff,0x474747ff,0x484847ff,0x494849ff,0x484949ff,0x494949ff,0x494949ff,0x4a4a49ff,0x4b4a4aff,0x4a4a4aff,
0x4b4b4aff,0x4b4b4aff,0x4b4b4aff,0x4b4c4bff,0x4c4b4bff,0x4b4c4cff,0x4c4b4cff,0x4c4c4bff,0x4c4c4cff,0x4c4c4bff,0x4c4c4cff,0x4c4c4cff,0x4c4c4cff,0x4d4c4cff,0x4d4c4cff,0x4c4c4cff,0x4d4c4cff,0x4c4c4cff,0x4c4d4cff,0x4c4c4cff,0x4b4c4cff,0x4b4c4bff,
0x4b4b4bff,0x4b4c4bff,0x4b4c4bff,0x4a4b4aff,0x4a4b4bff,0x4b4b4aff,0x4a4a49ff,0x494a49ff,0x4a4949ff,0x494949ff,0x484948ff,0x494848ff,0x484847ff,0x474848ff,0x474747ff,0x474746ff,0x474646ff,0x464645ff,0x454545ff,0x444544ff,0x444444ff,0x434443ff,
0x434343ff,0x424242ff,0x424241ff,0x414241ff,0x414041ff,0x404040ff,0x40403fff,0x3f3f3fff,0x3e3e3eff,0x3e3d3dff,0x3d3d3cff,0x3c3c3cff,0x3b3b3aff,0x3a3a3bff,0x3a393aff,0x393939ff,0x383838ff,0x373737ff,0x373636ff,0x353536ff,0x353535ff,0x343434ff,
0x333333ff,0x333233ff,0x313131ff,0x303131ff,0x2f3030ff,0x2f2f2eff,0x2e2e2eff,0x2d2d2dff,0x2d2c2cff,0x2b2b2bff,0x2a2b2aff,0x292929ff,0x282829ff,0x282727ff,0x262726ff,0x252525ff,0x242424ff,0x232423ff,0x222223ff,0x212221ff,0x212120ff,0x20201fff,
0x1f1e1eff,0x1d1d1dff,0x1d1c1cff,0x1b1b1bff,0x1a1b1aff,0x191919ff,0x181818ff,0x171716ff,0x151615ff,0x151515ff,0x141413ff,0x121313ff,0x121112ff,0x101010ff,0xf0f0fff,0xf0e0eff,0xd0d0dff,0xc0c0cff,0xb0b0bff,0xa090aff,0x90809ff,0x70808ff,
0x60606ff,0x50505ff,0x40403ff,0x30203ff,0x20201ff,0x10000ff,0xff,0xff,0xff,0xff,0xff,0x10000ff,0x1ff,0xff,0x1ff,0xff,0xff,0xff,0x10000ff,0xff,0x100ff,0xff,
0xff,0x1ff,0x10000ff,0xff,0xff,0x100ff,0x10000ff,0xff,0x100ff,0xff,0xff,0x10000ff,0xff,0xff,0x100ff,0xff,0x10000ff,0xff,0xff,0xff,0xff,0xff,
0xff,0xff,0xff,0xff,0xff,0x101ff,0xff,0xff,0xff,0xff,0x100ff,0xff,0xff,0xff,0x10000ff,0x20202ff,0x30303ff,0x40404ff,0x60605ff,0x70606ff,0x70807ff,0x90908ff,
0xa0a0aff,0xb0b0bff,0xc0c0cff,0xd0d0dff,0xe0f0eff,0x100f0fff,0x101010ff,0x121112ff,0x121313ff,0x131313ff,0x151514ff,0x161616ff,0x171717ff,0x181818ff,0x191919ff,0x1a1a1aff,0x1b1b1cff,0x1d1d1cff,0x1e1d1dff,0x1e1f1fff,0x1f1f1fff,0x202120ff,
0x212121ff,0x222322ff,0x232324ff,0x242424ff,0x252525ff,0x262626ff,0x272727ff,0x292828ff,0x292929ff,0x2a2a29ff,0x2b2b2bff,0x2c2c2cff,0x2c2d2cff,0x2e2e2dff,0x2e2f2eff,0x302f2fff,0x303030ff,0x313131ff,0x323232ff,0x323332ff,0x333433ff,0x343534ff,
0x353635ff,0x363736ff,0x373737ff,0x373837ff,0x383838ff,0x3a3939ff,0x3a3a39ff,0x3a3b3aff,0x3b3c3bff,0x3c3c3cff,0x3d3d3cff,0x3d3e3dff,0x3e3e3eff,0x3f3e3fff,0x3f3f3fff,0x404040ff,0x404141ff,0x414141ff,0x414242ff,0x424242ff,0x434342ff,0x434443ff,
0x444444ff,0x444444ff,0x444544ff,0x454545ff,0x454645ff,0x464645ff,0x474646ff,0x474746ff,0x474747ff,0x484847ff,0x484847ff,0x484948ff,0x484949ff,0x494949ff,0x494949ff,0x494a49ff,0x4a4949ff,0x4a4a4aff,0x4a4a4aff,0x4a4a4aff,0x4a4b4aff,0x4a4b4aff,
0x4b4a4aff,0x4b4b4aff,0x4b4b4bff,0x4b4a4bff,0x4b4b4bff,0x4a4b4bff,0x4a4b4bff,0x4b4a4aff,0x4b4a4bff,0x4b4a4bff,0x4a4b4aff,0x4b4a4aff,0x4a4a4aff,0x4a4a4aff,0x4a4a4aff,0x4a4a49ff,0x4a4949ff,0x494949ff,0x494949ff,0x494849ff,0x494848ff,0x484848ff,
0x484848ff,0x474847ff,0x474747ff,0x474747ff,0x464646ff,0x464646ff,0x454645ff,0x454545ff,0x454545ff,0x454544ff,0x444344ff,0x434343ff,0x424343ff,0x424242ff,0x414241ff,0x414141ff,0x404040ff,0x404040ff,0x3f3f3fff,0x3f3f3eff,0x3e3e3eff,0x3e3d3dff,
0x3d3c3cff,0x3b3c3cff,0x3c3b3bff,0x3a3b3aff,0x3a3939ff,0x3a3a39ff,0x383938ff,0x383837ff,0x373636ff,0x363635ff,0x353535ff,0x343434ff,0x333333ff,0x333332ff,0x323232ff,0x323131ff,0x303130ff,0x2f302fff,0x2e2e2eff,0x2e2d2dff,0x2c2c2cff,0x2c2c2cff,
0x2b2b2bff,0x2a2a29ff,0x292929ff,0x282828ff,0x272727ff,0x262626ff,0x262626ff,0x252424ff,0x232323ff,0x232323ff,0x212221ff,0x202021ff,0x201f1fff,0x1f1e1fff,0x1d1d1dff,0x1d1c1dff,0x1b1c1bff,0x1a1a1aff,0x191919ff,0x181818ff,0x171717ff,0x161616ff,
0x151515ff,0x141413ff,0x131313ff,0x111111ff,0x101010ff,0x100f0fff,0xe0e0fff,0xd0d0dff,0xc0c0cff,0xb0b0bff,0xa0a09ff,0x80909ff,0x80708ff,0x70706ff,0x50505ff,0x40405ff,0x30303ff,0x20202ff,0x10101ff,0x10000ff,0xff,0xff,
0xff,0xff,0xff,0xff,0xff,0xff,0xff,0x1ff,0x10000ff,0xff,0xff,0xff,0x100ff,0xff,0xff,0x1ff,0xff,0xff,0xff,0xff,0xff,0xff,
0xff,0xff,0xff,0x100ff,0xff,0x1ff,0x10000ff,0xff,0xff,0xff,0xff,0xff,0xff,0x1ff,0xff,0xff,0xff,0xff,0xff,0xff,0xff,0xff,
0xff,0xff,0xff,0x100ff,0xff,0x10000ff,0xff,0x10101ff,0x20202ff,0x30303ff,0x40404ff,0x60605ff,0x70707ff,0x80808ff,0x90909ff,0xa0a0aff,0xb0b0bff,0xc0d0cff,0xd0d0dff,0xe0e0eff,0xf1010ff,0x101111ff,
0x111111ff,0x131212ff,0x141414ff,0x151515ff,0x161516ff,0x171717ff,0x181818ff,0x191919ff,0x1a1a1aff,0x1b1b1bff,0x1c1c1dff,0x1d1d1dff,0x1e1f1eff,0x201f20ff,0x202020ff,0x222121ff,0x222222ff,0x232323ff,0x242424ff,0x252524ff,0x262626ff,0x272726ff,
0x282828ff,0x292929ff,0x292a29ff,0x2b2b2aff,0x2c2b2cff,0x2c2d2dff,0x2d2d2dff,0x2e2f2eff,0x2f2f2fff,0x30302fff,0x303130ff,0x313232ff,0x333232ff,0x333333ff,0x343433ff,0x353434ff,0x353635ff,0x363637ff,0x373737ff,0x373838ff,0x393838ff,0x3a3939ff,
0x3a3a3aff,0x3b3a3aff,0x3b3b3bff,0x3c3c3cff,0x3d3c3dff,0x3d3e3dff,0x3e3d3eff,0x3e3e3eff,0x3f3f3fff,0x40403fff,0x404140ff,0x414141ff,0x414241ff,0x424241ff,0x424242ff,0x434342ff,0x444343ff,0x434444ff,0x444544ff,0x444544ff,0x454545ff,0x454545ff,
0x464646ff,0x464646ff,0x474746ff,0x474747ff,0x474747ff,0x474747ff,0x484848ff,0x484848ff,0x484847ff,0x484848ff,0x494848ff,0x494948ff,0x494948ff,0x494948ff,0x494949ff,0x494948ff,0x494949ff,0x4a4949ff,0x494949ff,0x494949ff,0x494949ff,0x494a49ff,
0x494949ff,0x494949ff,0x494949ff,0x494949ff,0x494848ff,0x494948ff,0x484849ff,0x494848ff,0x484848ff,0x484748ff,0x474847ff,0x474747ff,0x474746ff,0x464747ff,0x464746ff,0x464646ff,0x464646ff,0x454545ff,0x454545ff,0x454545ff,0x444543ff,0x444444ff,
0x434343ff,0x434343ff,0x434342ff,0x414242ff,0x414241ff,0x404141ff,0x414040ff,0x404040ff,0x3f3f3fff,0x3f3e3eff,0x3e3d3eff,0x3d3d3dff,0x3c3c3cff,0x3c3c3cff,0x3b3b3bff,0x3b3b3bff,0x3a3a3aff,0x3a3939ff,0x393938ff,0x383838ff,0x383737ff,0x373636ff,
0x363536ff,0x343535ff,0x343434ff,0x333333ff,0x333232ff,0x323131ff,0x303130ff,0x302f30ff,0x2f2f2fff,0x2f2e2eff,0x2e2d2dff,0x2c2c2dff,0x2b2c2bff,0x2b2b2aff,0x292a2aff,0x292929ff,0x282828ff,0x272727ff,0x262626ff,0x252625ff,0x242424ff,0x232323ff,
0x232222ff,0x212121ff,0x202121ff,0x1f1f1fff,0x1e1e1eff,0x1e1d1dff,0x1c1c1cff,0x1b1c1bff,0x1a1a1aff,0x191a19ff,0x181817ff,0x171717ff,0x161616ff,0x151515ff,0x141414ff,0x131312ff,0x111211ff,0x111010ff,0x101010ff,0xe0e0eff,0xd0d0dff,0xc0c0cff,
0xb0b0bff,0xa0a0aff,0x90809ff,0x70807ff,0x70706ff,0x60505ff,0x40404ff,0x30303ff,0x20202ff,0x10101ff,0xff,0xff,0xff,0xff,0xff,0xff,0x1ff,0xff,0xff,0x1ff,0x100ff,0x100ff,
0xff,0x1ff,0xff,0xff,0xff,0x10000ff,0xff,0x100ff,0xff,0xff,0xff,0xff,0xff,0xff,0xff,0xff,0x100ff,0xff,0xff,0xff,0x100ff,0xff,
0xff,0xff,0x100ff,0xff,0xff,0xff,0xff,0xff,0x100ff,0x1ff,0x1ff,0x1ff,0xff,0xff,0xff,0x100ff,0xff,0xff,0xff,0x100ff,0xff,0xff,
0x10101ff,0x20203ff,0x30303ff,0x40405ff,0x50605ff,0x70707ff,0x70808ff,0x90909ff,0xb0a0aff,0xb0b0bff,0xd0d0cff,0xd0e0eff,0xf0f0fff,0xf100fff,0x111111ff,0x121111ff,0x131212ff,0x141414ff,0x151515ff,0x161615ff,0x171716ff,0x181818ff,
0x191919ff,0x1a1a1aff,0x1b1b1bff,0x1c1c1cff,0x1d1e1dff,0x1e1e1eff,0x1f1f1fff,0x202020ff,0x212121ff,0x222222ff,0x232323ff,0x242424ff,0x242525ff,0x262626ff,0x272727ff,0x282828ff,0x292929ff,0x2a2929ff,0x2b2a2aff,0x2b2c2bff,0x2c2c2cff,0x2d2d2dff,
0x2e2e2dff,0x2f2e2fff,0x303030ff,0x303030ff,0x313131ff,0x323232ff,0x323232ff,0x333433ff,0x343434ff,0x353535ff,0x363636ff,0x373636ff,0x373737ff,0x373838ff,0x383839ff,0x3a3939ff,0x3a3a39ff,0x3b3a3bff,0x3b3c3bff,0x3c3c3cff,0x3c3c3cff,0x3e3d3dff,
0x3e3d3dff,0x3e3f3eff,0x3f3f3eff,0x403f3fff,0x404040ff,0x404140ff,0x414041ff,0x414241ff,0x424242ff,0x424242ff,0x434343ff,0x434443ff,0x434343ff,0x444343ff,0x444444ff,0x444444ff,0x454445ff,0x454645ff,0x454546ff,0x454545ff,0x464645ff,0x474646ff,
0x464646ff,0x474747ff,0x474746ff,0x474747ff,0x474747ff,0x474747ff,0x484847ff,0x474848ff,0x474748ff,0x484847ff,0x474847ff,0x484847ff,0x474848ff,0x484747ff,0x474748ff,0x484747ff,0x474747ff,0x474847ff,0x474747ff,0x474747ff,0x474747ff,0x464747ff,
0x464746ff,0x474646ff,0x464646ff,0x454546ff,0x454645ff,0x454545ff,0x454545ff,0x454544ff,0x444444ff,0x444444ff,0x434444ff,0x434343ff,0x434342ff,0x424342ff,0x424242ff,0x424142ff,0x414140ff,0x414040ff,0x404040ff,0x403f3fff,0x3f3e3fff,0x3e3e3eff,
0x3d3e3dff,0x3d3d3dff,0x3c3c3cff,0x3b3c3cff,0x3b3b3bff,0x3b3b3aff,0x393a3aff,0x393939ff,0x383839ff,0x383837ff,0x373837ff,0x363636ff,0x363535ff,0x353535ff,0x343434ff,0x343433ff,0x323332ff,0x323231ff,0x313131ff,0x303030ff,0x30302fff,0x2e2e2fff,
0x2e2d2eff,0x2d2d2dff,0x2c2c2cff,0x2b2c2bff,0x2b2b2aff,0x292a2aff,0x292829ff,0x272828ff,0x272726ff,0x252626ff,0x252524ff,0x242424ff,0x232323ff,0x222222ff,0x212121ff,0x212020ff,0x1f1f1fff,0x1e1f1eff,0x1d1d1dff,0x1c1c1cff,0x1b1b1bff,0x1a1a1aff,
0x191919ff,0x181818ff,0x171717ff,0x161616ff,0x151515ff,0x141414ff,0x121212ff,0x121212ff,0x111011ff,0xf1010ff,0xe0f0fff,0xd0e0dff,0xd0c0cff,0xc0b0cff,0xa0a0aff,0x90909ff,0x80808ff,0x60707ff,0x60605ff,0x50505ff,0x40304ff,0x20203ff,
0x20101ff,0xff,0xff,0xff,0xff,0xff,0xff,0x10000ff,0x10000ff,0x10000ff,0x100ff,0xff,0xff,0x100ff,0xff,0xff,0xff,0xff,0xff,0xff,0xff,0xff,
0xff,0xff,0xff,0x10000ff,0xff,0x1ff,0xff,0xff,0xff,0xff,0xff,0x10001ff,0x100ff,0xff,0xff,0x10000ff,0xff,0x10000ff,0xff,0xff,0xff,0xff,
0xff,0xff,0xff,0xff,0xff,0xff,0xff,0xff,0xff,0xff,0xff,0x100ff,0xff,0xff,0xff,0x20101ff,0x20302ff,0x40304ff,0x50505ff,0x60606ff,0x70707ff,0x80808ff,
0x90a0aff,0xb0a0bff,0xc0b0bff,0xc0c0cff,0xe0e0dff,0xe0e0fff,0xf0f0fff,0x111110ff,0x121212ff,0x131312ff,0x141414ff,0x151515ff,0x161616ff,0x171717ff,0x181818ff,0x191919ff,0x1a1b1aff,0x1b1b1bff,0x1c1c1bff,0x1d1d1dff,0x1e1e1eff,0x1f1f1fff,
0x20201fff,0x212121ff,0x222221ff,0x232323ff,0x232424ff,0x242525ff,0x262525ff,0x262727ff,0x272727ff,0x282828ff,0x292929ff,0x2a2a29ff,0x2b2b2bff,0x2c2c2cff,0x2c2d2cff,0x2d2e2dff,0x2f2e2eff,0x2f2f2fff,0x30302fff,0x313130ff,0x313131ff,0x323232ff,
0x333332ff,0x343333ff,0x343434ff,0x353535ff,0x363636ff,0x373736ff,0x373737ff,0x383838ff,0x393938ff,0x3a3939ff,0x3a3a3aff,0x3b3b3bff,0x3c3c3bff,0x3c3b3bff,0x3c3d3cff,0x3d3d3cff,0x3e3d3dff,0x3e3e3dff,0x3e3e3eff,0x3f3f3eff,0x3f3f3fff,0x404040ff,
0x414040ff,0x404141ff,0x414141ff,0x424142ff,0x424241ff,0x434242ff,0x434342ff,0x434343ff,0x434443ff,0x434344ff,0x444444ff,0x454544ff,0x444444ff,0x444545ff,0x454545ff,0x454645ff,0x454545ff,0x454545ff,0x464545ff,0x454646ff,0x464646ff,0x464646ff,
0x464645ff,0x464646ff,0x464646ff,0x464645ff,0x474746ff,0x464746ff,0x464646ff,0x464645ff,0x464645ff,0x464646ff,0x454545ff,0x464545ff,0x454545ff,0x454645ff,0x454545ff,0x444545ff,0x454444ff,0x444444ff,0x444444ff,0x444444ff,0x444443ff,0x444343ff,
0x434243ff,0x434242ff,0x434242ff,0x424141ff,0x414241ff,0x414141ff,0x414040ff,0x3f4040ff,0x403f3fff,0x3f3f3eff,0x3f3e3eff,0x3e3e3eff,0x3d3e3dff,0x3d3d3dff,0x3d3c3cff,0x3c3b3bff,0x3b3b3bff,0x3a3b3bff,0x3a3a39ff,0x393939ff,0x383938ff,0x383837ff,
0x373737ff,0x363736ff,0x363635ff,0x363535ff,0x353434ff,0x343333ff,0x333333ff,0x323232ff,0x313231ff,0x313030ff,0x303030ff,0x2f2f2fff,0x2e2e2eff,0x2d2d2eff,0x2d2d2cff,0x2c2c2bff,0x2a2a2bff,0x2a2a2aff,0x292929ff,0x282828ff,0x272727ff,0x262627ff,
0x262626ff,0x242424ff,0x242424ff,0x232322ff,0x222222ff,0x212121ff,0x202020ff,0x1f1f1fff,0x1e1e1eff,0x1d1d1dff,0x1c1c1cff,0x1b1b1bff,0x1a1b1aff,0x191919ff,0x181818ff,0x171716ff,0x161616ff,0x141514ff,0x141414ff,0x131313ff,0x121211ff,0x111011ff,
0xf100fff,0xf0e0fff,0xd0d0eff,0xc0c0dff,0xb0c0bff,0xb0a0bff,0x90909ff,0x80808ff,0x70707ff,0x60606ff,0x50505ff,0x30303ff,0x30203ff,0x20201ff,0x10000ff,0xff,0xff,0xff,0xff,0xff,0x100ff,0xff,
0xff,0xff,0xff,0xff,0xff,0x10000ff,0xff,0x1ff,0xff,0x1ff,0x100ff,0xff,0xff,0xff,0xff,0xff,0xff,0x10000ff,0xff,0xff,0xff,0x10000ff,
0xff,0xff,0xff,0x100ff,0xff,0xff,0xff,0xff,0xff,0xff,0xff,0x10000ff,0xff,0xff,0xff,0xff,0xff,0xff,0xff,0xff,0xff,0xff,
0xff,0x10000ff,0xff,0x10000ff,0xff,0xff,0xff,0x101ff,0x10201ff,0x20302ff,0x40404ff,0x50505ff,0x60606ff,0x70707ff,0x80908ff,0x90909ff,0xa0a0bff,0xc0b0bff,0xd0c0cff,0xe0d0dff,0xf0f0fff,0x101010ff,
0x101110ff,0x111212ff,0x121313ff,0x141414ff,0x151515ff,0x161616ff,0x171717ff,0x181818ff,0x191919ff,0x1a1a1aff,0x1b1b1aff,0x1c1c1cff,0x1d1d1dff,0x1e1e1eff,0x1f1f1fff,0x1f2020ff,0x202120ff,0x212122ff,0x222323ff,0x232324ff,0x242525ff,0x252525ff,
0x272726ff,0x272727ff,0x282828ff,0x292929ff,0x292a2aff,0x2a2b2aff,0x2b2b2bff,0x2c2c2cff,0x2d2d2cff,0x2e2e2eff,0x2f2e2eff,0x2f302fff,0x303030ff,0x313131ff,0x313132ff,0x323232ff,0x333332ff,0x343434ff,0x343434ff,0x353535ff,0x363636ff,0x363736ff,
0x383737ff,0x383837ff,0x393938ff,0x393939ff,0x393939ff,0x3a3a3aff,0x3b3b3bff,0x3b3c3bff,0x3c3c3bff,0x3d3c3cff,0x3d3d3dff,0x3e3d3dff,0x3e3e3dff,0x3e3e3eff,0x3f3f3fff,0x403f3fff,0x403f3fff,0x404040ff,0x414040ff,0x414140ff,0x414241ff,0x414141ff,
0x424242ff,0x434342ff,0x424342ff,0x434343ff,0x434343ff,0x434343ff,0x434443ff,0x444444ff,0x444443ff,0x444444ff,0x444444ff,0x444444ff,0x444445ff,0x444444ff,0x444545ff,0x454544ff,0x454444ff,0x444545ff,0x444544ff,0x454544ff,0x444444ff,0x454544ff,
0x444544ff,0x444444ff,0x444444ff,0x444444ff,0x444443ff,0x444343ff,0x444443ff,0x434443ff,0x434343ff,0x424342ff,0x424342ff,0x424242ff,0x424241ff,0x414241ff,0x414141ff,0x414141ff,0x404140ff,0x404040ff,0x40403fff,0x3f3f3fff,0x3f3e3fff,0x3f3e3eff,
0x3e3e3eff,0x3d3e3eff,0x3d3d3dff,0x3d3d3cff,0x3c3c3cff,0x3b3b3cff,0x3b3b3bff,0x3b3b3aff,0x3a3a39ff,0x393939ff,0x383938ff,0x383837ff,0x373737ff,0x363636ff,0x363636ff,0x353535ff,0x353434ff,0x343434ff,0x343333ff,0x323232ff,0x313232ff,0x313131ff,
0x303030ff,0x303030ff,0x2f2e2fff,0x2d2e2dff,0x2d2d2dff,0x2c2c2cff,0x2b2c2bff,0x2a2b2aff,0x2a2a29ff,0x292928ff,0x282828ff,0x272827ff,0x272626ff,0x262525ff,0x242424ff,0x232324ff,0x232323ff,0x212221ff,0x202020ff,0x1f2020ff,0x1f1f1fff,0x1e1d1eff,
0x1d1d1dff,0x1c1c1cff,0x1b1b1bff,0x1a1a1aff,0x191918ff,0x181818ff,0x171716ff,0x151615ff,0x151515ff,0x141414ff,0x131312ff,0x121212ff,0x111011ff,0x101010ff,0xf0f0fff,0xe0d0dff,0xc0c0dff,0xb0c0bff,0xb0a0aff,0x90909ff,0x90909ff,0x70707ff,
0x60606ff,0x40505ff,0x40403ff,0x20203ff,0x20202ff,0x10001ff,0x10000ff,0xff,0x1ff,0xff,0xff,0xff,0xff,0xff,0xff,0x10000ff,0x100ff,0xff,0xff,0xff,0x10000ff,0xff,
0xff,0xff,0xff,0xff,0xff,0x100ff,0x10000ff,0xff,0xff,0x100ff,0xff,0x101ff,0xff,0xff,0xff,0xff,0x10000ff,0x100ff,0xff,0xff,0x10000ff,0xff,
0xff,0xff,0xff,0xff,0x1ff,0xff,0xff,0xff,0x10000ff,0xff,0xff,0x100ff,0xff,0xff,0xff,0xff,0xff,0xff,0xff,0xff,0xff,0xff,
0x100ff,0x20202ff,0x30203ff,0x40404ff,0x50505ff,0x60606ff,0x70707ff,0x90908ff,0xa0a0aff,0xa0a0aff,0xc0b0cff,0xd0c0cff,0xe0d0eff,0xf0f0fff,0x101010ff,0x111111ff,0x121211ff,0x131313ff,0x141314ff,0x141515ff,0x161616ff,0x171717ff,
0x181818ff,0x191819ff,0x1a1a1aff,0x1b1b1aff,0x1c1b1bff,0x1c1c1dff,0x1e1e1dff,0x1e1e1fff,0x201f1fff,0x202121ff,0x222121ff,0x222223ff,0x232323ff,0x242424ff,0x252525ff,0x262626ff,0x272727ff,0x272727ff,0x282828ff,0x292929ff,0x2a2a2aff,0x2b2b2bff,
0x2c2c2bff,0x2c2d2dff,0x2d2e2dff,0x2e2e2eff,0x2f2e2fff,0x30302fff,0x303030ff,0x313131ff,0x313232ff,0x323332ff,0x333333ff,0x343433ff,0x353434ff,0x353535ff,0x363636ff,0x373636ff,0x373737ff,0x383838ff,0x383838ff,0x393938ff,0x3a3939ff,0x3a3a3aff,
0x3a3b3aff,0x3b3b3aff,0x3b3c3bff,0x3c3c3cff,0x3c3d3dff,0x3d3d3dff,0x3d3d3dff,0x3e3e3eff,0x3e3e3eff,0x3f3f3fff,0x3f3f3fff,0x3f3f3fff,0x404040ff,0x404040ff,0x414040ff,0x414140ff,0x414141ff,0x424241ff,0x414142ff,0x414241ff,0x424242ff,0x434242ff,
0x424242ff,0x424342ff,0x434343ff,0x434243ff,0x434343ff,0x434242ff,0x434342ff,0x434343ff,0x434343ff,0x434343ff,0x434342ff,0x434343ff,0x434343ff,0x434342ff,0x434343ff,0x424342ff,0x434242ff,0x434242ff,0x434342ff,0x424242ff,0x424242ff,0x424241ff,
0x424141ff,0x414241ff,0x414141ff,0x414140ff,0x404140ff,0x414040ff,0x3f403fff,0x403f3fff,0x3f3f3fff,0x3e3e3fff,0x3e3e3eff,0x3e3e3dff,0x3e3e3dff,0x3d3d3dff,0x3c3c3cff,0x3c3c3bff,0x3c3b3bff,0x3b3b3bff,0x3a3b3aff,0x3a3a3aff,0x393a39ff,0x393839ff,
0x383938ff,0x373737ff,0x373737ff,0x373636ff,0x363636ff,0x353635ff,0x343434ff,0x343433ff,0x333433ff,0x323232ff,0x323131ff,0x313131ff,0x313130ff,0x2f3030ff,0x2f2e2fff,0x2e2e2eff,0x2d2e2dff,0x2c2d2cff,0x2b2c2cff,0x2b2a2bff,0x2a2b2aff,0x2a2929ff,
0x292929ff,0x282828ff,0x262727ff,0x262526ff,0x252525ff,0x242424ff,0x242323ff,0x222222ff,0x212121ff,0x202020ff,0x202020ff,0x1f1f1fff,0x1e1d1dff,0x1d1d1dff,0x1b1c1cff,0x1b1b1bff,0x1a1a1aff,0x191919ff,0x171818ff,0x171616ff,0x161515ff,0x151515ff,
0x141414ff,0x131212ff,0x121212ff,0x111111ff,0xf1010ff,0xe0f0fff,0xd0e0eff,0xd0d0cff,0xb0b0bff,0xb0a0aff,0xa0a09ff,0x90808ff,0x80807ff,0x60606ff,0x50506ff,0x30304ff,0x30302ff,0x20202ff,0x100ff,0xff,0xff,0x100ff,
0xff,0xff,0xff,0xff,0xff,0xff,0x1ff,0xff,0x1ff,0xff,0xff,0x10000ff,0xff,0xff,0xff,0xff,0xff,0xff,0xff,0xff,0xff,0xff,
0xff,0x1ff,0xff,0xff,0xff,0x1ff,0xff,0xff,0xff,0xff,0xff,0xff,0xff,0xff,0xff,0xff,0xff,0xff,0xff,0x10001ff,0xff,0xff,
0x100ff,0xff,0xff,0x10000ff,0xff,0xff,0xff,0xff,0xff,0xff,0xff,0xff,0xff,0xff,0xff,0x10101ff,0x20202ff,0x30303ff,0x40404ff,0x50505ff,0x70607ff,0x80807ff,
0x90808ff,0xa0a09ff,0xa0b0aff,0xc0c0bff,0xd0c0cff,0xe0e0dff,0xe0f0fff,0x10100fff,0x101110ff,0x111111ff,0x131213ff,0x141414ff,0x151415ff,0x161616ff,0x171716ff,0x181817ff,0x181919ff,0x1a1a19ff,0x1a1a1bff,0x1c1b1bff,0x1c1d1cff,0x1d1d1dff,
0x1e1f1fff,0x1f1f1fff,0x212020ff,0x212121ff,0x222222ff,0x232322ff,0x242424ff,0x242524ff,0x252526ff,0x262626ff,0x272827ff,0x282928ff,0x292929ff,0x2a2a2aff,0x2b2a2aff,0x2b2b2bff,0x2c2c2cff,0x2d2c2dff,0x2d2d2eff,0x2f2e2eff,0x2f2f2fff,0x2f3030ff,
0x303030ff,0x313131ff,0x323232ff,0x333332ff,0x333333ff,0x343334ff,0x353434ff,0x353535ff,0x363636ff,0x363736ff,0x373737ff,0x383737ff,0x383838ff,0x393938ff,0x393939ff,0x393a39ff,0x3a3a39ff,0x3b3a3bff,0x3b3b3bff,0x3c3c3cff,0x3c3c3bff,0x3c3d3cff,
0x3d3d3cff,0x3d3e3dff,0x3d3d3eff,0x3e3e3eff,0x3e3f3eff,0x3e3f3eff,0x3f3f3fff,0x3f3f3eff,0x3f403fff,0x40403fff,0x40403fff,0x404140ff,0x414041ff,0x404140ff,0x404141ff,0x414141ff,0x414141ff,0x424241ff,0x414141ff,0x414141ff,0x424142ff,0x414242ff,
0x414241ff,0x414241ff,0x414242ff,0x414142ff,0x414241ff,0x424241ff,0x424141ff,0x424240ff,0x414141ff,0x414141ff,0x404041ff,0x404140ff,0x404040ff,0x414040ff,0x40403fff,0x404040ff,0x40403fff,0x3f3f3fff,0x3f3e3fff,0x3e3e3eff,0x3f3f3eff,0x3e3e3eff,
0x3d3e3eff,0x3d3e3cff,0x3d3d3dff,0x3d3d3cff,0x3c3c3cff,0x3b3c3bff,0x3b3b3bff,0x3b3b3aff,0x3a3a3aff,0x39393aff,0x393939ff,0x393938ff,0x383838ff,0x373738ff,0x373736ff,0x363736ff,0x353635ff,0x353635ff,0x343534ff,0x343434ff,0x343332ff,0x333333ff,
0x323132ff,0x313131ff,0x313030ff,0x2f302fff,0x2f2f2fff,0x2e2e2eff,0x2e2d2eff,0x2d2c2dff,0x2c2c2cff,0x2b2b2bff,0x2b2b2bff,0x2a2929ff,0x292929ff,0x282828ff,0x272827ff,0x262627ff,0x262625ff,0x252425ff,0x242423ff,0x232323ff,0x222222ff,0x212121ff,
0x212020ff,0x201f1fff,0x1e1f1eff,0x1d1d1eff,0x1c1d1cff,0x1b1b1cff,0x1b1a1aff,0x19191aff,0x191919ff,0x171818ff,0x161716ff,0x151616ff,0x151515ff,0x141414ff,0x131313ff,0x121112ff,0x111111ff,0xf1010ff,0xf0e0fff,0xd0d0dff,0xd0d0cff,0xb0c0bff,
0xa0a0aff,0x9090aff,0x90908ff,0x70707ff,0x60606ff,0x50505ff,0x40404ff,0x30203ff,0x20202ff,0x100ff,0xff,0xff,0xff,0xff,0x100ff,0xff,0xff,0xff,0xff,0xff,0xff,0xff,
0x10000ff,0x1ff,0xff,0xff,0xff,0xff,0xff,0xff,0xff,0xff,0xff,0xff,0xff,0xff,0x10000ff,0xff,0xff,0xff,0xff,0xff,0xff,0xff,
0xff,0xff,0xff,0x1ff,0x100ff,0xff,0xff,0xff,0xff,0x10000ff,0x1ff,0xff,0xff,0xff,0x1ff,0xff,0xff,0xff,0xff,0xff,0x100ff,0xff,
0xff,0xff,0xff,0xff,0xff,0xff,0xff,0xff,0x101ff,0x20202ff,0x30303ff,0x40404ff,0x50505ff,0x70706ff,0x80707ff,0x80909ff,0xa0a09ff,0xa0a0bff,0xc0b0cff,0xd0d0dff,0xe0e0eff,0xe0f0fff,
0xf0f0fff,0x111010ff,0x111211ff,0x131313ff,0x131413ff,0x151414ff,0x151616ff,0x171717ff,0x171717ff,0x181819ff,0x191a1aff,0x1a1a1aff,0x1c1b1cff,0x1c1d1cff,0x1d1d1dff,0x1e1e1fff,0x1f1f1fff,0x202020ff,0x212021ff,0x222121ff,0x222223ff,0x242324ff,
0x252424ff,0x252525ff,0x262626ff,0x262726ff,0x282827ff,0x282828ff,0x292929ff,0x2a2a2aff,0x2b2a2bff,0x2c2c2bff,0x2c2d2cff,0x2d2d2dff,0x2e2e2dff,0x2f2f2eff,0x2f302fff,0x303030ff,0x313031ff,0x323131ff,0x323231ff,0x323333ff,0x333333ff,0x343434ff,
0x343434ff,0x353534ff,0x363535ff,0x363636ff,0x363637ff,0x373737ff,0x373837ff,0x383838ff,0x393839ff,0x393939ff,0x3a3a39ff,0x3a3a3aff,0x3b3b3aff,0x3b3b3bff,0x3b3b3bff,0x3b3c3bff,0x3c3c3cff,0x3c3d3dff,0x3d3c3dff,0x3e3d3dff,0x3d3d3eff,0x3d3d3dff,
0x3e3e3dff,0x3e3f3eff,0x3e3e3fff,0x3e3f3eff,0x3f3f3eff,0x3f3f3fff,0x3f3f3fff,0x3f403fff,0x3f403fff,0x403f3fff,0x40403fff,0x404040ff,0x404040ff,0x404040ff,0x404040ff,0x404040ff,0x404040ff,0x404040ff,0x40403fff,0x3f4040ff,0x403f40ff,0x40403fff,
0x404040ff,0x3f3f3fff,0x3f3f3fff,0x3f403fff,0x3f3f3fff,0x3f3e3eff,0x3e3f3eff,0x3f3f3eff,0x3e3e3eff,0x3e3e3dff,0x3e3e3eff,0x3d3d3dff,0x3d3d3dff,0x3c3d3cff,0x3c3c3cff,0x3c3c3cff,0x3b3b3bff,0x3b3b3bff,0x3a3a3aff,0x3a3b3aff,0x3a3a39ff,0x393939ff,
0x393939ff,0x383838ff,0x383738ff,0x373737ff,0x373736ff,0x373636ff,0x363535ff,0x353535ff,0x343534ff,0x343334ff,0x343333ff,0x333333ff,0x323232ff,0x313131ff,0x303031ff,0x303030ff,0x2f302fff,0x2e2e2eff,0x2e2d2eff,0x2d2d2dff,0x2c2c2dff,0x2c2b2bff,
0x2b2a2bff,0x292a2aff,0x292929ff,0x282928ff,0x272727ff,0x272727ff,0x262626ff,0x252525ff,0x242424ff,0x242324ff,0x222322ff,0x222222ff,0x212121ff,0x202020ff,0x1f1f1fff,0x1e1e1eff,0x1e1d1dff,0x1c1c1cff,0x1c1c1bff,0x1b1b1bff,0x191919ff,0x181918ff,
0x171718ff,0x171716ff,0x161616ff,0x151415ff,0x141414ff,0x131312ff,0x111212ff,0x111111ff,0x10100fff,0xf0f0fff,0xe0e0dff,0xc0c0cff,0xb0c0bff,0xb0a0aff,0x90a09ff,0x80809ff,0x80707ff,0x70706ff,0x50505ff,0x40404ff,0x30304ff,0x20202ff,
0x1ff,0xff,0xff,0xff,0xff,0xff,0xff,0x100ff,0xff,0xff,0xff,0xff,0x100ff,0xff,0xff,0xff,0xff,0xff,0xff,0x1ff,0xff,0xff,
0xff,0xff,0xff,0xff,0xff,0x1ff,0xff,0xff,0xff,0xff,0xff,0xff,0x1ff,0xff,0xff,0xff,0xff,0xff,0xff,0xff,0xff,0xff,
0xff,0xff,0xff,0xff,0xff,0xff,0xff,0xff,0xff,0xff,0xff,0xff,0xff,0xff,0xff,0xff,0xff,0xff,0xff,0xff,0xff,0x10000ff,
0xff,0x10101ff,0x20203ff,0x30303ff,0x40404ff,0x50505ff,0x70607ff,0x70708ff,0x80908ff,0x90a09ff,0xb0b0aff,0xb0b0cff,0xd0d0cff,0xe0e0dff,0xe0e0eff,0x100f10ff,0x111011ff,0x111211ff,0x121213ff,0x141414ff,0x141415ff,0x161516ff,
0x161717ff,0x181717ff,0x181918ff,0x1a1a19ff,0x1a1a1aff,0x1b1c1bff,0x1c1c1cff,0x1d1d1dff,0x1e1e1eff,0x1f1f1fff,0x20201fff,0x212120ff,0x212221ff,0x222223ff,0x242323ff,0x242424ff,0x252525ff,0x252525ff,0x272726ff,0x272827ff,0x282828ff,0x282828ff,
0x29292aff,0x2a2b2aff,0x2b2b2bff,0x2c2c2cff,0x2c2c2cff,0x2d2d2dff,0x2d2e2eff,0x2f2f2eff,0x2f2f2fff,0x30302fff,0x303030ff,0x313131ff,0x323232ff,0x323332ff,0x333333ff,0x333334ff,0x343434ff,0x353534ff,0x353535ff,0x363535ff,0x363636ff,0x373737ff,
0x373737ff,0x383838ff,0x383838ff,0x383938ff,0x393938ff,0x39393aff,0x3a3a39ff,0x3b3b3aff,0x3b3a3aff,0x3b3b3bff,0x3b3c3bff,0x3b3c3cff,0x3c3c3cff,0x3c3c3bff,0x3d3c3cff,0x3d3d3dff,0x3d3d3dff,0x3d3d3dff,0x3d3e3eff,0x3e3d3eff,0x3e3e3dff,0x3e3e3eff,
0x3e3e3eff,0x3e3e3eff,0x3e3e3eff,0x3e3e3eff,0x3e3f3eff,0x3e3e3eff,0x3e3e3eff,0x3f3e3fff,0x3e3f3eff,0x3f3f3eff,0x3e3e3eff,0x3f3e3eff,0x3e3e3eff,0x3e3e3eff,0x3e3e3eff,0x3e3e3eff,0x3e3d3eff,0x3d3e3dff,0x3d3e3dff,0x3d3d3dff,0x3d3d3dff,0x3d3c3cff,
0x3d3d3dff,0x3c3c3cff,0x3c3c3cff,0x3c3c3cff,0x3c3b3bff,0x3b3b3bff,0x3b3a3bff,0x3a3a3aff,0x3a3a3aff,0x3a3a39ff,0x393a39ff,0x393938ff,0x383838ff,0x383837ff,0x373737ff,0x373736ff,0x363636ff,0x363635ff,0x353535ff,0x353435ff,0x343434ff,0x333334ff,
0x333333ff,0x323333ff,0x323232ff,0x313131ff,0x313131ff,0x302f30ff,0x2f2f2fff,0x2e2e2eff,0x2e2e2dff,0x2d2d2dff,0x2c2c2cff,0x2b2c2bff,0x2b2b2aff,0x2a2a2aff,0x292a29ff,0x292929ff,0x282828ff,0x272727ff,0x272726ff,0x262625ff,0x252425ff,0x242424ff,
0x232323ff,0x222222ff,0x222222ff,0x202021ff,0x1f201fff,0x1f1f1eff,0x1e1e1dff,0x1d1d1dff,0x1c1c1cff,0x1b1b1bff,0x1a1a1aff,0x191919ff,0x181818ff,0x181818ff,0x161616ff,0x151515ff,0x141415ff,0x131413ff,0x131313ff,0x121111ff,0x101111ff,0x100f0fff,
0xf0f0fff,0xe0e0eff,0xd0c0cff,0xc0c0bff,0xb0a0aff,0xa090aff,0x80908ff,0x70707ff,0x60607ff,0x50506ff,0x40504ff,0x30303ff,0x20202ff,0x10101ff,0xff,0xff,0xff,0xff,0xff,0xff,0x100ff,0xff,
0xff,0xff,0xff,0xff,0x100ff,0xff,0xff,0xff,0xff,0xff,0xff,0xff,0xff,0xff,0xff,0xff,0xff,0xff,0xff,0x1ff,0xff,0xff,
0xff,0xff,0xff,0xff,0xff,0xff,0x100ff,0xff,0xff,0x1ff,0x10000ff,0xff,0xff,0xff,0xff,0xff,0xff,0xff,0xff,0xff,0xff,0x10000ff,
0xff,0xff,0xff,0xff,0xff,0x1ff,0xff,0xff,0xff,0x1ff,0x100ff,0xff,0xff,0x1ff,0xff,0xff,0x20101ff,0x20202ff,0x40303ff,0x40405ff,0x50505ff,0x70606ff,
0x70707ff,0x80908ff,0x90909ff,0xb0a0aff,0xc0b0cff,0xd0d0dff,0xd0e0eff,0xf0f0eff,0xf0f0fff,0x111110ff,0x121211ff,0x131313ff,0x131313ff,0x141514ff,0x151515ff,0x161716ff,0x171717ff,0x181818ff,0x191918ff,0x1a1a1aff,0x1b1b1bff,0x1c1c1bff,
0x1c1d1cff,0x1e1e1dff,0x1f1e1eff,0x1f1f1fff,0x202020ff,0x212121ff,0x222122ff,0x232322ff,0x242424ff,0x242424ff,0x252525ff,0x262625ff,0x272726ff,0x282727ff,0x282828ff,0x292828ff,0x2a292aff,0x2a2a2aff,0x2b2b2bff,0x2b2c2cff,0x2c2d2cff,0x2e2d2dff,
0x2d2d2dff,0x2e2f2fff,0x2f2f2fff,0x30302fff,0x303130ff,0x313131ff,0x323131ff,0x323232ff,0x333232ff,0x333334ff,0x343434ff,0x343435ff,0x353535ff,0x353535ff,0x363536ff,0x363637ff,0x373636ff,0x373737ff,0x373838ff,0x393838ff,0x393838ff,0x393839ff,
0x3a3939ff,0x3a3939ff,0x393a3aff,0x3a3a3aff,0x3a3a3aff,0x3b3b3aff,0x3b3b3bff,0x3b3b3bff,0x3c3b3bff,0x3c3c3cff,0x3c3c3cff,0x3c3c3cff,0x3d3c3cff,0x3c3d3cff,0x3d3c3dff,0x3d3c3cff,0x3d3c3dff,0x3d3c3dff,0x3d3d3dff,0x3d3d3cff,0x3d3d3dff,0x3d3d3dff,
0x3d3d3cff,0x3d3d3dff,0x3d3d3dff,0x3d3d3cff,0x3c3d3cff,0x3d3c3cff,0x3d3d3cff,0x3d3d3dff,0x3c3c3cff,0x3c3c3cff,0x3c3c3cff,0x3c3c3bff,0x3c3b3bff,0x3b3b3cff,0x3b3b3bff,0x3b3b3bff,0x3b3a3aff,0x3a3a3aff,0x3a3a3aff,0x3a3939ff,0x3a3939ff,0x393939ff,
0x393839ff,0x383838ff,0x373737ff,0x373737ff,0x373636ff,0x373636ff,0x363636ff,0x363535ff,0x353535ff,0x343534ff,0x343433ff,0x333433ff,0x323333ff,0x323232ff,0x313231ff,0x313131ff,0x303031ff,0x303030ff,0x2f2f2fff,0x2e2f2eff,0x2e2e2dff,0x2d2d2dff,
0x2d2d2dff,0x2b2b2cff,0x2b2b2bff,0x2b2b2aff,0x29292aff,0x292929ff,0x282928ff,0x272727ff,0x272727ff,0x262626ff,0x252525ff,0x242425ff,0x232323ff,0x232323ff,0x222221ff,0x212121ff,0x202020ff,0x201f1fff,0x1f1e1fff,0x1d1e1eff,0x1d1c1dff,0x1c1b1cff,
0x1b1b1aff,0x1a1a19ff,0x191919ff,0x181818ff,0x171717ff,0x161617ff,0x151616ff,0x141414ff,0x131313ff,0x121212ff,0x121111ff,0x101111ff,0xf100fff,0xf0e0eff,0xe0d0eff,0xc0c0dff,0xc0b0cff,0xa0a0aff,0x90a09ff,0x90908ff,0x70708ff,0x70607ff,
0x50505ff,0x40404ff,0x40303ff,0x20302ff,0x10101ff,0xff,0xff,0xff,0xff,0xff,0x10000ff,0xff,0x1ff,0xff,0xff,0xff,0xff,0xff,0xff,0xff,0x10000ff,0xff,
0x10000ff,0xff,0xff,0xff,0xff,0xff,0xff,0xff,0x100ff,0xff,0xff,0xff,0x10000ff,0xff,0xff,0x100ff,0xff,0x10000ff,0xff,0xff,0x10000ff,0xff,
0xff,0xff,0x100ff,0xff,0x100ff,0xff,0xff,0xff,0x1ff,0xff,0xff,0xff,0xff,0xff,0x100ff,0x10000ff,0xff,0xff,0xff,0xff,0xff,0x100ff,
0xff,0xff,0x100ff,0xff,0xff,0xff,0xff,0xff,0xff,0x10101ff,0x30202ff,0x30303ff,0x40404ff,0x60505ff,0x70706ff,0x70707ff,0x80908ff,0x90909ff,0xb0b0bff,0xc0b0bff,0xc0c0dff,0xe0d0dff,
0xe0e0eff,0x100f0fff,0x101010ff,0x111111ff,0x121312ff,0x131313ff,0x141414ff,0x151515ff,0x161616ff,0x171717ff,0x181818ff,0x181919ff,0x1a1a1aff,0x1a1b1bff,0x1b1c1cff,0x1c1c1cff,0x1d1d1dff,0x1e1f1eff,0x1f1e1fff,0x202020ff,0x212021ff,0x222221ff,
0x222322ff,0x232323ff,0x242424ff,0x252424ff,0x252525ff,0x262626ff,0x272727ff,0x282728ff,0x282828ff,0x2a2929ff,0x2a2a2aff,0x2b2a2bff,0x2b2c2bff,0x2c2c2cff,0x2c2c2cff,0x2d2d2dff,0x2e2d2dff,0x2e2e2eff,0x2f2f2fff,0x2f2f2fff,0x303030ff,0x303031ff,
0x323131ff,0x323232ff,0x333232ff,0x333332ff,0x333433ff,0x343434ff,0x353534ff,0x353535ff,0x353636ff,0x363635ff,0x363736ff,0x373737ff,0x373737ff,0x383737ff,0x383838ff,0x383838ff,0x383938ff,0x383939ff,0x393939ff,0x3a3a39ff,0x3a3939ff,0x393a3aff,
0x3a3a3aff,0x3b3b3aff,0x3a3b3aff,0x3a3b3aff,0x3b3a3aff,0x3b3b3aff,0x3b3b3bff,0x3b3b3bff,0x3b3c3bff,0x3c3b3cff,0x3b3c3bff,0x3b3b3bff,0x3c3b3bff,0x3c3b3bff,0x3b3c3bff,0x3b3c3bff,0x3b3c3cff,0x3b3b3bff,0x3b3b3bff,0x3c3b3bff,0x3b3c3bff,0x3b3b3bff,
0x3b3b3aff,0x3a3b3aff,0x3a3a3aff,0x3a3a3aff,0x3a3a3aff,0x3a393aff,0x393a39ff,0x393a39ff,0x393939ff,0x393839ff,0x383838ff,0x383837ff,0x373837ff,0x373837ff,0x373737ff,0x373637ff,0x363636ff,0x353635ff,0x353535ff,0x353534ff,0x343435ff,0x343434ff,
0x333333ff,0x333332ff,0x333333ff,0x323231ff,0x313131ff,0x303131ff,0x313030ff,0x30302fff,0x2f2f2fff,0x2e2e2eff,0x2e2e2eff,0x2d2d2dff,0x2c2d2cff,0x2c2c2cff,0x2b2b2bff,0x2b2b2aff,0x2a292aff,0x292929ff,0x282929ff,0x272828ff,0x272726ff,0x262626ff,
0x252526ff,0x242424ff,0x242424ff,0x232323ff,0x222223ff,0x212121ff,0x212020ff,0x20201fff,0x1f1f1fff,0x1e1e1eff,0x1d1d1dff,0x1c1c1dff,0x1c1b1bff,0x1a1b1bff,0x191a1aff,0x191919ff,0x181818ff,0x171716ff,0x161616ff,0x151515ff,0x141414ff,0x131313ff,
0x121212ff,0x121211ff,0x101010ff,0xf1010ff,0xe0e0eff,0xd0d0eff,0xd0d0cff,0xb0c0cff,0xb0a0bff,0x9090aff,0x80908ff,0x80707ff,0x60607ff,0x60505ff,0x40404ff,0x30403ff,0x30302ff,0x20101ff,0xff,0xff,0xff,0x100ff,
0xff,0xff,0xff,0xff,0xff,0xff,0xff,0xff,0xff,0xff,0xff,0xff,0xff,0xff,0xff,0xff,0xff,0xff,0xff,0x1ff,0xff,0xff,
0xff,0xff,0xff,0xff,0xff,0xff,0xff,0x1ff,0xff,0xff,0x100ff,0x1ff,0x100ff,0xff,0xff,0xff,0xff,0x100ff,0xff,0xff,0xff,0xff,
0xff,0xff,0xff,0xff,0xff,0xff,0xff,0xff,0xff,0xff,0xff,0xff,0xff,0xff,0xff,0xff,0x100ff,0xff,0xff,0xff,0xff,0x1ff,
0xff,0xff,0x10101ff,0x20203ff,0x30303ff,0x40404ff,0x50505ff,0x60606ff,0x70707ff,0x80808ff,0x90909ff,0xa0b0bff,0xb0b0cff,0xd0c0cff,0xd0d0dff,0xe0e0eff,0xf0f0fff,0x101010ff,0x111111ff,0x121213ff,0x131313ff,0x141414ff,
0x151514ff,0x161616ff,0x161716ff,0x171718ff,0x191818ff,0x191a19ff,0x1a1b1aff,0x1b1b1bff,0x1c1c1cff,0x1d1c1dff,0x1e1e1dff,0x1f1f1fff,0x1f2020ff,0x202020ff,0x212121ff,0x222222ff,0x222323ff,0x232323ff,0x252424ff,0x252425ff,0x262625ff,0x262726ff,
0x272726ff,0x272728ff,0x282828ff,0x292a29ff,0x2a2a29ff,0x2a2b2bff,0x2c2c2bff,0x2c2c2bff,0x2d2c2dff,0x2d2d2dff,0x2e2e2dff,0x2e2e2eff,0x2f2e2eff,0x2f2f2fff,0x2f3030ff,0x303130ff,0x313130ff,0x313132ff,0x323232ff,0x323332ff,0x333333ff,0x333433ff,
0x343333ff,0x353434ff,0x343535ff,0x363634ff,0x363635ff,0x363535ff,0x363636ff,0x363736ff,0x373736ff,0x373737ff,0x383837ff,0x383838ff,0x383838ff,0x383838ff,0x393939ff,0x383939ff,0x393939ff,0x393939ff,0x393939ff,0x393a3aff,0x393a39ff,0x3a3939ff,
0x3a3a3aff,0x3a3a39ff,0x3a3939ff,0x3a393aff,0x393a39ff,0x3a3a3aff,0x3a3a3aff,0x3a3a39ff,0x3a3a3aff,0x393a39ff,0x3a3a39ff,0x3a3a3aff,0x39393aff,0x393a39ff,0x3a3a39ff,0x393a39ff,0x393939ff,0x393939ff,0x393838ff,0x393838ff,0x383838ff,0x383838ff,
0x373737ff,0x373737ff,0x373737ff,0x373637ff,0x373636ff,0x363536ff,0x353535ff,0x363635ff,0x353535ff,0x353534ff,0x343434ff,0x343433ff,0x333333ff,0x323332ff,0x323232ff,0x323231ff,0x313130ff,0x313130ff,0x303030ff,0x2f2f30ff,0x2f2f2fff,0x2f2e2eff,
0x2e2e2dff,0x2d2d2dff,0x2d2d2cff,0x2c2b2cff,0x2b2b2bff,0x2b2b2aff,0x2a2a2aff,0x292929ff,0x292928ff,0x282827ff,0x272727ff,0x262627ff,0x252526ff,0x252525ff,0x242424ff,0x232323ff,0x232323ff,0x212222ff,0x212121ff,0x202120ff,0x1f1f1fff,0x1f1e1fff,
0x1e1e1dff,0x1c1d1dff,0x1c1c1cff,0x1c1c1bff,0x1a1a1aff,0x1a1a1aff,0x181819ff,0x181817ff,0x171717ff,0x161616ff,0x151515ff,0x141414ff,0x131313ff,0x121212ff,0x111111ff,0x101010ff,0x100f0fff,0xe0e0eff,0xd0e0dff,0xc0c0cff,0xb0b0bff,0xb0a0aff,
0xa0a0aff,0x90908ff,0x70808ff,0x70606ff,0x50505ff,0x40404ff,0x40404ff,0x20202ff,0x10102ff,0xff,0xff,0x10000ff,0xff,0xff,0xff,0xff,0xff,0xff,0x100ff,0xff,0xff,0xff,
0xff,0x1ff,0x100ff,0xff,0x1ff,0xff,0xff,0xff,0xff,0xff,0x10000ff,0xff,0x100ff,0xff,0xff,0xff,0xff,0xff,0xff,0xff,0xff,0xff,
0x10000ff,0xff,0xff,0xff,0xff,0xff,0xff,0xff,0xff,0xff,0x100ff,0xff,0xff,0x10000ff,0x10000ff,0xff,0xff,0xff,0xff,0xff,0xff,0xff,
0xff,0xff,0xff,0x100ff,0xff,0x10000ff,0xff,0xff,0xff,0xff,0xff,0xff,0x1ff,0xff,0xff,0xff,0xff,0x10101ff,0x20302ff,0x30303ff,0x40405ff,0x60505ff,
0x60706ff,0x80707ff,0x90809ff,0x90909ff,0xa0a0bff,0xb0c0cff,0xc0d0cff,0xd0d0dff,0xe0f0eff,0xf0f0fff,0x101010ff,0x111111ff,0x121212ff,0x121313ff,0x141314ff,0x151515ff,0x161615ff,0x171616ff,0x181717ff,0x181818ff,0x191919ff,0x1a1a1aff,
0x1b1b1bff,0x1c1b1cff,0x1d1c1dff,0x1d1d1dff,0x1e1e1eff,0x1f1f1fff,0x1f2020ff,0x212020ff,0x212121ff,0x222222ff,0x232323ff,0x232423ff,0x252425ff,0x252525ff,0x262626ff,0x272726ff,0x272727ff,0x282828ff,0x282829ff,0x292929ff,0x2a2a2aff,0x2b2b2aff,
0x2b2b2bff,0x2b2c2bff,0x2c2c2cff,0x2d2d2cff,0x2e2d2dff,0x2e2e2eff,0x2f2e2eff,0x2f2f2fff,0x302f2fff,0x313030ff,0x303131ff,0x313131ff,0x323231ff,0x323232ff,0x333332ff,0x333333ff,0x343333ff,0x343434ff,0x343533ff,0x343434ff,0x353434ff,0x353535ff,
0x353535ff,0x363635ff,0x363636ff,0x373636ff,0x363736ff,0x363636ff,0x373737ff,0x373837ff,0x373737ff,0x383737ff,0x383837ff,0x383838ff,0x393837ff,0x383838ff,0x383838ff,0x383838ff,0x383838ff,0x393838ff,0x383839ff,0x383938ff,0x383938ff,0x383938ff,
0x393838ff,0x383838ff,0x383838ff,0x383838ff,0x383838ff,0x373838ff,0x383838ff,0x373737ff,0x383737ff,0x373837ff,0x373737ff,0x373636ff,0x373736ff,0x363636ff,0x363635ff,0x353635ff,0x363635ff,0x353535ff,0x353534ff,0x343434ff,0x343433ff,0x343333ff,
0x333333ff,0x333333ff,0x333333ff,0x323232ff,0x323231ff,0x313131ff,0x313131ff,0x303030ff,0x302f2fff,0x2f2f2fff,0x2e2f2eff,0x2e2e2eff,0x2d2e2dff,0x2d2d2dff,0x2c2c2cff,0x2c2b2bff,0x2b2b2bff,0x2b2a2aff,0x2a2a2aff,0x2a2929ff,0x292828ff,0x282828ff,
0x272727ff,0x262727ff,0x262626ff,0x252525ff,0x252424ff,0x242323ff,0x232323ff,0x222222ff,0x212121ff,0x202121ff,0x20201fff,0x1f1f1eff,0x1e1e1eff,0x1d1d1dff,0x1d1d1cff,0x1c1c1cff,0x1b1b1aff,0x1a1a1aff,0x191919ff,0x181818ff,0x181717ff,0x161616ff,
0x161516ff,0x151515ff,0x131414ff,0x121213ff,0x121212ff,0x111111ff,0x101010ff,0xf0f0fff,0xe0e0eff,0xd0d0dff,0xc0d0dff,0xb0b0bff,0xb0a0aff,0x90909ff,0x90908ff,0x70807ff,0x60607ff,0x60505ff,0x40404ff,0x30303ff,0x30202ff,0x20101ff,
0x10000ff,0xff,0x1ff,0xff,0xff,0x1ff,0xff,0x10000ff,0x100ff,0xff,0xff,0x100ff,0x10000ff,0xff,0xff,0xff,0x100ff,0xff,0x10000ff,0xff,0xff,0xff,
0xff,0xff,0xff,0x1ff,0xff,0xff,0xff,0xff,0xff,0xff,0x1ff,0xff,0xff,0xff,0xff,0x10001ff,0xff,0xff,0xff,0xff,0xff,0xff,
0xff,0xff,0xff,0xff,0xff,0xff,0xff,0xff,0x101ff,0xff,0xff,0xff,0x100ff,0xff,0xff,0xff,0xff,0xff,0xff,0xff,0xff,0x1ff,
0xff,0xff,0xff,0xff,0xff,0xff,0xff,0xff,0x100ff,0xff,0x10102ff,0x20202ff,0x40304ff,0x40404ff,0x60605ff,0x60607ff,0x80707ff,0x80808ff,0x9090aff,0xa0a0aff,0xb0b0bff,0xc0c0cff,
0xd0d0dff,0xe0e0eff,0xf0f0fff,0xf1010ff,0x101011ff,0x121211ff,0x121313ff,0x141414ff,0x141515ff,0x151516ff,0x161616ff,0x171717ff,0x181818ff,0x191918ff,0x1a191aff,0x1b1b1bff,0x1b1b1bff,0x1c1c1cff,0x1d1d1dff,0x1d1e1dff,0x1e1f1fff,0x1f1f1fff,
0x202020ff,0x202121ff,0x212222ff,0x222323ff,0x232323ff,0x232424ff,0x242524ff,0x252525ff,0x262626ff,0x272626ff,0x272727ff,0x282827ff,0x292828ff,0x292929ff,0x2a2a29ff,0x2a2b2aff,0x2b2b2aff,0x2b2b2bff,0x2c2c2cff,0x2d2d2cff,0x2d2d2dff,0x2e2d2eff,
0x2e2f2eff,0x2f2f2fff,0x2f2f2fff,0x303030ff,0x303030ff,0x313130ff,0x313131ff,0x323131ff,0x323232ff,0x323232ff,0x333233ff,0x333332ff,0x343333ff,0x333434ff,0x343434ff,0x343434ff,0x353535ff,0x343535ff,0x353535ff,0x353535ff,0x353535ff,0x363536ff,
0x353636ff,0x373636ff,0x363736ff,0x373636ff,0x373636ff,0x363736ff,0x373636ff,0x373736ff,0x373737ff,0x373736ff,0x363737ff,0x373737ff,0x373736ff,0x373736ff,0x363736ff,0x373736ff,0x373637ff,0x373636ff,0x363637ff,0x363736ff,0x363636ff,0x363636ff,
0x353636ff,0x363636ff,0x363536ff,0x363535ff,0x353535ff,0x343535ff,0x353435ff,0x343534ff,0x343434ff,0x333433ff,0x333333ff,0x333332ff,0x333332ff,0x323232ff,0x323231ff,0x313231ff,0x313131ff,0x313131ff,0x303130ff,0x303030ff,0x302f2fff,0x2e2e2fff,
0x2e2e2eff,0x2e2d2eff,0x2e2d2dff,0x2c2d2dff,0x2c2c2cff,0x2c2c2bff,0x2a2b2bff,0x2a2a2aff,0x292929ff,0x292929ff,0x282828ff,0x282828ff,0x272827ff,0x262727ff,0x262626ff,0x252525ff,0x252424ff,0x232424ff,0x232323ff,0x232322ff,0x212222ff,0x202121ff,
0x202020ff,0x1f1f1fff,0x1e1e1eff,0x1e1e1dff,0x1c1d1dff,0x1c1c1cff,0x1b1b1bff,0x1a1b1aff,0x1a1a19ff,0x191919ff,0x181818ff,0x171717ff,0x171616ff,0x151615ff,0x151414ff,0x131414ff,0x121313ff,0x111212ff,0x111111ff,0x101010ff,0xf0f0fff,0xe0e0eff,
0xd0d0dff,0xc0c0cff,0xb0b0bff,0xa0a0aff,0x9090aff,0x80908ff,0x70708ff,0x70606ff,0x60505ff,0x40404ff,0x30304ff,0x20202ff,0x10201ff,0xff,0xff,0xff,0xff,0x1ff,0xff,0xff,0xff,0xff,
0xff,0xff,0xff,0xff,0xff,0xff,0x100ff,0xff,0xff,0xff,0xff,0xff,0xff,0x1ff,0xff,0xff,0xff,0xff,0xff,0xff,0xff,0xff,
0xff,0xff,0xff,0xff,0xff,0xff,0xff,0xff,0xff,0xff,0xff,0xff,0xff,0xff,0x10000ff,0xff,0xff,0xff,0xff,0xff,0xff,0xff,
0xff,0xff,0xff,0x10000ff,0xff,0xff,0xff,0xff,0xff,0xff,0xff,0xff,0xff,0xff,0xff,0x1ff,0xff,0xff,0x1ff,0x1ff,0xff,0xff,
0xff,0xff,0xff,0x10101ff,0x20202ff,0x30404ff,0x40404ff,0x50505ff,0x70706ff,0x70708ff,0x80808ff,0x90909ff,0xa0a0aff,0xb0b0bff,0xc0c0cff,0xd0c0dff,0xe0d0eff,0xe0f0fff,0xf100fff,0x111011ff,0x111211ff,0x121312ff,
0x131313ff,0x141414ff,0x151515ff,0x151616ff,0x171716ff,0x181717ff,0x181919ff,0x191919ff,0x1a1a1aff,0x1b1b1aff,0x1c1c1cff,0x1c1c1dff,0x1d1d1dff,0x1e1e1eff,0x1f1f1fff,0x201f20ff,0x202020ff,0x212121ff,0x222121ff,0x232222ff,0x232323ff,0x232424ff,
0x252525ff,0x252525ff,0x262626ff,0x262627ff,0x272727ff,0x282827ff,0x292928ff,0x292929ff,0x292a29ff,0x2a2a2aff,0x2b2b2bff,0x2b2b2bff,0x2b2c2bff,0x2c2c2cff,0x2d2d2cff,0x2d2d2dff,0x2e2e2eff,0x2e2e2eff,0x2f2f2fff,0x2f2f2fff,0x303030ff,0x30302fff,
0x303131ff,0x303130ff,0x313131ff,0x323132ff,0x313232ff,0x333232ff,0x323332ff,0x333333ff,0x333333ff,0x333333ff,0x333434ff,0x343334ff,0x343434ff,0x353434ff,0x343534ff,0x353535ff,0x353535ff,0x353534ff,0x353535ff,0x363535ff,0x353535ff,0x353636ff,
0x353535ff,0x363535ff,0x363635ff,0x353535ff,0x363535ff,0x353635ff,0x353535ff,0x353635ff,0x353535ff,0x353635ff,0x353535ff,0x353535ff,0x353535ff,0x343434ff,0x353434ff,0x343534ff,0x343433ff,0x343333ff,0x333434ff,0x333333ff,0x333333ff,0x333332ff,
0x333333ff,0x333232ff,0x323231ff,0x313231ff,0x323131ff,0x313131ff,0x303130ff,0x303030ff,0x2f302fff,0x2f2f2fff,0x2e2e2fff,0x2e2e2eff,0x2e2d2eff,0x2d2e2dff,0x2c2c2cff,0x2d2c2cff,0x2c2c2cff,0x2c2b2bff,0x2a2b2bff,0x2a2a2aff,0x2a2929ff,0x292929ff,
0x282828ff,0x272828ff,0x272727ff,0x272727ff,0x262625ff,0x252525ff,0x252525ff,0x242423ff,0x232423ff,0x222222ff,0x222221ff,0x212121ff,0x202120ff,0x1f201fff,0x1f1e1fff,0x1e1e1eff,0x1d1d1dff,0x1c1c1cff,0x1c1c1bff,0x1b1a1bff,0x1a1a1aff,0x191919ff,
0x181819ff,0x171817ff,0x171717ff,0x161615ff,0x151515ff,0x141414ff,0x131413ff,0x121313ff,0x121112ff,0x111011ff,0x100f10ff,0xe0e0eff,0xe0e0eff,0xd0c0cff,0xc0b0cff,0xb0b0bff,0xa0a0aff,0x90909ff,0x80808ff,0x70707ff,0x60607ff,0x50505ff,
0x40504ff,0x30303ff,0x20202ff,0x10101ff,0xff,0xff,0x100ff,0xff,0xff,0xff,0xff,0xff,0xff,0x100ff,0xff,0xff,0x100ff,0xff,0xff,0xff,0xff,0xff,
0xff,0xff,0xff,0x1ff,0xff,0x10000ff,0xff,0xff,0xff,0xff,0xff,0xff,0xff,0xff,0xff,0xff,0xff,0xff,0xff,0xff,0xff,0xff,
0xff,0xff,0xff,0xff,0xff,0xff,0xff,0x10000ff,0xff,0xff,0xff,0xff,0xff,0xff,0xff,0xff,0xff,0xff,0xff,0xff,0xff,0xff,
0xff,0xff,0xff,0x10000ff,0xff,0x10000ff,0x10000ff,0xff,0xff,0xff,0xff,0xff,0xff,0x1ff,0xff,0x100ff,0xff,0xff,0x10101ff,0x20202ff,0x30303ff,0x40404ff,
0x50505ff,0x60606ff,0x70707ff,0x80808ff,0x90809ff,0xa090aff,0xa0b0bff,0xc0b0cff,0xd0d0dff,0xe0d0eff,0xf0f0eff,0x100f0fff,0x111011ff,0x121111ff,0x121212ff,0x131213ff,0x141313ff,0x151515ff,0x151515ff,0x171616ff,0x171717ff,0x181818ff,
0x191918ff,0x19191aff,0x1a1b1aff,0x1b1b1bff,0x1c1c1cff,0x1d1d1cff,0x1e1e1dff,0x1e1e1fff,0x1f1f1fff,0x201f20ff,0x202021ff,0x212121ff,0x222121ff,0x222222ff,0x232423ff,0x242424ff,0x252424ff,0x252525ff,0x262526ff,0x262726ff,0x272727ff,0x272728ff,
0x282828ff,0x292929ff,0x292929ff,0x2a2a2aff,0x2a2b2aff,0x2a2b2bff,0x2c2b2bff,0x2c2c2cff,0x2d2d2cff,0x2d2d2dff,0x2d2d2dff,0x2e2d2eff,0x2e2e2eff,0x2f2e2fff,0x2f2f2fff,0x30302fff,0x2f2f30ff,0x303030ff,0x303030ff,0x313130ff,0x313131ff,0x313131ff,
0x323132ff,0x323232ff,0x323232ff,0x323332ff,0x323232ff,0x333332ff,0x333333ff,0x333333ff,0x333333ff,0x333433ff,0x343333ff,0x333333ff,0x343433ff,0x343334ff,0x333434ff,0x343434ff,0x343433ff,0x343334ff,0x343434ff,0x343434ff,0x343433ff,0x343333ff,
0x343433ff,0x343433ff,0x343334ff,0x333334ff,0x333333ff,0x333333ff,0x333332ff,0x323332ff,0x323233ff,0x323232ff,0x323332ff,0x323232ff,0x323232ff,0x313132ff,0x313131ff,0x313131ff,0x313030ff,0x303030ff,0x2f2f30ff,0x2f2f2fff,0x2f2f2fff,0x2e2e2fff,
0x2f2e2eff,0x2d2e2eff,0x2d2d2dff,0x2d2d2cff,0x2c2c2dff,0x2c2c2cff,0x2b2c2bff,0x2b2b2bff,0x2a2b2aff,0x2a2a29ff,0x292929ff,0x292929ff,0x282828ff,0x282827ff,0x272727ff,0x262627ff,0x262625ff,0x252525ff,0x252424ff,0x242424ff,0x232323ff,0x232323ff,
0x222222ff,0x212121ff,0x202020ff,0x1f1f20ff,0x1f1f1fff,0x1f1e1eff,0x1d1e1dff,0x1c1d1dff,0x1c1c1bff,0x1b1c1cff,0x1b1a1aff,0x1a1a1aff,0x191919ff,0x181818ff,0x181717ff,0x161716ff,0x161515ff,0x151515ff,0x141414ff,0x131313ff,0x121212ff,0x111211ff,
0x101010ff,0x10100fff,0xe0f0fff,0xe0d0dff,0xc0c0cff,0xc0c0bff,0xa0b0aff,0x9090aff,0x80909ff,0x80808ff,0x70707ff,0x60606ff,0x50505ff,0x40404ff,0x30303ff,0x20202ff,0x10102ff,0xff,0xff,0xff,0x1ff,0xff,
0xff,0xff,0xff,0xff,0xff,0x1ff,0xff,0xff,0xff,0x10000ff,0x1ff,0xff,0x10000ff,0xff,0xff,0x10000ff,0xff,0xff,0xff,0xff,0xff,0x10000ff,
0xff,0xff,0xff,0xff,0xff,0xff,0x1ff,0xff,0xff,0xff,0xff,0xff,0xff,0x10000ff,0xff,0xff,0xff,0xff,0xff,0xff,0xff,0xff,
0xff,0xff,0xff,0xff,0xff,0xff,0xff,0x100ff,0xff,0x100ff,0xff,0xff,0xff,0xff,0xff,0x10000ff,0xff,0xff,0x100ff,0xff,0xff,0xff,
0x10000ff,0xff,0xff,0x10000ff,0xff,0xff,0x1ff,0xff,0xff,0x10000ff,0xff,0x10101ff,0x20202ff,0x30303ff,0x30403ff,0x50505ff,0x60606ff,0x70707ff,0x70808ff,0x90809ff,0x90a09ff,0xa0a0aff,
0xc0c0cff,0xc0d0cff,0xd0e0dff,0xe0e0eff,0xf0f0fff,0x101010ff,0x111110ff,0x121111ff,0x121313ff,0x131314ff,0x151414ff,0x151515ff,0x161616ff,0x171617ff,0x181717ff,0x191818ff,0x191919ff,0x1a1a1aff,0x1b1b1aff,0x1b1b1bff,0x1c1c1cff,0x1d1d1cff,
0x1e1e1eff,0x1e1e1eff,0x1f1f1fff,0x202020ff,0x202020ff,0x212121ff,0x222221ff,0x232222ff,0x232323ff,0x242423ff,0x242424ff,0x252625ff,0x262626ff,0x262726ff,0x272727ff,0x272727ff,0x282827ff,0x282829ff,0x292928ff,0x292a2aff,0x2a2a2aff,0x2b2a2aff,
0x2b2b2bff,0x2c2c2bff,0x2c2c2cff,0x2c2d2cff,0x2d2c2cff,0x2d2d2dff,0x2e2e2dff,0x2e2e2eff,0x2f2e2eff,0x2f2f2fff,0x2f2e2eff,0x2f2f2fff,0x303030ff,0x30302fff,0x303030ff,0x313030ff,0x313131ff,0x313131ff,0x323131ff,0x313131ff,0x323131ff,0x313232ff,
0x323232ff,0x323132ff,0x323232ff,0x333332ff,0x323332ff,0x323232ff,0x333233ff,0x333332ff,0x323333ff,0x323232ff,0x333332ff,0x323332ff,0x323332ff,0x333332ff,0x323232ff,0x323232ff,0x323232ff,0x323232ff,0x313231ff,0x323131ff,0x323131ff,0x323131ff,
0x313131ff,0x313130ff,0x313031ff,0x303030ff,0x303030ff,0x302f30ff,0x303030ff,0x2f302fff,0x2f2f2fff,0x2f2f2eff,0x2e2e2eff,0x2e2e2eff,0x2d2e2eff,0x2d2e2dff,0x2d2d2cff,0x2d2c2dff,0x2c2c2cff,0x2b2b2bff,0x2b2b2bff,0x2a2b2aff,0x2a2a2aff,0x2a2a29ff,
0x292929ff,0x292929ff,0x282828ff,0x272827ff,0x272727ff,0x272726ff,0x252625ff,0x252525ff,0x252424ff,0x242423ff,0x232323ff,0x222322ff,0x222122ff,0x212121ff,0x202120ff,0x201f1fff,0x1f1f1fff,0x1f1f1eff,0x1e1e1eff,0x1c1d1dff,0x1d1c1cff,0x1b1b1cff,
0x1b1b1aff,0x1a1a1aff,0x191919ff,0x181918ff,0x181818ff,0x161716ff,0x161616ff,0x151515ff,0x141415ff,0x141313ff,0x131312ff,0x121212ff,0x111111ff,0x101010ff,0xf0f0fff,0xe0e0eff,0xd0d0dff,0xc0c0cff,0xc0b0bff,0xa0a0aff,0xa090aff,0x80808ff,
0x80808ff,0x70707ff,0x60606ff,0x50505ff,0x40304ff,0x30303ff,0x10202ff,0x10101ff,0xff,0x100ff,0x100ff,0xff,0xff,0xff,0xff,0xff,0xff,0xff,0xff,0xff,0xff,0xff,
0xff,0x10000ff,0xff,0xff,0x100ff,0xff,0x100ff,0xff,0x101ff,0xff,0x100ff,0x10000ff,0xff,0xff,0xff,0xff,0xff,0x100ff,0xff,0xff,0xff,0xff,
0xff,0xff,0xff,0xff,0xff,0xff,0xff,0x100ff,0xff,0xff,0x100ff,0xff,0xff,0xff,0xff,0xff,0xff,0xff,0xff,0xff,0xff,0xff,
0xff,0xff,0x100ff,0xff,0x1ff,0xff,0xff,0x10000ff,0x1ff,0x1ff,0x100ff,0xff,0xff,0xff,0xff,0xff,0xff,0xff,0xff,0xff,0x10000ff,0xff,
0x100ff,0xff,0xff,0x1ff,0x101ff,0x20202ff,0x30303ff,0x40404ff,0x40505ff,0x60605ff,0x70707ff,0x70707ff,0x90908ff,0xa0909ff,0xa0b0aff,0xb0b0bff,0xc0c0cff,0xd0d0dff,0xe0e0eff,0xf0f0fff,0x100f10ff,0x111110ff,
0x121212ff,0x131312ff,0x131313ff,0x141414ff,0x141515ff,0x151515ff,0x171616ff,0x181817ff,0x181818ff,0x191919ff,0x1a1919ff,0x1b1a1aff,0x1b1b1bff,0x1b1b1cff,0x1c1c1cff,0x1d1d1dff,0x1e1e1eff,0x1e1e1fff,0x1f1f1fff,0x202020ff,0x202120ff,0x212121ff,
0x222222ff,0x222322ff,0x232323ff,0x242424ff,0x242424ff,0x252525ff,0x262626ff,0x262626ff,0x272727ff,0x272727ff,0x282728ff,0x282828ff,0x282828ff,0x292929ff,0x29292aff,0x2a2a2aff,0x2a2a2aff,0x2b2b2bff,0x2b2b2bff,0x2c2b2cff,0x2c2c2cff,0x2c2d2cff,
0x2d2d2cff,0x2d2d2dff,0x2e2d2eff,0x2e2e2eff,0x2e2e2dff,0x2f2e2eff,0x2f2f2fff,0x2f2f2eff,0x2f2f2fff,0x302f30ff,0x2f2f2fff,0x303030ff,0x303030ff,0x303030ff,0x313130ff,0x303031ff,0x303130ff,0x303130ff,0x303130ff,0x303131ff,0x313131ff,0x313130ff,
0x313131ff,0x303131ff,0x303131ff,0x313130ff,0x313131ff,0x313031ff,0x313130ff,0x313030ff,0x303031ff,0x303130ff,0x313030ff,0x303130ff,0x303030ff,0x30302fff,0x302f2fff,0x30302fff,0x2f2f2fff,0x2f2f2eff,0x2f2f2eff,0x2f2e2eff,0x2f2e2eff,0x2e2e2eff,
0x2d2d2dff,0x2d2e2dff,0x2c2d2cff,0x2d2c2cff,0x2c2c2cff,0x2b2c2cff,0x2b2b2bff,0x2b2b2bff,0x2b2a2aff,0x2a2a2aff,0x2a2929ff,0x292928ff,0x282929ff,0x282828ff,0x282727ff,0x272827ff,0x272627ff,0x262626ff,0x252525ff,0x252524ff,0x242425ff,0x232423ff,
0x232323ff,0x222322ff,0x222222ff,0x212121ff,0x202120ff,0x20201fff,0x1f1f20ff,0x1f1e1eff,0x1e1e1eff,0x1e1d1dff,0x1c1c1cff,0x1c1c1cff,0x1b1b1bff,0x1a1a1aff,0x1a1a1aff,0x191819ff,0x181818ff,0x171717ff,0x161716ff,0x161615ff,0x141514ff,0x141413ff,
0x131313ff,0x121212ff,0x121212ff,0x111010ff,0xf0f0fff,0xe0f0fff,0xe0e0eff,0xd0d0dff,0xc0c0cff,0xb0b0bff,0xb0b0aff,0xa090aff,0x80808ff,0x80807ff,0x70707ff,0x50605ff,0x50505ff,0x40404ff,0x30303ff,0x20202ff,0x10101ff,0xff,
0xff,0x1ff,0xff,0x10000ff,0xff,0xff,0x100ff,0xff,0xff,0xff,0x1ff,0x100ff,0xff,0xff,0x10000ff,0xff,0xff,0x100ff,0xff,0x100ff,0xff,0xff,
0xff,0xff,0xff,0xff,0x10000ff,0xff,0xff,0xff,0xff,0xff,0xff,0xff,0xff,0xff,0xff,0xff,0xff,0x1ff,0x10000ff,0x100ff,0xff,0xff,
0xff,0xff,0x1ff,0xff,0xff,0xff,0xff,0xff,0xff,0xff,0xff,0x100ff,0xff,0xff,0x101ff,0x10000ff,0x10000ff,0xff,0x100ff,0xff,0xff,0xff,
0xff,0xff,0x10000ff,0xff,0xff,0xff,0xff,0xff,0xff,0xff,0xff,0x10000ff,0xff,0xff,0xff,0x10000ff,0xff,0xff,0xff,0x10100ff,0x20102ff,0x20303ff,
0x30403ff,0x40504ff,0x60605ff,0x70706ff,0x70807ff,0x80908ff,0x90a09ff,0xa0a0aff,0xb0b0bff,0xc0b0cff,0xd0c0dff,0xd0d0eff,0xe0e0eff,0xf0f10ff,0x111010ff,0x111111ff,0x121212ff,0x121212ff,0x131413ff,0x141414ff,0x151515ff,0x161616ff,
0x171717ff,0x181717ff,0x181819ff,0x191919ff,0x1a1919ff,0x1b1a1aff,0x1b1b1bff,0x1c1c1cff,0x1d1c1dff,0x1d1d1dff,0x1e1d1eff,0x1e1e1eff,0x1f1f1fff,0x202020ff,0x202020ff,0x212121ff,0x222221ff,0x222322ff,0x232322ff,0x232323ff,0x242424ff,0x252524ff,
0x252525ff,0x262625ff,0x262626ff,0x262727ff,0x272727ff,0x282828ff,0x282828ff,0x292829ff,0x292929ff,0x2a2a29ff,0x2a2a2aff,0x2a2b2aff,0x2b2a2aff,0x2b2b2bff,0x2c2b2bff,0x2c2b2bff,0x2c2c2cff,0x2c2c2cff,0x2c2d2dff,0x2d2d2dff,0x2d2d2dff,0x2e2d2dff,
0x2e2e2dff,0x2e2e2eff,0x2f2e2dff,0x2e2e2eff,0x2f2e2eff,0x2f2f2fff,0x2f2e2fff,0x2f2f2fff,0x2f2f2fff,0x2f2f2eff,0x2f2f2fff,0x2f2f2fff,0x2f302fff,0x30302fff,0x2f2f2fff,0x2f302fff,0x2f2f2fff,0x2f2f30ff,0x302f30ff,0x2f2f2fff,0x2f2f2fff,0x2f2f2fff,
0x2f2f2fff,0x2f2f2fff,0x2f2f2eff,0x2e2f2eff,0x2e2e2eff,0x2f2f2eff,0x2f2e2eff,0x2e2e2eff,0x2d2d2dff,0x2e2e2dff,0x2d2d2dff,0x2c2d2dff,0x2d2d2dff,0x2c2d2dff,0x2c2c2cff,0x2b2b2cff,0x2b2b2bff,0x2b2b2bff,0x2b2b2bff,0x2b2a2aff,0x2a2a29ff,0x2a2a29ff,
0x292929ff,0x292829ff,0x292928ff,0x272827ff,0x272727ff,0x272727ff,0x272626ff,0x262626ff,0x252525ff,0x242525ff,0x242424ff,0x232323ff,0x232322ff,0x222223ff,0x222221ff,0x212121ff,0x212121ff,0x20201fff,0x1f1f20ff,0x1f1f1eff,0x1d1e1dff,0x1d1d1dff,
0x1c1d1dff,0x1c1c1cff,0x1b1b1bff,0x1a1a1aff,0x1a1a1aff,0x191918ff,0x181818ff,0x181718ff,0x171717ff,0x161616ff,0x151615ff,0x141414ff,0x131313ff,0x131312ff,0x111212ff,0x111111ff,0x101010ff,0x100f0fff,0xe0f0eff,0xd0e0eff,0xd0d0dff,0xc0c0cff,
0xb0b0bff,0xa0a0aff,0x90a09ff,0x80908ff,0x70708ff,0x70607ff,0x50606ff,0x40405ff,0x30304ff,0x30302ff,0x20202ff,0x10001ff,0x1ff,0xff,0xff,0xff,0xff,0xff,0xff,0xff,0x10000ff,0xff,
0xff,0xff,0x1ff,0xff,0xff,0xff,0x100ff,0xff,0x1ff,0xff,0xff,0x100ff,0xff,0xff,0x100ff,0xff,0xff,0xff,0xff,0xff,0xff,0x10000ff,
0xff,0xff,0xff,0xff,0xff,0xff,0xff,0xff,0xff,0xff,0xff,0x1ff,0xff,0xff,0x10000ff,0x100ff,0xff,0xff,0xff,0xff,0xff,0xff,
0xff,0xff,0xff,0xff,0xff,0x10001ff,0xff,0xff,0x10000ff,0xff,0xff,0xff,0xff,0xff,0xff,0x1ff,0xff,0xff,0xff,0xff,0x1ff,0xff,
0x100ff,0xff,0xff,0xff,0x1ff,0xff,0x100ff,0x10000ff,0xff,0xff,0xff,0xff,0x10100ff,0x10101ff,0x20203ff,0x30304ff,0x40504ff,0x50505ff,0x60606ff,0x70708ff,0x80808ff,0x90808ff,
0xa0a09ff,0xb0b0aff,0xb0c0cff,0xc0c0cff,0xd0d0eff,0xe0e0eff,0xf0f0fff,0x100f10ff,0x101110ff,0x121112ff,0x121212ff,0x141313ff,0x131414ff,0x151515ff,0x161616ff,0x161616ff,0x171617ff,0x181818ff,0x181919ff,0x191919ff,0x1a1a1aff,0x1b1a1bff,
0x1b1b1bff,0x1b1c1cff,0x1d1c1cff,0x1e1d1eff,0x1e1e1eff,0x1f1f1eff,0x1f1f1fff,0x1f2020ff,0x212021ff,0x212121ff,0x222221ff,0x232222ff,0x232323ff,0x242323ff,0x242424ff,0x252424ff,0x252524ff,0x252525ff,0x262626ff,0x262626ff,0x272727ff,0x272727ff,
0x282827ff,0x282827ff,0x292929ff,0x282929ff,0x292929ff,0x2a2a29ff,0x2a2a2aff,0x2b2a2aff,0x2a2b2aff,0x2b2b2aff,0x2c2b2bff,0x2c2c2bff,0x2c2c2bff,0x2c2c2bff,0x2d2c2cff,0x2c2c2cff,0x2d2d2cff,0x2d2c2dff,0x2d2d2dff,0x2d2d2dff,0x2d2e2dff,0x2d2e2dff,
0x2e2d2dff,0x2e2e2dff,0x2e2e2dff,0x2e2d2eff,0x2e2e2eff,0x2e2e2eff,0x2e2e2eff,0x2e2e2eff,0x2e2e2eff,0x2e2e2eff,0x2e2e2dff,0x2e2e2eff,0x2e2d2eff,0x2d2e2eff,0x2e2d2dff,0x2d2d2dff,0x2d2d2dff,0x2d2d2dff,0x2d2d2dff,0x2d2d2dff,0x2c2d2dff,0x2d2c2cff,
0x2c2c2cff,0x2c2c2cff,0x2c2c2cff,0x2c2b2bff,0x2b2c2bff,0x2b2b2bff,0x2b2a2bff,0x2a2a2bff,0x2a2a2aff,0x292929ff,0x2a2929ff,0x292829ff,0x282828ff,0x282828ff,0x282828ff,0x272727ff,0x272726ff,0x272626ff,0x262626ff,0x252625ff,0x242425ff,0x252524ff,
0x242423ff,0x232323ff,0x232223ff,0x222222ff,0x222221ff,0x212121ff,0x202121ff,0x202020ff,0x201f1fff,0x1f1f1eff,0x1e1e1eff,0x1d1d1dff,0x1c1c1dff,0x1c1c1bff,0x1b1b1cff,0x1b1a1bff,0x1a1a1aff,0x191919ff,0x181818ff,0x181818ff,0x161717ff,0x171616ff,
0x161615ff,0x151415ff,0x141414ff,0x131313ff,0x121213ff,0x111112ff,0x111110ff,0x101010ff,0xf0f0fff,0xe0e0eff,0xd0d0dff,0xc0c0cff,0xc0c0bff,0xb0b0aff,0xa0909ff,0x90909ff,0x80808ff,0x70707ff,0x70607ff,0x60505ff,0x40504ff,0x30304ff,
0x20202ff,0x10201ff,0xff,0xff,0xff,0xff,0xff,0xff,0xff,0x10000ff,0xff,0x1ff,0xff,0x1ff,0xff,0xff,0x100ff,0xff,0xff,0xff,0xff,0xff,
0xff,0xff,0xff,0xff,0xff,0xff,0xff,0x10000ff,0xff,0xff,0xff,0x10000ff,0xff,0xff,0x100ff,0x1ff,0xff,0xff,0xff,0xff,0x100ff,0xff,
0xff,0xff,0xff,0xff,0xff,0x10000ff,0xff,0xff,0x10000ff,0xff,0xff,0xff,0xff,0xff,0xff,0x10000ff,0xff,0xff,0xff,0xff,0xff,0xff,
0xff,0xff,0x100ff,0xff,0x100ff,0x10000ff,0xff,0xff,0xff,0xff,0xff,0xff,0xff,0xff,0xff,0xff,0x1ff,0xff,0xff,0xff,0x10000ff,0xff,
0xff,0xff,0xff,0xff,0xff,0x100ff,0x20101ff,0x30202ff,0x30403ff,0x40404ff,0x50505ff,0x60606ff,0x70607ff,0x80708ff,0x90909ff,0xa0a09ff,0xa0a0aff,0xb0b0bff,0xc0c0cff,0xd0d0dff,0xe0e0eff,0xf0f0fff,
0xf0f0fff,0x101010ff,0x111111ff,0x121112ff,0x131212ff,0x131313ff,0x151414ff,0x151414ff,0x161516ff,0x171616ff,0x171717ff,0x171818ff,0x181818ff,0x191919ff,0x1a1a1aff,0x1b1b1bff,0x1b1b1bff,0x1c1b1cff,0x1d1d1dff,0x1d1e1dff,0x1e1e1eff,0x1e1e1eff,
0x1f1f1fff,0x1f201fff,0x202120ff,0x212120ff,0x212121ff,0x222121ff,0x232222ff,0x232323ff,0x242423ff,0x242424ff,0x242424ff,0x252425ff,0x252625ff,0x262625ff,0x262626ff,0x272726ff,0x272727ff,0x282728ff,0x272727ff,0x282828ff,0x282829ff,0x292929ff,
0x292928ff,0x2a2929ff,0x2a2a29ff,0x2a2a2aff,0x2a2b2aff,0x2a2a2bff,0x2b2a2bff,0x2b2b2aff,0x2c2c2bff,0x2b2c2bff,0x2c2b2bff,0x2c2b2bff,0x2c2c2bff,0x2c2b2cff,0x2c2c2cff,0x2c2c2cff,0x2c2c2cff,0x2c2c2cff,0x2c2c2cff,0x2d2c2dff,0x2d2d2cff,0x2c2c2cff,
0x2c2c2cff,0x2d2d2cff,0x2d2c2cff,0x2c2c2cff,0x2c2c2cff,0x2c2c2cff,0x2c2c2cff,0x2c2c2cff,0x2c2c2cff,0x2c2c2bff,0x2c2b2bff,0x2b2b2bff,0x2b2b2bff,0x2b2b2bff,0x2b2a2bff,0x2b2a2aff,0x2a2a2aff,0x2a2a2aff,0x2a2a29ff,0x2a2929ff,0x292929ff,0x282929ff,
0x282828ff,0x282828ff,0x282828ff,0x272727ff,0x272726ff,0x262726ff,0x262626ff,0x262626ff,0x252526ff,0x252525ff,0x252424ff,0x242424ff,0x242423ff,0x232323ff,0x222222ff,0x222222ff,0x222221ff,0x212120ff,0x202020ff,0x1f1f1fff,0x1f1f1fff,0x1e1e1fff,
0x1d1e1eff,0x1e1e1dff,0x1d1d1cff,0x1c1c1cff,0x1b1b1bff,0x1b1a1aff,0x1a1a19ff,0x191919ff,0x191818ff,0x181818ff,0x171717ff,0x171617ff,0x161616ff,0x151515ff,0x141414ff,0x131314ff,0x121213ff,0x121211ff,0x111111ff,0x101110ff,0xf0f10ff,0xf0f0eff,
0xe0e0dff,0xd0d0dff,0xc0c0cff,0xb0b0bff,0xb0b0bff,0xa0a09ff,0x90809ff,0x70808ff,0x70707ff,0x60606ff,0x50505ff,0x40404ff,0x30303ff,0x20203ff,0x20101ff,0x100ff,0xff,0xff,0x100ff,0x100ff,0xff,0xff,
0x101ff,0xff,0xff,0xff,0xff,0x100ff,0x10000ff,0xff,0xff,0xff,0xff,0xff,0xff,0xff,0xff,0x10000ff,0xff,0xff,0x100ff,0xff,0xff,0xff,
0xff,0xff,0x10000ff,0xff,0xff,0xff,0xff,0xff,0x10000ff,0xff,0xff,0xff,0xff,0xff,0xff,0x10000ff,0xff,0xff,0xff,0xff,0xff,0xff,
0xff,0xff,0xff,0x100ff,0xff,0xff,0xff,0xff,0xff,0xff,0xff,0x10000ff,0xff,0x1ff,0xff,0xff,0xff,0xff,0xff,0xff,0xff,0xff,
0x10000ff,0xff,0xff,0xff,0x10000ff,0xff,0x10100ff,0x1ff,0xff,0xff,0x1ff,0xff,0x10000ff,0xff,0xff,0xff,0xff,0xff,0xff,0xff,0x101ff,0x10201ff,
0x20202ff,0x30303ff,0x30404ff,0x50505ff,0x50605ff,0x70606ff,0x80707ff,0x90908ff,0x90909ff,0xa0a0aff,0xb0b0bff,0xc0c0cff,0xc0c0cff,0xd0d0dff,0xe0e0eff,0xf0f0fff,0xf1010ff,0x111011ff,0x111112ff,0x121212ff,0x131313ff,0x131413ff,
0x151415ff,0x151515ff,0x161615ff,0x171716ff,0x171717ff,0x181818ff,0x181819ff,0x191a19ff,0x1a1a1aff,0x1b1b1bff,0x1b1b1bff,0x1c1c1bff,0x1c1c1cff,0x1d1d1dff,0x1e1e1eff,0x1e1e1eff,0x1f1f1fff,0x1f1f1fff,0x202020ff,0x212020ff,0x212120ff,0x212121ff,
0x222222ff,0x232222ff,0x232322ff,0x232324ff,0x242424ff,0x242425ff,0x242524ff,0x252525ff,0x262526ff,0x262625ff,0x272626ff,0x262726ff,0x272726ff,0x272727ff,0x282828ff,0x282828ff,0x282829ff,0x292828ff,0x292929ff,0x292929ff,0x292929ff,0x292a2aff,
0x2a2929ff,0x2a2a29ff,0x2a2a29ff,0x2a2b2aff,0x2b2a2aff,0x2a2a2aff,0x2b2a2aff,0x2a2b2aff,0x2b2b2aff,0x2b2b2aff,0x2b2b2bff,0x2b2b2aff,0x2b2b2aff,0x2b2b2bff,0x2b2a2aff,0x2a2b2bff,0x2b2b2bff,0x2b2a2bff,0x2b2a2bff,0x2b2b2aff,0x2a2a2aff,0x2b2b2aff,
0x2a2a2aff,0x2a2a2aff,0x2a2a2aff,0x2a2a2aff,0x2a2a2aff,0x2a2a2aff,0x292929ff,0x292929ff,0x282928ff,0x282929ff,0x292829ff,0x282827ff,0x282727ff,0x272827ff,0x272727ff,0x272727ff,0x272626ff,0x262626ff,0x262626ff,0x252625ff,0x242524ff,0x242424ff,
0x232424ff,0x232324ff,0x232323ff,0x232322ff,0x222222ff,0x212121ff,0x212121ff,0x202020ff,0x20201fff,0x201f1fff,0x1f1f1fff,0x1e1e1eff,0x1d1d1eff,0x1d1d1dff,0x1d1d1cff,0x1c1c1cff,0x1b1b1bff,0x1a1a1bff,0x1a1a1aff,0x191919ff,0x191819ff,0x181818ff,
0x181717ff,0x161616ff,0x161615ff,0x151515ff,0x141514ff,0x131313ff,0x131313ff,0x121212ff,0x111111ff,0x101011ff,0x100f10ff,0xf0f0fff,0xe0f0fff,0xe0d0dff,0xd0c0cff,0xc0c0cff,0xa0b0bff,0xb0a0aff,0x9090aff,0x80808ff,0x70708ff,0x60706ff,
0x60606ff,0x50504ff,0x40304ff,0x30303ff,0x20202ff,0x10102ff,0xff,0xff,0xff,0xff,0xff,0xff,0xff,0xff,0xff,0x10100ff,0x1ff,0xff,0xff,0xff,0xff,0xff,
0xff,0xff,0xff,0xff,0xff,0x10000ff,0xff,0xff,0x10000ff,0xff,0x100ff,0xff,0xff,0xff,0xff,0xff,0xff,0xff,0xff,0xff,0x1ff,0x100ff,
0xff,0x100ff,0xff,0xff,0xff,0x10001ff,0xff,0xff,0xff,0x100ff,0xff,0xff,0xff,0x10000ff,0xff,0xff,0x10000ff,0xff,0xff,0xff,0xff,0xff,
0xff,0x100ff,0xff,0x100ff,0x1ff,0xff,0xff,0xff,0xff,0xff,0x1ff,0xff,0xff,0xff,0xff,0xff,0xff,0xff,0x100ff,0xff,0xff,0xff,
0x100ff,0xff,0xff,0xff,0xff,0x1ff,0xff,0xff,0xff,0xff,0xff,0xff,0xff,0x1ff,0x10100ff,0x10202ff,0x30303ff,0x40403ff,0x40404ff,0x50605ff,0x60606ff,0x70707ff,
0x80808ff,0x90909ff,0xa0a0aff,0xa0b0aff,0xb0b0bff,0xc0c0cff,0xd0d0dff,0xd0e0eff,0xe0f0eff,0xf0f10ff,0x101010ff,0x111111ff,0x111211ff,0x131213ff,0x131313ff,0x141413ff,0x151414ff,0x151515ff,0x161616ff,0x171616ff,0x181717ff,0x181718ff,
0x191819ff,0x191919ff,0x1a1919ff,0x1b1a1bff,0x1b1b1bff,0x1b1c1bff,0x1c1c1cff,0x1c1d1cff,0x1e1e1dff,0x1e1e1eff,0x1e1e1fff,0x1f1f1fff,0x201f20ff,0x202020ff,0x202021ff,0x212121ff,0x212121ff,0x222222ff,0x222222ff,0x232323ff,0x232423ff,0x242424ff,
0x242424ff,0x242525ff,0x252525ff,0x252525ff,0x252626ff,0x262526ff,0x272626ff,0x272727ff,0x272726ff,0x272727ff,0x282727ff,0x272727ff,0x272827ff,0x282828ff,0x282828ff,0x282829ff,0x292929ff,0x282928ff,0x292928ff,0x292929ff,0x2a2929ff,0x292a29ff,
0x292929ff,0x292929ff,0x292929ff,0x2a2a29ff,0x2a2a29ff,0x2a292aff,0x292a29ff,0x2a2a29ff,0x2a2929ff,0x292929ff,0x2a2929ff,0x292929ff,0x292929ff,0x292929ff,0x292928ff,0x292828ff,0x292928ff,0x282829ff,0x292928ff,0x282828ff,0x282828ff,0x282728ff,
0x282727ff,0x272727ff,0x262626ff,0x272727ff,0x262626ff,0x252626ff,0x262526ff,0x252625ff,0x252425ff,0x252525ff,0x242424ff,0x242423ff,0x242423ff,0x232323ff,0x222323ff,0x222222ff,0x222222ff,0x212121ff,0x212021ff,0x202120ff,0x1f201fff,0x1f1f1fff,
0x1f1f1fff,0x1e1e1eff,0x1e1d1eff,0x1d1d1dff,0x1d1c1cff,0x1b1c1bff,0x1b1b1bff,0x1a1a1bff,0x1a1a1aff,0x191919ff,0x191918ff,0x181817ff,0x171718ff,0x161617ff,0x151616ff,0x161515ff,0x141415ff,0x141414ff,0x131313ff,0x121212ff,0x121111ff,0x111111ff,
0x101010ff,0xf100fff,0xf0e0fff,0xe0e0eff,0xd0d0dff,0xc0c0cff,0xc0b0bff,0xb0b0bff,0xa0a0aff,0x90809ff,0x80708ff,0x70707ff,0x70706ff,0x50505ff,0x50404ff,0x40304ff,0x30303ff,0x10202ff,0x10101ff,0xff,0xff,0xff,
0xff,0xff,0xff,0x100ff,0xff,0x10100ff,0xff,0x1ff,0xff,0xff,0x100ff,0xff,0xff,0xff,0xff,0xff,0x1ff,0xff,0xff,0xff,0xff,0xff,
0xff,0xff,0xff,0xff,0x100ff,0x10000ff,0xff,0xff,0x100ff,0xff,0xff,0xff,0x10001ff,0xff,0xff,0xff,0x10000ff,0xff,0xff,0xff,0xff,0xff,
0xff,0xff,0xff,0xff,0xff,0xff,0xff,0xff,0xff,0x10000ff,0xff,0xff,0xff,0xff,0xff,0xff,0xff,0xff,0x100ff,0xff,0xff,0xff,
0xff,0xff,0xff,0xff,0xff,0xff,0xff,0xff,0xff,0xff,0xff,0xff,0xff,0xff,0xff,0xff,0xff,0xff,0xff,0xff,0x100ff,0x10000ff,
0xff,0xff,0xff,0xff,0xff,0x100ff,0xff,0x10101ff,0x20202ff,0x20303ff,0x40304ff,0x40404ff,0x50505ff,0x50606ff,0x70707ff,0x80808ff,0x90808ff,0x90a09ff,0xa0a0aff,0xb0b0bff,0xb0c0cff,0xd0d0cff,
0xd0d0eff,0xe0e0eff,0xf0f0fff,0x101010ff,0x101010ff,0x111111ff,0x121212ff,0x131212ff,0x141313ff,0x141414ff,0x151515ff,0x151515ff,0x161616ff,0x161717ff,0x181717ff,0x181818ff,0x191918ff,0x191919ff,0x19191aff,0x1b1a1bff,0x1b1b1bff,0x1b1b1cff,
0x1c1c1cff,0x1d1d1cff,0x1d1d1dff,0x1d1d1eff,0x1e1e1eff,0x1f1f1fff,0x1f1f1fff,0x1f201fff,0x202020ff,0x202120ff,0x212221ff,0x212221ff,0x222221ff,0x222322ff,0x222223ff,0x232323ff,0x232423ff,0x242423ff,0x242424ff,0x242524ff,0x252524ff,0x262525ff,
0x252525ff,0x252625ff,0x262626ff,0x262626ff,0x272627ff,0x272626ff,0x262726ff,0x272726ff,0x272727ff,0x282827ff,0x282727ff,0x272828ff,0x282728ff,0x282727ff,0x282827ff,0x282827ff,0x282828ff,0x282828ff,0x282828ff,0x282828ff,0x282828ff,0x282828ff,
0x282828ff,0x282828ff,0x282828ff,0x272828ff,0x272827ff,0x282727ff,0x282727ff,0x272727ff,0x282727ff,0x272727ff,0x272627ff,0x262626ff,0x262726ff,0x262626ff,0x262626ff,0x252625ff,0x252525ff,0x252525ff,0x252525ff,0x242524ff,0x252424ff,0x242323ff,
0x232323ff,0x232323ff,0x232322ff,0x232222ff,0x222222ff,0x212121ff,0x212121ff,0x212120ff,0x202120ff,0x202020ff,0x1f1f20ff,0x1f1f1eff,0x1f1e1eff,0x1e1d1eff,0x1d1e1dff,0x1c1d1dff,0x1c1c1cff,0x1c1c1bff,0x1b1b1bff,0x1a1a1aff,0x1a1a19ff,0x191919ff,
0x181818ff,0x181818ff,0x181717ff,0x171716ff,0x161616ff,0x151615ff,0x151514ff,0x141414ff,0x131313ff,0x131313ff,0x121212ff,0x111111ff,0x101110ff,0xf0f0fff,0xf0f0fff,0xe0e0eff,0xd0d0eff,0xd0d0dff,0xc0b0cff,0xa0b0bff,0xa0a0aff,0x90909ff,
0x90909ff,0x80708ff,0x70707ff,0x60606ff,0x50505ff,0x40404ff,0x40403ff,0x30202ff,0x20102ff,0x10100ff,0xff,0x10000ff,0xff,0xff,0x1ff,0x100ff,0x1ff,0xff,0x10000ff,0xff,0xff,0x1ff,
0xff,0x10000ff,0xff,0xff,0xff,0xff,0xff,0x10000ff,0xff,0xff,0xff,0xff,0xff,0x10000ff,0x10001ff,0xff,0xff,0xff,0xff,0xff,0x100ff,0xff,
0xff,0xff,0x100ff,0x10000ff,0xff,0x10000ff,0xff,0x1ff,0xff,0xff,0xff,0x1ff,0x10000ff,0xff,0xff,0x100ff,0xff,0xff,0xff,0xff,0xff,0xff,
0xff,0xff,0x10001ff,0xff,0xff,0xff,0xff,0x10000ff,0xff,0xff,0xff,0xff,0xff,0xff,0x100ff,0xff,0x1ff,0xff,0xff,0xff,0xff,0xff,
0x100ff,0xff,0xff,0xff,0xff,0xff,0xff,0x100ff,0x1ff,0xff,0xff,0xff,0xff,0xff,0xff,0xff,0xff,0xff,0xff,0xff,0xff,0xff,
0x1ff,0x10101ff,0x20203ff,0x30303ff,0x40404ff,0x50504ff,0x50605ff,0x70606ff,0x70708ff,0x80808ff,0x80909ff,0xa0a0aff,0xa0a0aff,0xb0b0bff,0xc0c0cff,0xd0d0dff,0xd0d0dff,0xf0e0fff,0xf0f0fff,0x101010ff,0x111010ff,0x111111ff,
0x121211ff,0x131312ff,0x131413ff,0x141414ff,0x141515ff,0x161515ff,0x161616ff,0x171717ff,0x171718ff,0x181717ff,0x181818ff,0x191919ff,0x191919ff,0x1a1b1aff,0x1a1b1aff,0x1b1b1bff,0x1c1c1bff,0x1d1d1cff,0x1d1c1dff,0x1d1d1dff,0x1e1d1eff,0x1f1e1eff,
0x1f1f1fff,0x1f201fff,0x1f2020ff,0x202020ff,0x212120ff,0x212121ff,0x212121ff,0x212121ff,0x222222ff,0x222222ff,0x222323ff,0x232323ff,0x232324ff,0x242324ff,0x242324ff,0x242424ff,0x252424ff,0x252525ff,0x252525ff,0x252525ff,0x252525ff,0x252626ff,
0x252626ff,0x252626ff,0x262526ff,0x262626ff,0x262626ff,0x262626ff,0x262626ff,0x262726ff,0x272626ff,0x262726ff,0x262726ff,0x262727ff,0x272627ff,0x262626ff,0x262626ff,0x262627ff,0x272726ff,0x262626ff,0x262626ff,0x262626ff,0x262626ff,0x252525ff,
0x262625ff,0x252525ff,0x252625ff,0x252525ff,0x242525ff,0x242425ff,0x242525ff,0x242424ff,0x242323ff,0x232423ff,0x232423ff,0x232323ff,0x222322ff,0x232322ff,0x222222ff,0x222122ff,0x212121ff,0x212120ff,0x212120ff,0x202020ff,0x20201fff,0x1f1f1fff,
0x1e1f1fff,0x1f1e1eff,0x1e1e1eff,0x1e1d1dff,0x1d1d1dff,0x1c1c1cff,0x1c1b1bff,0x1b1b1bff,0x1b1b1aff,0x1a1b1aff,0x1a1a19ff,0x191919ff,0x181818ff,0x181817ff,0x171817ff,0x171716ff,0x161616ff,0x151615ff,0x141515ff,0x141414ff,0x141314ff,0x121213ff,
0x111212ff,0x111211ff,0x111111ff,0x101010ff,0xf0f0fff,0xe0e0eff,0xd0d0eff,0xd0d0dff,0xc0c0cff,0xb0b0bff,0xa0a0bff,0x90a0aff,0x80809ff,0x80808ff,0x70808ff,0x60606ff,0x50606ff,0x50504ff,0x40404ff,0x30303ff,0x20202ff,0x10201ff,
0x100ff,0x10000ff,0xff,0xff,0xff,0xff,0xff,0xff,0xff,0x1ff,0xff,0xff,0xff,0xff,0xff,0xff,0x10000ff,0xff,0xff,0xff,0x100ff,0xff,
0xff,0xff,0xff,0xff,0xff,0xff,0x10000ff,0xff,0x100ff,0xff,0xff,0xff,0xff,0x100ff,0xff,0xff,0xff,0xff,0xff,0xff,0xff,0xff,
0xff,0xff,0xff,0x10100ff,0xff,0xff,0xff,0xff,0xff,0xff,0xff,0xff,0xff,0xff,0xff,0x10000ff,0xff,0xff,0xff,0xff,0xff,0x10000ff,
0xff,0xff,0xff,0xff,0xff,0xff,0xff,0xff,0xff,0xff,0xff,0xff,0x1ff,0xff,0x100ff,0xff,0xff,0xff,0xff,0xff,0xff,0xff,
0xff,0x10000ff,0xff,0xff,0x100ff,0xff,0xff,0xff,0xff,0xff,0xff,0xff,0xff,0xff,0xff,0xff,0x101ff,0x10101ff,0x20203ff,0x40303ff,0x40405ff,0x50506ff,
0x60606ff,0x70607ff,0x80708ff,0x80809ff,0x90a0aff,0xa0a0aff,0xb0b0bff,0xb0c0cff,0xd0d0cff,0xd0d0dff,0xe0d0dff,0xe0e0eff,0x100f10ff,0x101010ff,0x111111ff,0x111112ff,0x121211ff,0x121212ff,0x141313ff,0x141414ff,0x141415ff,0x151515ff,
0x161616ff,0x161716ff,0x171717ff,0x171718ff,0x181818ff,0x191918ff,0x1a1a19ff,0x1a1a19ff,0x1b1a1aff,0x1b1b1bff,0x1c1c1cff,0x1c1c1cff,0x1c1c1cff,0x1c1c1cff,0x1d1e1dff,0x1e1e1eff,0x1e1e1eff,0x1f1e1fff,0x1f1f1fff,0x1f1f1fff,0x1f2020ff,0x212020ff,
0x202020ff,0x202121ff,0x212122ff,0x222221ff,0x222122ff,0x222222ff,0x232223ff,0x232223ff,0x222323ff,0x232323ff,0x232324ff,0x232424ff,0x232423ff,0x242424ff,0x242524ff,0x252424ff,0x242425ff,0x242424ff,0x252524ff,0x242524ff,0x252424ff,0x252524ff,
0x252524ff,0x252524ff,0x252525ff,0x252525ff,0x252524ff,0x252525ff,0x252525ff,0x252525ff,0x252524ff,0x242525ff,0x242524ff,0x242424ff,0x242524ff,0x242524ff,0x242424ff,0x242424ff,0x232424ff,0x232324ff,0x232323ff,0x232323ff,0x222323ff,0x222223ff,
0x222222ff,0x222222ff,0x222222ff,0x212222ff,0x222221ff,0x212120ff,0x212120ff,0x202120ff,0x20201fff,0x1f201fff,0x1f1f1fff,0x1e1f1fff,0x1e1e1eff,0x1d1e1eff,0x1d1d1eff,0x1d1d1dff,0x1d1c1cff,0x1c1c1cff,0x1c1c1bff,0x1b1b1bff,0x1b1a1aff,0x1a1a1aff,
0x191919ff,0x191819ff,0x191918ff,0x181818ff,0x171717ff,0x161617ff,0x161616ff,0x151515ff,0x141514ff,0x141414ff,0x131414ff,0x121313ff,0x121212ff,0x111212ff,0x101011ff,0x101010ff,0xf0f10ff,0xe0f0fff,0xe0e0eff,0xd0d0dff,0xc0c0cff,0xb0b0bff,
0xb0b0bff,0xa0a0aff,0x90909ff,0x90808ff,0x80707ff,0x70606ff,0x60606ff,0x50505ff,0x40505ff,0x40304ff,0x30303ff,0x20202ff,0x10101ff,0xff,0xff,0xff,0xff,0xff,0xff,0xff,0xff,0xff,
0xff,0x100ff,0xff,0x101ff,0xff,0xff,0xff,0xff,0xff,0xff,0x100ff,0xff,0xff,0xff,0x1ff,0xff,0xff,0xff,0xff,0xff,0x100ff,0xff,
0xff,0xff,0xff,0xff,0xff,0x1ff,0xff,0xff,0xff,0xff,0xff,0xff,0xff,0xff,0x1ff,0xff,0xff,0xff,0xff,0xff,0xff,0xff,
0xff,0xff,0x1ff,0xff,0xff,0xff,0xff,0x100ff,0xff,0xff,0xff,0xff,0xff,0xff,0xff,0xff,0xff,0xff,0xff,0xff,0xff,0x1ff,
0xff,0xff,0x1ff,0x10000ff,0xff,0xff,0x1ff,0xff,0xff,0xff,0x10000ff,0xff,0x1ff,0xff,0xff,0xff,0x1ff,0xff,0xff,0x10000ff,0xff,0x10000ff,
0xff,0xff,0xff,0x100ff,0xff,0xff,0xff,0xff,0xff,0x10100ff,0x10101ff,0x20202ff,0x30304ff,0x40404ff,0x40504ff,0x60506ff,0x70606ff,0x70807ff,0x70808ff,0x90808ff,0x90a0aff,0xa0b0aff,
0xa0b0bff,0xb0c0cff,0xc0c0cff,0xd0d0dff,0xe0e0eff,0xf0e0eff,0xf0f0fff,0x101010ff,0x111111ff,0x111111ff,0x121211ff,0x131312ff,0x131313ff,0x141414ff,0x141414ff,0x151615ff,0x151615ff,0x161616ff,0x171717ff,0x171717ff,0x181817ff,0x191819ff,
0x191919ff,0x1a1919ff,0x1a1a1aff,0x1b1a1bff,0x1b1b1bff,0x1b1b1bff,0x1c1c1cff,0x1d1c1cff,0x1d1d1dff,0x1e1d1dff,0x1e1d1dff,0x1e1e1eff,0x1f1e1eff,0x1e1f1eff,0x1f1f1fff,0x1f201fff,0x20201fff,0x202020ff,0x202120ff,0x212121ff,0x202121ff,0x212121ff,
0x222122ff,0x212221ff,0x222221ff,0x222222ff,0x222322ff,0x222223ff,0x232322ff,0x232322ff,0x232323ff,0x232323ff,0x232423ff,0x232323ff,0x232323ff,0x242423ff,0x232323ff,0x232324ff,0x232424ff,0x242323ff,0x242423ff,0x232423ff,0x232323ff,0x242323ff,
0x242323ff,0x242323ff,0x232423ff,0x242322ff,0x232223ff,0x232322ff,0x232323ff,0x222322ff,0x222322ff,0x222222ff,0x222222ff,0x222221ff,0x222221ff,0x212121ff,0x212120ff,0x202020ff,0x202120ff,0x202020ff,0x202020ff,0x201f1fff,0x201f1fff,0x1e1e1eff,
0x1f1e1eff,0x1e1e1eff,0x1e1d1dff,0x1e1e1dff,0x1d1d1cff,0x1d1c1dff,0x1c1c1bff,0x1b1b1bff,0x1b1b1bff,0x1b1a1bff,0x1a1a1aff,0x1a1a1aff,0x191919ff,0x181919ff,0x181818ff,0x181817ff,0x171716ff,0x161616ff,0x161616ff,0x151515ff,0x141514ff,0x141414ff,
0x131413ff,0x131313ff,0x121212ff,0x111211ff,0x101111ff,0x101010ff,0xf0f0fff,0xe0e0fff,0xe0d0dff,0xd0e0dff,0xc0d0cff,0xc0b0bff,0xb0a0bff,0xa0a0aff,0x90909ff,0x90908ff,0x80808ff,0x70707ff,0x70606ff,0x60605ff,0x50405ff,0x40404ff,
0x30404ff,0x20202ff,0x10102ff,0x10001ff,0xff,0xff,0xff,0xff,0x10000ff,0xff,0xff,0xff,0xff,0xff,0xff,0xff,0x100ff,0xff,0xff,0x100ff,0xff,0x100ff,
0xff,0xff,0xff,0xff,0xff,0xff,0xff,0xff,0xff,0xff,0xff,0xff,0xff,0xff,0xff,0xff,0x1ff,0xff,0xff,0xff,0xff,0xff,
0xff,0x1ff,0xff,0x100ff,0xff,0xff,0xff,0xff,0xff,0xff,0xff,0x10000ff,0xff,0xff,0xff,0xff,0x10000ff,0xff,0xff,0xff,0xff,0x1ff,
0xff,0xff,0xff,0x1ff,0xff,0x1ff,0xff,0xff,0xff,0xff,0xff,0xff,0xff,0xff,0x100ff,0xff,0xff,0xff,0xff,0xff,0xff,0xff,
0xff,0xff,0x100ff,0xff,0xff,0x10000ff,0x100ff,0x10000ff,0xff,0xff,0xff,0xff,0x10000ff,0xff,0xff,0xff,0xff,0xff,0xff,0xff,0x1ff,0xff,
0xff,0xff,0x10100ff,0x10101ff,0x20202ff,0x30303ff,0x40403ff,0x40505ff,0x50505ff,0x60606ff,0x70607ff,0x80708ff,0x80809ff,0x90909ff,0xa0a0aff,0xa0a0aff,0xb0c0bff,0xc0b0cff,0xc0c0dff,0xd0d0dff,0xe0e0eff,0xf0e0eff,
0xf0f10ff,0x101010ff,0x111011ff,0x111111ff,0x121212ff,0x131213ff,0x131313ff,0x141413ff,0x141415ff,0x151515ff,0x151516ff,0x161616ff,0x171616ff,0x171817ff,0x181818ff,0x181818ff,0x181919ff,0x191919ff,0x191a1aff,0x1a1a1aff,0x1a1b1bff,0x1b1b1bff,
0x1c1b1bff,0x1c1c1cff,0x1c1c1cff,0x1d1d1dff,0x1d1d1dff,0x1e1d1dff,0x1e1e1eff,0x1e1f1eff,0x1e1e1eff,0x1e1f1fff,0x1f1f1eff,0x1f201fff,0x1f1f1fff,0x202020ff,0x202020ff,0x202020ff,0x212020ff,0x212021ff,0x212121ff,0x212121ff,0x222121ff,0x212121ff,
0x222221ff,0x222222ff,0x222122ff,0x212222ff,0x222222ff,0x222221ff,0x222222ff,0x222222ff,0x222222ff,0x222222ff,0x222222ff,0x222221ff,0x222222ff,0x212221ff,0x222222ff,0x222222ff,0x222122ff,0x212121ff,0x212222ff,0x222221ff,0x222121ff,0x212121ff,
0x202120ff,0x202121ff,0x212020ff,0x202020ff,0x202020ff,0x20201fff,0x1f2020ff,0x1f1f1fff,0x1f1f1eff,0x1f1f1eff,0x1f1f1eff,0x1e1e1eff,0x1d1e1eff,0x1d1d1dff,0x1d1d1dff,0x1d1d1dff,0x1c1c1cff,0x1c1c1cff,0x1b1b1bff,0x1b1b1bff,0x1a1a1aff,0x1a1a1aff,
0x1a1a19ff,0x191919ff,0x191818ff,0x181918ff,0x181717ff,0x181717ff,0x171717ff,0x161616ff,0x161615ff,0x151514ff,0x151414ff,0x131414ff,0x131413ff,0x131212ff,0x121211ff,0x111112ff,0x111111ff,0x101010ff,0xf0f0fff,0xf0f0eff,0xe0e0eff,0xd0d0dff,
0xc0d0dff,0xc0c0cff,0xc0b0bff,0xa0b0aff,0xa090aff,0x90909ff,0x80809ff,0x70808ff,0x70607ff,0x60606ff,0x50505ff,0x40405ff,0x40304ff,0x30303ff,0x20202ff,0x10101ff,0xff,0xff,0xff,0x10000ff,0x1ff,0xff,
0xff,0xff,0xff,0xff,0xff,0xff,0xff,0xff,0xff,0xff,0xff,0x10000ff,0xff,0xff,0x10000ff,0xff,0xff,0x1ff,0x10000ff,0xff,0x10000ff,0xff,
0xff,0xff,0xff,0xff,0xff,0xff,0xff,0xff,0xff,0xff,0xff,0xff,0xff,0xff,0xff,0xff,0xff,0x100ff,0xff,0x10000ff,0xff,0xff,
0xff,0x10100ff,0xff,0xff,0xff,0xff,0xff,0xff,0xff,0xff,0xff,0xff,0xff,0x10000ff,0xff,0xff,0xff,0xff,0x100ff,0x10000ff,0xff,0x100ff,
0xff,0xff,0xff,0xff,0xff,0xff,0xff,0x10000ff,0xff,0xff,0xff,0xff,0xff,0xff,0xff,0xff,0xff,0xff,0x1ff,0xff,0xff,0xff,
0xff,0xff,0xff,0xff,0xff,0x10001ff,0xff,0xff,0xff,0xff,0x1ff,0xff,0xff,0xff,0xff,0xff,0xff,0xff,0x10101ff,0x20202ff,0x30302ff,0x30304ff,
0x40403ff,0x50405ff,0x60606ff,0x60706ff,0x70707ff,0x80808ff,0x90908ff,0xa0a09ff,0xa0a09ff,0xb0a0bff,0xb0b0bff,0xc0c0cff,0xd0d0cff,0xe0d0eff,0xe0e0eff,0xf0f0fff,0xf0f10ff,0x101010ff,0x111111ff,0x111211ff,0x121211ff,0x131313ff,
0x131313ff,0x141313ff,0x141414ff,0x151514ff,0x151515ff,0x161616ff,0x161617ff,0x171617ff,0x171817ff,0x171818ff,0x181918ff,0x191818ff,0x191919ff,0x19191aff,0x1a191aff,0x1a1a1aff,0x1a1a1aff,0x1b1b1cff,0x1b1c1bff,0x1c1c1cff,0x1c1c1cff,0x1c1d1dff,
0x1d1d1dff,0x1d1d1dff,0x1d1d1dff,0x1e1e1eff,0x1e1e1eff,0x1f1e1eff,0x1f1e1eff,0x1f1f1fff,0x1f1f1fff,0x1f2020ff,0x201f1fff,0x1f201fff,0x1f2020ff,0x202020ff,0x202020ff,0x202020ff,0x202020ff,0x202020ff,0x212020ff,0x202120ff,0x202021ff,0x202121ff,
0x202120ff,0x202020ff,0x202020ff,0x202020ff,0x202121ff,0x202121ff,0x202020ff,0x212021ff,0x202020ff,0x202020ff,0x202020ff,0x202020ff,0x20201fff,0x201f20ff,0x1f1f20ff,0x1f1f1fff,0x1f1f1fff,0x1e1f1eff,0x1e1e1eff,0x1e1f1fff,0x1e1e1eff,0x1e1e1eff,
0x1d1d1eff,0x1d1d1dff,0x1d1d1dff,0x1c1d1cff,0x1c1c1cff,0x1c1b1cff,0x1c1c1bff,0x1b1b1bff,0x1a1b1bff,0x1a1b1bff,0x1a1a1aff,0x1a1a1aff,0x191919ff,0x191919ff,0x181818ff,0x181718ff,0x171717ff,0x161616ff,0x161716ff,0x151616ff,0x151515ff,0x141414ff,
0x141414ff,0x141413ff,0x131313ff,0x121212ff,0x121212ff,0x111111ff,0x101010ff,0x101010ff,0xf0f10ff,0xf0e0fff,0xe0e0eff,0xd0d0eff,0xd0d0cff,0xc0c0cff,0xb0b0bff,0xa0a0aff,0xa0a09ff,0x90909ff,0x80808ff,0x80808ff,0x70707ff,0x60606ff,
0x50605ff,0x50505ff,0x40404ff,0x30303ff,0x20202ff,0x20102ff,0x10101ff,0xff,0xff,0xff,0xff,0xff,0xff,0xff,0xff,0xff,0xff,0xff,0xff,0xff,0xff,0xff,
0xff,0xff,0xff,0xff,0xff,0xff,0xff,0xff,0xff,0x1ff,0xff,0xff,0xff,0xff,0xff,0xff,0xff,0xff,0xff,0xff,0xff,0xff,
0xff,0xff,0xff,0xff,0xff,0x10000ff,0xff,0xff,0xff,0xff,0xff,0xff,0xff,0xff,0xff,0xff,0xff,0xff,0xff,0x100ff,0xff,0xff,
0x100ff,0xff,0x1ff,0x10000ff,0xff,0xff,0x10000ff,0x1ff,0xff,0xff,0xff,0x10000ff,0xff,0xff,0xff,0xff,0xff,0xff,0xff,0xff,0x100ff,0xff,
0xff,0xff,0xff,0xff,0xff,0x100ff,0xff,0x1ff,0xff,0xff,0x100ff,0xff,0xff,0xff,0x1ff,0xff,0xff,0xff,0xff,0xff,0xff,0xff,
0xff,0xff,0xff,0x10100ff,0xff,0xff,0xff,0x10000ff,0x1ff,0xff,0xff,0x10100ff,0x10101ff,0x20201ff,0x30203ff,0x40303ff,0x40504ff,0x50505ff,0x60606ff,0x70607ff,0x70807ff,0x80808ff,
0x90909ff,0x90a09ff,0xa0a0aff,0xb0a0bff,0xc0b0bff,0xc0c0cff,0xd0c0dff,0xd0e0dff,0xe0e0eff,0xf0e0fff,0xf1010ff,0x100f10ff,0x111110ff,0x111111ff,0x111111ff,0x121212ff,0x131313ff,0x131314ff,0x141313ff,0x151514ff,0x151515ff,0x151615ff,
0x161616ff,0x161616ff,0x171717ff,0x171817ff,0x171818ff,0x181818ff,0x181918ff,0x191919ff,0x1a1919ff,0x1a1a1aff,0x1a1a1aff,0x1a1b1aff,0x1b1b1bff,0x1b1b1bff,0x1c1b1bff,0x1c1c1cff,0x1c1c1cff,0x1d1c1cff,0x1d1d1dff,0x1d1d1cff,0x1e1e1dff,0x1d1e1dff,
0x1d1e1dff,0x1e1e1eff,0x1d1e1eff,0x1e1e1eff,0x1e1e1eff,0x1e1f1fff,0x1f1e1eff,0x1e1f1fff,0x1e1e1eff,0x1f1e1eff,0x1f1f1fff,0x1f1f1fff,0x1f1f1fff,0x1f1f1fff,0x1f1f1fff,0x1f1f1fff,0x1f1f1fff,0x201f1fff,0x1f1f1fff,0x1f1f1fff,0x1f1f1fff,0x1f1f1eff,
0x1f1e1fff,0x1e1f1fff,0x1e1f1eff,0x1f1f1eff,0x1e1f1eff,0x1e1e1eff,0x1e1e1eff,0x1d1e1eff,0x1e1e1eff,0x1e1d1eff,0x1d1d1dff,0x1d1d1dff,0x1d1d1cff,0x1c1c1cff,0x1c1c1cff,0x1b1b1bff,0x1b1c1bff,0x1b1b1bff,0x1a1b1bff,0x1b1b1aff,0x1a1a1aff,0x191a19ff,
0x1a191aff,0x191919ff,0x191818ff,0x181818ff,0x181717ff,0x171817ff,0x171716ff,0x171616ff,0x161616ff,0x151515ff,0x151415ff,0x141514ff,0x131413ff,0x131413ff,0x131312ff,0x121212ff,0x111212ff,0x111111ff,0x101110ff,0xf1010ff,0xf0f0fff,0xf0f0eff,
0xe0e0eff,0xd0e0dff,0xd0d0cff,0xc0c0cff,0xc0b0bff,0xb0a0bff,0xa0a0aff,0x9090aff,0x90808ff,0x80808ff,0x80707ff,0x60607ff,0x60606ff,0x50505ff,0x40405ff,0x30404ff,0x20302ff,0x20201ff,0x10202ff,0xff,0xff,0x100ff,
0xff,0xff,0xff,0xff,0xff,0xff,0xff,0xff,0xff,0xff,0xff,0xff,0xff,0xff,0xff,0xff,0xff,0x100ff,0xff,0xff,0xff,0xff,
0x100ff,0xff,0xff,0xff,0xff,0xff,0xff,0xff,0xff,0x1ff,0xff,0xff,0x10100ff,0xff,0x100ff,0xff,0xff,0x1ff,0xff,0xff,0xff,0xff,
0xff,0xff,0xff,0xff,0xff,0x100ff,0xff,0x10001ff,0xff,0xff,0xff,0xff,0x100ff,0xff,0xff,0xff,0xff,0xff,0xff,0xff,0xff,0xff,
0xff,0x10000ff,0xff,0xff,0xff,0xff,0xff,0xff,0x100ff,0xff,0xff,0xff,0xff,0xff,0xff,0xff,0xff,0xff,0x1ff,0xff,0xff,0xff,
0xff,0xff,0xff,0xff,0xff,0xff,0xff,0xff,0xff,0x1ff,0xff,0xff,0x1ff,0xff,0xff,0xff,0xff,0xff,0xff,0xff,0xff,0xff,
0xff,0xff,0xff,0xff,0xff,0x1ff,0x10101ff,0x20202ff,0x30303ff,0x40404ff,0x40504ff,0x50505ff,0x60506ff,0x60706ff,0x70807ff,0x80808ff,0x90909ff,0x90a0aff,0xa0a0aff,0xb0b0bff,0xb0b0bff,0xc0c0cff,
0xd0d0dff,0xe0d0dff,0xe0e0eff,0xf0e0eff,0xf100fff,0xf1010ff,0x111010ff,0x111110ff,0x111212ff,0x121212ff,0x121313ff,0x131313ff,0x141413ff,0x141414ff,0x141514ff,0x151515ff,0x161615ff,0x151616ff,0x161616ff,0x171717ff,0x171717ff,0x181718ff,
0x181818ff,0x181918ff,0x191919ff,0x191919ff,0x1a1919ff,0x1a1a19ff,0x1a1a19ff,0x1a1a1aff,0x1b1b1aff,0x1b1b1bff,0x1b1c1bff,0x1b1b1bff,0x1c1b1bff,0x1b1c1cff,0x1c1c1cff,0x1c1c1cff,0x1d1d1cff,0x1d1d1dff,0x1d1d1dff,0x1d1d1dff,0x1d1e1dff,0x1d1d1dff,
0x1e1d1dff,0x1e1d1eff,0x1e1e1dff,0x1d1d1eff,0x1e1e1dff,0x1d1e1dff,0x1d1d1eff,0x1e1d1eff,0x1d1d1dff,0x1e1d1dff,0x1d1e1dff,0x1e1e1dff,0x1d1e1eff,0x1d1e1eff,0x1d1d1dff,0x1d1e1dff,0x1d1d1dff,0x1d1d1cff,0x1d1d1dff,0x1d1d1cff,0x1c1d1dff,0x1d1d1cff,
0x1c1c1bff,0x1c1c1bff,0x1c1c1cff,0x1b1b1bff,0x1b1b1bff,0x1b1b1aff,0x1a1b1aff,0x1a1b1aff,0x1a1a1aff,0x1a1a1aff,0x1a1a19ff,0x191919ff,0x191818ff,0x181818ff,0x181818ff,0x181818ff,0x181817ff,0x161717ff,0x161617ff,0x161615ff,0x151516ff,0x151515ff,
0x151415ff,0x141413ff,0x141414ff,0x131313ff,0x131312ff,0x121212ff,0x121111ff,0x111111ff,0x101010ff,0xf100fff,0xf0f0fff,0xe0e0fff,0xd0e0eff,0xd0e0dff,0xd0d0dff,0xc0c0cff,0xb0b0bff,0xb0b0aff,0xa0a0aff,0xa0909ff,0x90809ff,0x80808ff,
0x70808ff,0x70706ff,0x60606ff,0x50505ff,0x50405ff,0x30403ff,0x30303ff,0x20302ff,0x20101ff,0x101ff,0xff,0xff,0xff,0xff,0xff,0xff,0xff,0xff,0x10001ff,0x100ff,0x1ff,0x1ff,
0xff,0xff,0xff,0xff,0xff,0xff,0xff,0x10000ff,0xff,0xff,0xff,0xff,0xff,0xff,0xff,0xff,0xff,0xff,0xff,0x1ff,0xff,0xff,
0xff,0x10001ff,0xff,0x101ff,0x100ff,0xff,0x1ff,0xff,0xff,0xff,0x1ff,0xff,0xff,0xff,0xff,0x100ff,0xff,0x10000ff,0xff,0x1ff,0xff,0xff,
0xff,0x10000ff,0xff,0xff,0xff,0xff,0xff,0xff,0x10001ff,0xff,0xff,0x10000ff,0xff,0x1ff,0xff,0xff,0xff,0xff,0xff,0xff,0x100ff,0xff,
0xff,0xff,0xff,0xff,0x1ff,0xff,0xff,0xff,0xff,0xff,0xff,0xff,0xff,0xff,0xff,0xff,0xff,0xff,0xff,0xff,0xff,0xff,
0xff,0xff,0xff,0xff,0xff,0xff,0xff,0xff,0xff,0xff,0x1ff,0xff,0xff,0xff,0xff,0xff,0xff,0x1ff,0xff,0xff,0xff,0x10101ff,
0x20101ff,0x20202ff,0x30303ff,0x40403ff,0x40405ff,0x50606ff,0x60606ff,0x60707ff,0x70808ff,0x80808ff,0x90909ff,0xa0909ff,0xa0a0aff,0xb0b0bff,0xb0c0bff,0xc0c0cff,0xc0c0cff,0xd0e0dff,0xe0e0dff,0xe0e0eff,0xf0f0fff,0xf100fff,
0x101010ff,0x111110ff,0x111211ff,0x121211ff,0x121212ff,0x131312ff,0x131313ff,0x141413ff,0x141414ff,0x141415ff,0x141514ff,0x151516ff,0x161616ff,0x161616ff,0x171617ff,0x171717ff,0x171717ff,0x181717ff,0x181818ff,0x191818ff,0x181819ff,0x191918ff,
0x1a1919ff,0x19191aff,0x1a1a1aff,0x1a1a1aff,0x1a1a1aff,0x1a1b1aff,0x1b1b1aff,0x1a1a1bff,0x1b1b1bff,0x1c1b1bff,0x1c1b1bff,0x1b1b1bff,0x1c1c1cff,0x1b1c1cff,0x1c1c1bff,0x1c1c1bff,0x1c1c1cff,0x1c1c1cff,0x1c1c1cff,0x1c1c1cff,0x1c1c1cff,0x1d1c1cff,
0x1c1c1cff,0x1c1c1cff,0x1c1c1cff,0x1c1c1cff,0x1c1c1cff,0x1c1b1bff,0x1b1c1bff,0x1b1b1bff,0x1b1c1bff,0x1c1c1bff,0x1c1b1bff,0x1b1c1bff,0x1b1b1bff,0x1b1b1bff,0x1a1a1bff,0x1a1b1bff,0x1a1a1aff,0x1a1a1aff,0x1a1a19ff,0x191919ff,0x1a1919ff,0x181919ff,
0x191818ff,0x181818ff,0x181818ff,0x171717ff,0x181717ff,0x161717ff,0x161616ff,0x161616ff,0x151616ff,0x151615ff,0x151514ff,0x151414ff,0x141414ff,0x141414ff,0x131313ff,0x131213ff,0x121212ff,0x121111ff,0x121111ff,0x101111ff,0x101010ff,0xf0f10ff,
0xe0f0fff,0xe0e0eff,0xe0d0dff,0xd0e0dff,0xc0c0dff,0xc0c0cff,0xc0c0cff,0xb0b0bff,0xa0b0aff,0x9090aff,0x90909ff,0x80808ff,0x80707ff,0x60706ff,0x60606ff,0x50605ff,0x40505ff,0x40404ff,0x30304ff,0x20202ff,0x20202ff,0x10101ff,
0xff,0xff,0xff,0xff,0xff,0xff,0x100ff,0xff,0x1ff,0xff,0xff,0xff,0x100ff,0xff,0xff,0x1ff,0x100ff,0xff,0x1ff,0xff,0xff,0x100ff,
0xff,0xff,0x1ff,0xff,0x100ff,0xff,0xff,0xff,0xff,0xff,0xff,0xff,0xff,0xff,0xff,0x1ff,0xff,0xff,0xff,0xff,0x1ff,0xff,
0xff,0xff,0xff,0xff,0xff,0xff,0xff,0xff,0x1ff,0xff,0xff,0x100ff,0xff,0xff,0xff,0x100ff,0xff,0xff,0x1ff,0xff,0xff,0xff,
0x101ff,0xff,0xff,0xff,0xff,0x100ff,0xff,0xff,0xff,0x1ff,0xff,0xff,0xff,0xff,0xff,0xff,0xff,0xff,0xff,0xff,0xff,0xff,
0xff,0x101ff,0xff,0xff,0xff,0xff,0xff,0xff,0xff,0xff,0xff,0x1ff,0xff,0xff,0xff,0xff,0xff,0xff,0xff,0xff,0xff,0xff,
0x1ff,0xff,0x10000ff,0x1ff,0x10000ff,0xff,0xff,0xff,0xff,0xff,0xff,0xff,0xff,0x10000ff,0x1ff,0x10101ff,0x20202ff,0x30303ff,0x30303ff,0x40404ff,0x50505ff,0x50606ff,
0x60606ff,0x70707ff,0x70707ff,0x80808ff,0x90909ff,0x90909ff,0xa0a0aff,0xa0b0bff,0xb0b0cff,0xc0b0cff,0xc0d0cff,0xd0d0dff,0xd0e0dff,0xe0e0eff,0xe0f0fff,0xf0f10ff,0xf0f10ff,0x111010ff,0x111010ff,0x121111ff,0x121112ff,0x121312ff,
0x121212ff,0x131313ff,0x131313ff,0x141414ff,0x141514ff,0x151515ff,0x151515ff,0x161515ff,0x151615ff,0x161616ff,0x161617ff,0x161617ff,0x171716ff,0x181718ff,0x171717ff,0x181818ff,0x181818ff,0x191918ff,0x181919ff,0x191919ff,0x1a1919ff,0x191919ff,
0x191919ff,0x1a1919ff,0x1a191aff,0x1a1a1aff,0x1a1a1aff,0x1a1a1aff,0x1b1a1aff,0x1a1b1aff,0x1b1b1bff,0x1b1b1aff,0x1a1a1aff,0x1b1a1bff,0x1a1b1aff,0x1a1a1aff,0x1b1b1aff,0x1b1b1bff,0x1a1a1bff,0x1a1b1bff,0x1b1a1aff,0x1b1b1aff,0x1b1a1aff,0x1a1a1aff,
0x1a1a1aff,0x1a1a1aff,0x1a1a19ff,0x191a1aff,0x1a1a1aff,0x191919ff,0x191919ff,0x191919ff,0x191818ff,0x181818ff,0x181818ff,0x181818ff,0x181817ff,0x171817ff,0x171717ff,0x171717ff,0x161717ff,0x171616ff,0x151616ff,0x151616ff,0x151515ff,0x151514ff,
0x141514ff,0x141413ff,0x141313ff,0x131313ff,0x121213ff,0x131212ff,0x121212ff,0x111111ff,0x111011ff,0x101010ff,0xf0f10ff,0x100f0fff,0xf0f0fff,0xe0e0eff,0xd0d0dff,0xd0d0dff,0xc0c0cff,0xc0c0cff,0xb0b0bff,0xa0b0aff,0xa0a0aff,0x90909ff,
0x80908ff,0x80808ff,0x80707ff,0x70707ff,0x60606ff,0x50605ff,0x50505ff,0x40404ff,0x40303ff,0x30303ff,0x20202ff,0x10201ff,0xff,0xff,0xff,0xff,0xff,0x10000ff,0x100ff,0xff,0xff,0xff,
0x1ff,0xff,0xff,0xff,0xff,0xff,0xff,0xff,0xff,0x10000ff,0xff,0xff,0x10000ff,0x1ff,0xff,0xff,0x100ff,0xff,0xff,0xff,0xff,0x10000ff,
0xff,0xff,0xff,0xff,0xff,0xff,0xff,0xff,0xff,0xff,0xff,0xff,0xff,0x1ff,0xff,0x100ff,0xff,0xff,0xff,0xff,0xff,0x1ff,
0xff,0xff,0xff,0xff,0x10000ff,0x10000ff,0xff,0xff,0xff,0xff,0xff,0xff,0xff,0xff,0xff,0xff,0xff,0xff,0xff,0xff,0xff,0x10000ff,
0xff,0x10000ff,0xff,0x10100ff,0xff,0x10000ff,0xff,0xff,0xff,0xff,0xff,0xff,0x10000ff,0xff,0xff,0x1ff,0xff,0xff,0xff,0xff,0xff,0xff,
0xff,0xff,0x10000ff,0xff,0xff,0x10000ff,0xff,0x1ff,0xff,0xff,0xff,0xff,0xff,0xff,0xff,0xff,0xff,0xff,0xff,0x10001ff,0xff,0x100ff,
0xff,0xff,0xff,0x100ff,0x100ff,0x10000ff,0xff,0xff,0x10001ff,0x20101ff,0x20202ff,0x30303ff,0x30404ff,0x40405ff,0x50405ff,0x60505ff,0x60606ff,0x70706ff,0x80708ff,0x80808ff,0x80908ff,0x90909ff,
0xa0a0aff,0xa0b0bff,0xb0b0bff,0xc0b0cff,0xc0c0cff,0xd0d0dff,0xd0d0dff,0xe0e0eff,0xe0e0eff,0xf0e0fff,0xf100fff,0xf1010ff,0x101010ff,0x111111ff,0x111111ff,0x111212ff,0x121212ff,0x131312ff,0x131312ff,0x131313ff,0x131314ff,0x141414ff,
0x141414ff,0x151415ff,0x151515ff,0x151515ff,0x161616ff,0x161616ff,0x161616ff,0x161617ff,0x161717ff,0x171717ff,0x181717ff,0x181717ff,0x171818ff,0x171717ff,0x181818ff,0x191818ff,0x181918ff,0x181919ff,0x191919ff,0x191918ff,0x191918ff,0x191918ff,
0x191919ff,0x191919ff,0x191918ff,0x1a1919ff,0x191a19ff,0x191919ff,0x191919ff,0x191919ff,0x191a19ff,0x191919ff,0x191919ff,0x181819ff,0x191919ff,0x191918ff,0x181919ff,0x181818ff,0x181818ff,0x181818ff,0x181818ff,0x181818ff,0x181817ff,0x171717ff,
0x171717ff,0x171717ff,0x171617ff,0x161717ff,0x161716ff,0x161616ff,0x161615ff,0x161616ff,0x151514ff,0x151514ff,0x141514ff,0x141414ff,0x141414ff,0x131313ff,0x131313ff,0x131313ff,0x121212ff,0x121212ff,0x111211ff,0x101111ff,0x101010ff,0x10100fff,
0xf100fff,0xf0f0fff,0xe0e0eff,0xe0e0eff,0xe0d0dff,0xc0d0cff,0xd0c0dff,0xc0c0cff,0xb0b0bff,0xa0b0aff,0xa0a0aff,0xa090aff,0x90808ff,0x80808ff,0x70807ff,0x70707ff,0x60606ff,0x50506ff,0x50505ff,0x50404ff,0x30404ff,0x30303ff,
0x20202ff,0x10101ff,0x10101ff,0xff,0xff,0xff,0xff,0xff,0x1ff,0x1ff,0xff,0xff,0xff,0xff,0xff,0x100ff,0xff,0x1ff,0x10000ff,0xff,0xff,0xff,
0xff,0xff,0xff,0x10000ff,0x1ff,0xff,0xff,0xff,0x1ff,0xff,0xff,0xff,0x1ff,0xff,0xff,0xff,0xff,0xff,0x1ff,0xff,0xff,0xff,
0xff,0xff,0xff,0x1ff,0xff,0xff,0xff,0x1ff,0xff,0x10000ff,0xff,0xff,0xff,0xff,0xff,0xff,0xff,0xff,0x100ff,0xff,0xff,0xff,
0xff,0x10000ff,0xff,0xff,0xff,0x100ff,0x10001ff,0xff,0xff,0xff,0xff,0xff,0x10000ff,0xff,0x10000ff,0xff,0xff,0xff,0xff,0xff,0xff,0xff,
0xff,0xff,0xff,0xff,0xff,0xff,0xff,0x1ff,0xff,0xff,0xff,0xff,0x100ff,0xff,0x10000ff,0xff,0xff,0x1ff,0xff,0x100ff,0xff,0xff,
0xff,0xff,0xff,0xff,0xff,0xff,0x10000ff,0xff,0xff,0x10100ff,0xff,0xff,0xff,0x10000ff,0xff,0xff,0xff,0xff,0xff,0xff,0x1ff,0x1ff,
0xff,0xff,0x10101ff,0x20101ff,0x20202ff,0x30303ff,0x30303ff,0x40404ff,0x50505ff,0x60605ff,0x60606ff,0x70707ff,0x80808ff,0x80808ff,0x90809ff,0x90909ff,0xa0a0aff,0xa0a0bff,0xb0b0bff,0xc0b0bff,0xc0c0cff,0xd0c0dff,
0xd0d0dff,0xe0e0dff,0xe0e0eff,0xe0e0eff,0xe0f0fff,0xf0f10ff,0xf100fff,0x101010ff,0x111110ff,0x111111ff,0x111112ff,0x121212ff,0x121212ff,0x131212ff,0x131313ff,0x131313ff,0x131414ff,0x141414ff,0x141414ff,0x141515ff,0x141515ff,0x151515ff,
0x151516ff,0x161516ff,0x161616ff,0x161616ff,0x161616ff,0x161716ff,0x161616ff,0x171716ff,0x171716ff,0x171717ff,0x171717ff,0x171717ff,0x181717ff,0x171718ff,0x171717ff,0x181818ff,0x171717ff,0x181818ff,0x181717ff,0x171718ff,0x181818ff,0x171717ff,
0x181817ff,0x181817ff,0x171818ff,0x171818ff,0x171717ff,0x181717ff,0x181717ff,0x171717ff,0x161717ff,0x161616ff,0x161616ff,0x161716ff,0x161616ff,0x161616ff,0x161616ff,0x151516ff,0x151515ff,0x151515ff,0x141515ff,0x141414ff,0x141414ff,0x141414ff,
0x141413ff,0x131414ff,0x131313ff,0x131313ff,0x121212ff,0x121212ff,0x111111ff,0x111111ff,0x111010ff,0x101010ff,0x101010ff,0xf0f10ff,0xf0f0fff,0xf0f0eff,0xd0e0eff,0xd0e0dff,0xd0d0cff,0xc0c0dff,0xc0c0cff,0xc0b0bff,0xb0b0bff,0xa0a0bff,
0xa0a09ff,0x90a09ff,0x80909ff,0x80808ff,0x80708ff,0x70607ff,0x60606ff,0x60606ff,0x50505ff,0x40404ff,0x30404ff,0x30303ff,0x20202ff,0x20202ff,0x10101ff,0xff,0xff,0x100ff,0x100ff,0x100ff,0x1ff,0xff,
0xff,0x1ff,0xff,0xff,0x10000ff,0xff,0xff,0xff,0xff,0x10000ff,0xff,0xff,0xff,0x100ff,0x10000ff,0xff,0xff,0x10000ff,0xff,0xff,0xff,0x100ff,
0x1ff,0xff,0xff,0x100ff,0xff,0x10100ff,0xff,0xff,0xff,0xff,0xff,0xff,0xff,0xff,0xff,0xff,0xff,0xff,0xff,0xff,0xff,0x1ff,
0xff,0xff,0xff,0xff,0x1ff,0xff,0xff,0x100ff,0xff,0xff,0xff,0xff,0xff,0xff,0xff,0xff,0xff,0xff,0xff,0x100ff,0xff,0xff,
0xff,0x10000ff,0xff,0x100ff,0x1ff,0xff,0x10000ff,0xff,0xff,0x10000ff,0xff,0xff,0xff,0xff,0xff,0xff,0xff,0x1ff,0xff,0xff,0xff,0xff,
0xff,0xff,0xff,0xff,0xff,0xff,0x100ff,0x1ff,0xff,0xff,0x10000ff,0xff,0xff,0xff,0xff,0xff,0xff,0xff,0xff,0xff,0xff,0xff,
0x101ff,0xff,0xff,0xff,0xff,0xff,0xff,0xff,0xff,0xff,0x100ff,0xff,0xff,0xff,0xff,0x100ff,0x1ff,0x10000ff,0x10101ff,0x10101ff,0x20203ff,0x30303ff,
0x40303ff,0x50404ff,0x40504ff,0x50606ff,0x60606ff,0x70606ff,0x70707ff,0x80708ff,0x80808ff,0x90909ff,0x90a0aff,0xa0a0aff,0xb0b0aff,0xb0b0bff,0xb0c0cff,0xc0c0cff,0xc0c0cff,0xd0d0dff,0xe0d0dff,0xe0e0eff,0xe0e0eff,0xe0f0fff,
0xf0f0fff,0x101010ff,0x101010ff,0x111011ff,0x111110ff,0x111111ff,0x111212ff,0x121212ff,0x121213ff,0x131312ff,0x131312ff,0x131313ff,0x141413ff,0x141413ff,0x141414ff,0x141414ff,0x141514ff,0x151415ff,0x141514ff,0x141515ff,0x151615ff,0x151515ff,
0x161516ff,0x161615ff,0x161615ff,0x161615ff,0x161616ff,0x161616ff,0x161616ff,0x161616ff,0x161616ff,0x161717ff,0x161616ff,0x161616ff,0x161616ff,0x161716ff,0x161616ff,0x161616ff,0x161616ff,0x161616ff,0x161516ff,0x161615ff,0x151616ff,0x151515ff,
0x161515ff,0x151515ff,0x151515ff,0x151515ff,0x151414ff,0x141515ff,0x151414ff,0x141414ff,0x141413ff,0x131413ff,0x131314ff,0x131312ff,0x121313ff,0x121313ff,0x121212ff,0x121212ff,0x121111ff,0x111111ff,0x111110ff,0x111010ff,0x101010ff,0xf100fff,
0xf0f10ff,0xf0f0fff,0xe0e0eff,0xe0e0eff,0xe0d0eff,0xd0d0dff,0xd0d0cff,0xc0c0cff,0xc0c0bff,0xb0b0bff,0xa0a0bff,0xa0a0aff,0xa0909ff,0x90908ff,0x90808ff,0x80807ff,0x70707ff,0x70607ff,0x60606ff,0x60605ff,0x50505ff,0x50404ff,
0x40403ff,0x30303ff,0x20302ff,0x20201ff,0x10101ff,0xff,0xff,0xff,0x1ff,0xff,0xff,0xff,0xff,0x10000ff,0xff,0x100ff,0xff,0xff,0xff,0xff,0x1ff,0x10000ff,
0xff,0xff,0xff,0xff,0xff,0x100ff,0xff,0xff,0xff,0x100ff,0xff,0x10000ff,0xff,0x1ff,0xff,0xff,0xff,0xff,0xff,0xff,0xff,0x100ff,
0xff,0xff,0xff,0xff,0xff,0xff,0xff,0xff,0xff,0xff,0xff,0x100ff,0xff,0x100ff,0xff,0x10000ff,0xff,0xff,0x1ff,0x1ff,0xff,0x1ff,
0xff,0xff,0xff,0xff,0xff,0xff,0x100ff,0xff,0x100ff,0xff,0xff,0x10001ff,0xff,0xff,0xff,0xff,0xff,0xff,0xff,0xff,0xff,0xff,
0xff,0xff,0xff,0xff,0xff,0xff,0xff,0xff,0xff,0x10000ff,0x100ff,0xff,0xff,0xff,0xff,0x10000ff,0xff,0xff,0xff,0xff,0xff,0xff,
0xff,0xff,0xff,0xff,0xff,0xff,0xff,0xff,0xff,0xff,0xff,0xff,0xff,0xff,0xff,0xff,0x1ff,0x1ff,0xff,0x10000ff,0xff,0x10000ff,
0xff,0xff,0xff,0xff,0xff,0xff,0xff,0xff,0x1ff,0xff,0xff,0x101ff,0x101ff,0x20202ff,0x20202ff,0x30203ff,0x40304ff,0x40404ff,0x50405ff,0x50505ff,0x60505ff,0x60606ff,
0x70707ff,0x80707ff,0x80808ff,0x90909ff,0x90a09ff,0xa090aff,0xa0a0bff,0xa0b0bff,0xb0b0bff,0xc0c0cff,0xc0c0cff,0xc0c0cff,0xd0c0dff,0xd0d0dff,0xd0d0dff,0xe0f0eff,0xf0f0fff,0xf0f0fff,0x10100fff,0x100f10ff,0x101010ff,0x101010ff,
0x111111ff,0x111111ff,0x111111ff,0x111211ff,0x121212ff,0x121212ff,0x131213ff,0x121312ff,0x131312ff,0x131313ff,0x131413ff,0x131313ff,0x131314ff,0x141414ff,0x141414ff,0x141414ff,0x141414ff,0x151515ff,0x151414ff,0x151515ff,0x141415ff,0x141515ff,
0x141414ff,0x141414ff,0x151515ff,0x151514ff,0x151514ff,0x151515ff,0x141515ff,0x151415ff,0x151414ff,0x151414ff,0x151414ff,0x141514ff,0x141514ff,0x141414ff,0x141414ff,0x141414ff,0x141414ff,0x131314ff,0x131313ff,0x131313ff,0x121313ff,0x131313ff,
0x121312ff,0x121312ff,0x121112ff,0x121211ff,0x121111ff,0x111111ff,0x101010ff,0x101010ff,0x101010ff,0x10100fff,0xf0f0fff,0xf0f0fff,0xe0f0fff,0xe0e0eff,0xe0e0eff,0xe0d0eff,0xd0d0dff,0xc0c0dff,0xc0c0cff,0xb0c0bff,0xb0b0cff,0xb0b0bff,
0xa0b0aff,0xa0a0aff,0x90909ff,0x90908ff,0x90808ff,0x70708ff,0x70707ff,0x70606ff,0x50606ff,0x50505ff,0x40505ff,0x40404ff,0x30303ff,0x30302ff,0x20202ff,0x20201ff,0x10101ff,0xff,0xff,0x10000ff,0xff,0xff,
0xff,0xff,0xff,0x100ff,0x10001ff,0xff,0xff,0xff,0x100ff,0xff,0xff,0xff,0xff,0xff,0xff,0x1ff,0x100ff,0xff,0xff,0x1ff,0xff,0x1ff,
0xff,0xff,0xff,0xff,0x100ff,0x1ff,0xff,0xff,0x100ff,0xff,0xff,0xff,0xff,0xff,0xff,0xff,0x10000ff,0xff,0x100ff,0xff,0xff,0x1ff,
0xff,0xff,0xff,0xff,0xff,0xff,0xff,0xff,0xff,0xff,0x10000ff,0xff,0xff,0x10000ff,0x10000ff,0xff,0xff,0x10101ff,0x1ff,0xff,0xff,0xff,
0x10000ff,0x1ff,0xff,0xff,0xff,0xff,0xff,0xff,0xff,0xff,0xff,0xff,0xff,0x10001ff,0xff,0xff,0xff,0xff,0xff,0xff,0xff,0xff,
0xff,0xff,0xff,0xff,0xff,0xff,0xff,0xff,0xff,0xff,0xff,0xff,0xff,0xff,0xff,0xff,0xff,0xff,0xff,0xff,0x10000ff,0xff,
0xff,0xff,0xff,0xff,0xff,0xff,0xff,0xff,0x100ff,0xff,0x1ff,0xff,0xff,0xff,0xff,0xff,0xff,0xff,0xff,0xff,0xff,0xff,
0x1ff,0x10000ff,0x100ff,0xff,0xff,0x10100ff,0x1ff,0x10101ff,0x20202ff,0x20303ff,0x30303ff,0x40404ff,0x40505ff,0x50505ff,0x60605ff,0x70706ff,0x70706ff,0x70707ff,0x80808ff,0x80908ff,0x90909ff,0x90909ff,
0x90a0aff,0xa0a0aff,0xb0b0bff,0xb0b0bff,0xb0c0bff,0xc0c0cff,0xd0d0dff,0xc0d0dff,0xd0d0dff,0xe0e0dff,0xe0e0eff,0xf0e0eff,0xe0f0eff,0xf0f0fff,0xf0f0fff,0x101010ff,0x100f10ff,0x101010ff,0x101010ff,0x111010ff,0x111110ff,0x111111ff,
0x111211ff,0x111211ff,0x121212ff,0x121212ff,0x121212ff,0x121312ff,0x121213ff,0x131213ff,0x131313ff,0x131312ff,0x131313ff,0x131313ff,0x131313ff,0x131313ff,0x131313ff,0x131314ff,0x131313ff,0x131313ff,0x131314ff,0x141313ff,0x131413ff,0x131313ff,
0x131413ff,0x131313ff,0x131312ff,0x131312ff,0x121213ff,0x131213ff,0x131212ff,0x121212ff,0x121212ff,0x121212ff,0x121212ff,0x121212ff,0x111111ff,0x111111ff,0x101111ff,0x111011ff,0x111110ff,0x101010ff,0x100f10ff,0xf0f0fff,0x100f10ff,0xf0f0fff,
0xe0f0eff,0xe0e0fff,0xe0e0eff,0xd0d0dff,0xd0d0dff,0xc0d0dff,0xc0c0cff,0xc0c0cff,0xb0c0bff,0xb0b0bff,0xb0b0aff,0xa0a0aff,0x90a0aff,0x90a0aff,0x90909ff,0x80809ff,0x80708ff,0x70808ff,0x70606ff,0x60606ff,0x50606ff,0x50605ff,
0x50505ff,0x40404ff,0x40303ff,0x30202ff,0x20202ff,0x10201ff,0x10001ff,0xff,0x10000ff,0x1ff,0xff,0xff,0xff,0xff,0xff,0x10000ff,0xff,0xff,0xff,0xff,0xff,0x100ff,
0xff,0x10000ff,0xff,0xff,0xff,0xff,0xff,0xff,0xff,0x10000ff,0xff,0xff,0xff,0xff,0xff,0xff,0xff,0xff,0xff,0xff,0xff,0xff,
0xff,0xff,0xff,0xff,0xff,0xff,0xff,0x10100ff,0xff,0xff,0x1ff,0xff,0xff,0x100ff,0xff,0xff,0xff,0xff,0xff,0xff,0xff,0xff,
0xff,0xff,0xff,0xff,0xff,0xff,0xff,0xff,0xff,0xff,0x10000ff,0x100ff,0xff,0xff,0xff,0xff,0xff,0xff,0x1ff,0xff,0xff,0xff,
0xff,0xff,0xff,0xff,0xff,0x10000ff,0xff,0xff,0xff,0xff,0xff,0xff,0xff,0xff,0xff,0x100ff,0x10000ff,0xff,0x10000ff,0xff,0xff,0x1ff,
0x100ff,0xff,0xff,0xff,0x10000ff,0xff,0xff,0xff,0xff,0xff,0xff,0xff,0xff,0x1ff,0xff,0xff,0xff,0xff,0x10000ff,0xff,0x10000ff,0x100ff,
0xff,0x1ff,0xff,0x1ff,0xff,0x100ff,0xff,0xff,0xff,0xff,0xff,0xff,0xff,0x10000ff,0xff,0xff,0xff,0x10000ff,0xff,0xff,0xff,0xff,
0x10101ff,0x10102ff,0x20202ff,0x30202ff,0x30303ff,0x30404ff,0x40404ff,0x40505ff,0x60605ff,0x60506ff,0x60607ff,0x70707ff,0x70708ff,0x80807ff,0x90808ff,0x90909ff,0x90a09ff,0xa0a0aff,0xa0a0aff,0xb0b0bff,0xb0b0bff,0xb0b0cff,
0xc0c0cff,0xc0c0cff,0xc0d0cff,0xd0d0dff,0xd0d0dff,0xe0e0dff,0xe0e0dff,0xf0e0eff,0xe0f0fff,0xf0f0fff,0xf0f0fff,0xf0f10ff,0x10100fff,0x101010ff,0x101010ff,0x101010ff,0x101010ff,0x101111ff,0x111011ff,0x101011ff,0x111111ff,0x111111ff,
0x121111ff,0x111111ff,0x111111ff,0x121112ff,0x111111ff,0x111212ff,0x121112ff,0x111212ff,0x121212ff,0x111212ff,0x111211ff,0x111111ff,0x121211ff,0x121112ff,0x121212ff,0x121111ff,0x111211ff,0x111111ff,0x111111ff,0x111111ff,0x111111ff,0x111111ff,
0x101111ff,0x101010ff,0x111111ff,0x101010ff,0x101010ff,0x10100fff,0xf0f10ff,0x100f0fff,0xf0f0fff,0xf0e0fff,0xe0f0eff,0xe0f0eff,0xe0e0eff,0xe0d0dff,0xd0d0dff,0xc0d0cff,0xd0c0cff,0xc0c0cff,0xb0c0cff,0xb0b0cff,0xb0b0bff,0xb0a0aff,
0xa0b0aff,0xa0a0aff,0x9090aff,0x90908ff,0x80809ff,0x70708ff,0x70707ff,0x70707ff,0x60607ff,0x60606ff,0x50505ff,0x50405ff,0x40504ff,0x40403ff,0x40303ff,0x30303ff,0x20202ff,0x20101ff,0x10101ff,0xff,0xff,0xff,
0xff,0xff,0x10001ff,0xff,0x10000ff,0xff,0xff,0xff,0xff,0xff,0x10100ff,0xff,0xff,0xff,0xff,0x10000ff,0xff,0xff,0xff,0xff,0xff,0xff,
0xff,0xff,0x100ff,0xff,0xff,0x10000ff,0xff,0xff,0xff,0xff,0xff,0xff,0xff,0xff,0x1ff,0xff,0xff,0xff,0xff,0x100ff,0xff,0xff,
0xff,0xff,0xff,0xff,0xff,0xff,0xff,0xff,0x1ff,0xff,0xff,0xff,0xff,0xff,0xff,0xff,0xff,0xff,0xff,0xff,0x10000ff,0xff,
0x10000ff,0x1ff,0x100ff,0xff,0xff,0x10000ff,0xff,0x1ff,0xff,0xff,0xff,0x100ff,0x1ff,0xff,0xff,0xff,0xff,0xff,0xff,0xff,0xff,0x10000ff,
0xff,0xff,0xff,0x10000ff,0xff,0xff,0xff,0x100ff,0xff,0xff,0xff,0xff,0xff,0xff,0x1ff,0xff,0xff,0xff,0xff,0xff,0xff,0xff,
0xff,0xff,0xff,0xff,0xff,0xff,0xff,0xff,0xff,0xff,0xff,0xff,0xff,0x10000ff,0xff,0xff,0xff,0xff,0xff,0xff,0xff,0xff,
0xff,0x1ff,0xff,0xff,0xff,0xff,0xff,0xff,0xff,0xff,0xff,0xff,0xff,0xff,0xff,0x10000ff,0x10001ff,0x10101ff,0x20202ff,0x20302ff,0x30303ff,0x40304ff,
0x40404ff,0x40404ff,0x50605ff,0x50605ff,0x70606ff,0x60707ff,0x70707ff,0x80707ff,0x80807ff,0x90808ff,0x90909ff,0x90909ff,0xa0909ff,0xa0a0aff,0xa0a0aff,0xa0b0aff,0xb0b0bff,0xb0c0cff,0xc0b0cff,0xc0c0cff,0xd0d0cff,0xc0d0dff,
0xd0d0dff,0xd0d0dff,0xd0d0eff,0xe0e0eff,0xe0e0eff,0xe0f0eff,0xe0e0eff,0xf0f0fff,0xf0f0fff,0xf0f0fff,0xf0f0fff,0x100f0fff,0xf100fff,0xf100fff,0x101010ff,0x101010ff,0x101010ff,0x101010ff,0x101011ff,0x101010ff,0x101110ff,0x111110ff,
0x101010ff,0x101010ff,0x111010ff,0x101010ff,0x101011ff,0x111010ff,0x101010ff,0x111010ff,0x101010ff,0xf100fff,0x10100fff,0x100f10ff,0xf0f0fff,0xf0f10ff,0xf0f0fff,0xf0f0fff,0xe0f0fff,0xe0f0fff,0xf0e0eff,0xe0e0eff,0xe0e0eff,0xd0e0eff,
0xd0d0eff,0xd0d0dff,0xd0d0dff,0xd0d0dff,0xd0d0cff,0xc0c0cff,0xc0c0cff,0xb0c0cff,0xb0b0bff,0xb0a0bff,0xa0a0aff,0xa0a0aff,0xa0a0aff,0x90909ff,0x90909ff,0x90809ff,0x80808ff,0x70808ff,0x70707ff,0x60707ff,0x60706ff,0x60505ff,
0x50505ff,0x40504ff,0x40404ff,0x30304ff,0x30303ff,0x20303ff,0x10201ff,0x20101ff,0x10000ff,0xff,0xff,0xff,0xff,0xff,0xff,0xff,0xff,0x1ff,0xff,0xff,0xff,0xff,
0x1ff,0xff,0xff,0x10000ff,0xff,0xff,0xff,0xff,0xff,0x10000ff,0xff,0xff,0xff,0xff,0xff,0xff,0xff,0xff,0xff,0xff,0xff,0xff,
0xff,0x10000ff,0x10000ff,0xff,0xff,0xff,0xff,0x10000ff,0xff,0xff,0xff,0xff,0xff,0xff,0xff,0xff,0xff,0xff,0xff,0xff,0xff,0xff,
0xff,0xff,0xff,0xff,0xff,0xff,0xff,0xff,0xff,0x100ff,0x10001ff,0x100ff,0xff,0xff,0xff,0xff,0x100ff,0xff,0xff,0xff,0xff,0xff,
0xff,0xff,0xff,0xff,0xff,0xff,0xff,0xff,0xff,0x100ff,0xff,0xff,0xff,0xff,0xff,0x10000ff,0xff,0xff,0xff,0x10000ff,0xff,0xff,
0xff,0xff,0x100ff,0xff,0xff,0xff,0x101ff,0x1ff,0xff,0xff,0x10000ff,0xff,0xff,0xff,0xff,0xff,0x1ff,0xff,0xff,0x100ff,0xff,0xff,
0xff,0x1ff,0xff,0xff,0xff,0xff,0xff,0xff,0xff,0x10000ff,0xff,0x100ff,0xff,0xff,0xff,0xff,0xff,0x10000ff,0xff,0xff,0xff,0xff,
0xff,0xff,0x10000ff,0x100ff,0xff,0xff,0xff,0xff,0xff,0x1ff,0x100ff,0x10101ff,0x10102ff,0x20202ff,0x20203ff,0x30303ff,0x30403ff,0x40404ff,0x40405ff,0x50605ff,0x50506ff,0x60606ff,
0x70607ff,0x70707ff,0x70707ff,0x80808ff,0x80808ff,0x90809ff,0x90909ff,0x90909ff,0xa0a09ff,0xa0a0aff,0xa0a0bff,0xa0a0aff,0xb0b0bff,0xb0c0cff,0xc0c0bff,0xc0c0cff,0xc0c0cff,0xc0c0cff,0xd0c0dff,0xd0d0dff,0xd0d0dff,0xd0d0dff,
0xd0d0dff,0xe0d0eff,0xe0e0eff,0xe0e0eff,0xe0e0eff,0xe0e0eff,0xe0e0fff,0xe0e0eff,0xf0f0eff,0xf0e0eff,0xf0f0fff,0xf0e0fff,0xf0f0fff,0xe0f0fff,0xe0f0fff,0xe0f0eff,0xf0e0fff,0xf0f0eff,0xf0f0fff,0xf0f0fff,0xf0f0eff,0xf0e0fff,
0xe0f0fff,0xe0e0eff,0xe0e0fff,0xf0e0eff,0xe0e0eff,0xe0e0eff,0xe0e0eff,0xd0e0eff,0xd0e0dff,0xd0d0dff,0xd0d0dff,0xc0d0cff,0xd0d0dff,0xc0c0cff,0xc0c0cff,0xc0c0cff,0xc0c0bff,0xc0c0bff,0xb0b0bff,0xa0b0aff,0xa0a0bff,0xa0a0aff,
0x90909ff,0x90909ff,0x90908ff,0x80808ff,0x80808ff,0x80708ff,0x80808ff,0x60707ff,0x60607ff,0x60606ff,0x50606ff,0x60505ff,0x40504ff,0x40504ff,0x40403ff,0x30303ff,0x20203ff,0x20202ff,0x10101ff,0x10101ff,0x1ff,0xff,
0xff,0x100ff,0xff,0xff,0xff,0xff,0xff,0xff,0x10001ff,0x10000ff,0xff,0xff,0xff,0xff,0x1ff,0xff,0xff,0xff,0xff,0xff,0xff,0xff,
0xff,0xff,0xff,0xff,0xff,0x10000ff,0xff,0xff,0xff,0x10000ff,0xff,0xff,0xff,0xff,0xff,0xff,0x1ff,0xff,0xff,0xff,0x10100ff,0xff,
0xff,0xff,0xff,0xff,0xff,0xff,0xff,0xff,0xff,0x100ff,0xff,0x10000ff,0xff,0xff,0xff,0xff,0xff,0xff,0xff,0xff,0x1ff,0xff,
0xff,0xff,0xff,0xff,0x100ff,0xff,0xff,0xff,0xff,0xff,0xff,0xff,0xff,0xff,0xff,0x10000ff,0xff,0xff,0xff,0xff,0xff,0xff,
0xff,0xff,0xff,0x10001ff,0xff,0xff,0xff,0xff,0x10000ff,0xff,0xff,0xff,0xff,0xff,0xff,0xff,0xff,0xff,0xff,0xff,0x10000ff,0xff,
0xff,0xff,0xff,0xff,0xff,0xff,0xff,0xff,0xff,0xff,0xff,0xff,0xff,0xff,0x1ff,0xff,0xff,0xff,0xff,0xff,0xff,0xff,
0xff,0xff,0xff,0xff,0xff,0xff,0xff,0x100ff,0xff,0x10000ff,0xff,0xff,0xff,0xff,0xff,0xff,0xff,0xff,0xff,0xff,0xff,0x10000ff,
0xff,0xff,0xff,0xff,0xff,0x100ff,0x10101ff,0x20101ff,0x20203ff,0x30203ff,0x30303ff,0x40404ff,0x40404ff,0x40505ff,0x50505ff,0x50605ff,0x60606ff,0x70707ff,0x60607ff,0x70707ff,0x70807ff,0x80808ff,
0x80808ff,0x80908ff,0x90909ff,0xa0909ff,0x90a09ff,0x9090aff,0xa0a0aff,0xa0b0aff,0xb0b0bff,0xb0b0bff,0xb0c0bff,0xb0b0cff,0xb0b0bff,0xb0c0cff,0xc0c0bff,0xc0c0cff,0xc0c0cff,0xd0d0cff,0xd0d0dff,0xc0d0dff,0xd0d0dff,0xd0d0dff,
0xd0d0dff,0xd0d0dff,0xd0d0dff,0xd0d0dff,0xd0d0dff,0xd0e0dff,0xe0d0dff,0xd0d0eff,0xd0d0dff,0xe0d0dff,0xe0e0dff,0xd0d0dff,0xd0d0dff,0xd0d0dff,0xd0d0dff,0xd0d0dff,0xd0d0dff,0xc0c0cff,0xd0d0dff,0xc0d0cff,0xd0c0dff,0xc0c0cff,
0xc0c0cff,0xb0c0cff,0xb0c0bff,0xb0b0bff,0xb0b0bff,0xa0b0bff,0xb0b0aff,0xa0a0aff,0xa0a0aff,0xa0a09ff,0x90909ff,0x90a0aff,0x90909ff,0x90809ff,0x80808ff,0x70807ff,0x80708ff,0x70707ff,0x60606ff,0x60606ff,0x60606ff,0x60506ff,
0x50505ff,0x50504ff,0x40504ff,0x40304ff,0x40303ff,0x30202ff,0x20202ff,0x20202ff,0x20101ff,0x10101ff,0xff,0xff,0x100ff,0xff,0xff,0xff,0xff,0xff,0xff,0xff,0x100ff,0xff,
0xff,0xff,0xff,0xff,0xff,0xff,0xff,0xff,0x100ff,0xff,0x100ff,0xff,0xff,0xff,0xff,0xff,0xff,0xff,0x1ff,0x10000ff,0x10000ff,0xff,
0x100ff,0xff,0xff,0x10001ff,0xff,0x100ff,0xff,0xff,0x100ff,0xff,0xff,0xff,0x1ff,0xff,0x1ff,0xff,0xff,0xff,0xff,0xff,0xff,0xff,
0xff,0xff,0x1ff,0x100ff,0xff,0xff,0x10000ff,0xff,0xff,0x1ff,0xff,0xff,0x1ff,0xff,0xff,0xff,0xff,0xff,0x10000ff,0xff,0x10100ff,0xff,
0xff,0xff,0xff,0xff,0xff,0x10000ff,0xff,0xff,0xff,0x100ff,0xff,0xff,0xff,0xff,0xff,0x10000ff,0xff,0xff,0xff,0xff,0xff,0x1ff,
0x100ff,0xff,0xff,0xff,0xff,0xff,0xff,0xff,0xff,0x100ff,0xff,0xff,0xff,0xff,0xff,0xff,0xff,0xff,0xff,0x100ff,0xff,0xff,
0xff,0xff,0x10000ff,0xff,0xff,0xff,0xff,0xff,0xff,0xff,0xff,0xff,0xff,0xff,0xff,0x1ff,0x101ff,0xff,0x1ff,0x100ff,0x1ff,0xff,
0xff,0x100ff,0xff,0xff,0xff,0xff,0xff,0x100ff,0xff,0xff,0xff,0x100ff,0x1ff,0x1ff,0xff,0xff,0xff,0xff,0xff,0xff,0x10000ff,0xff,
0x10101ff,0x10201ff,0x20102ff,0x20202ff,0x30203ff,0x30303ff,0x30403ff,0x40404ff,0x40505ff,0x50505ff,0x50505ff,0x60506ff,0x60606ff,0x60606ff,0x60607ff,0x70707ff,0x80708ff,0x80808ff,0x80808ff,0x80808ff,0x80808ff,0x90909ff,
0x90909ff,0x9090aff,0xa0a0aff,0xa0a09ff,0xa0a0aff,0xa0a0aff,0xb0a0aff,0xa0a0aff,0xb0b0bff,0xb0b0bff,0xc0b0bff,0xb0b0cff,0xb0b0bff,0xc0b0bff,0xb0b0bff,0xb0b0cff,0xc0c0cff,0xc0c0cff,0xc0c0cff,0xc0b0cff,0xc0c0cff,0xc0c0cff,
0xc0c0cff,0xc0c0cff,0xc0b0cff,0xc0c0cff,0xc0b0bff,0xb0c0cff,0xb0b0cff,0xb0b0cff,0xb0b0bff,0xc0b0bff,0xb0b0bff,0xb0b0bff,0xa0b0bff,0xb0a0bff,0xb0b0aff,0xa0a0aff,0xa0a0aff,0x90a0aff,0xa090aff,0x90909ff,0x90909ff,0x90909ff,
0x90908ff,0x90808ff,0x80808ff,0x80807ff,0x70707ff,0x80707ff,0x70607ff,0x60606ff,0x60606ff,0x60505ff,0x50505ff,0x50505ff,0x40404ff,0x40404ff,0x40403ff,0x30303ff,0x30303ff,0x20202ff,0x20202ff,0x20101ff,0x10001ff,0x100ff,
0xff,0xff,0xff,0xff,0x1ff,0x10100ff,0xff,0xff,0xff,0x1ff,0xff,0x10000ff,0xff,0xff,0xff,0xff,0xff,0xff,0xff,0xff,0xff,0x10000ff,
0xff,0xff,0xff,0xff,0xff,0xff,0xff,0xff,0xff,0xff,0xff,0xff,0xff,0xff,0xff,0xff,0xff,0x10000ff,0xff,0x10000ff,0x1ff,0xff,
0x1ff,0xff,0xff,0xff,0x10000ff,0x1ff,0xff,0xff,0xff,0xff,0xff,0xff,0xff,0xff,0x10000ff,0xff,0xff,0x10000ff,0xff,0xff,0xff,0xff,
0xff,0xff,0xff,0xff,0x1ff,0xff,0xff,0xff,0xff,0xff,0xff,0x10000ff,0xff,0xff,0x10000ff,0xff,0x10000ff,0xff,0xff,0xff,0xff,0xff,
0xff,0xff,0xff,0xff,0xff,0xff,0xff,0xff,0xff,0xff,0xff,0x100ff,0xff,0xff,0xff,0xff,0xff,0xff,0x100ff,0xff,0x10000ff,0xff,
0xff,0xff,0xff,0xff,0xff,0xff,0xff,0xff,0xff,0xff,0xff,0xff,0xff,0x1ff,0xff,0xff,0x100ff,0xff,0xff,0xff,0x100ff,0xff,
0x100ff,0xff,0xff,0xff,0xff,0xff,0xff,0xff,0xff,0x10000ff,0xff,0xff,0x1ff,0xff,0xff,0xff,0xff,0xff,0xff,0x10000ff,0xff,0xff,
0xff,0x10000ff,0xff,0xff,0xff,0xff,0xff,0x1ff,0xff,0xff,0xff,0xff,0xff,0xff,0xff,0x101ff,0x1ff,0x10101ff,0x10201ff,0x20102ff,0x20203ff,0x30303ff,
0x30303ff,0x40404ff,0x40404ff,0x40405ff,0x40404ff,0x50505ff,0x50605ff,0x50606ff,0x60606ff,0x70706ff,0x60606ff,0x70707ff,0x70707ff,0x70807ff,0x80808ff,0x80808ff,0x80808ff,0x80909ff,0x80908ff,0x90909ff,0x90909ff,0x90909ff,
0x90a09ff,0xa090aff,0xa090aff,0xa0a0aff,0xa0a0aff,0xa0a0aff,0xa0a0aff,0xa0a0aff,0xb0b0aff,0xb0b0aff,0xa0b0bff,0xb0a0aff,0xa0b0bff,0xa0b0aff,0xa0a0aff,0xb0b0bff,0xa0b0aff,0xa0a0aff,0xa0a0aff,0xa0a0aff,0xa0a0aff,0xa0a0aff,
0xa090aff,0xa0a0aff,0xa0a09ff,0xa0a09ff,0xa0a0aff,0x90909ff,0xa0909ff,0x90809ff,0x90908ff,0x90908ff,0x80808ff,0x70808ff,0x70808ff,0x80808ff,0x70707ff,0x60707ff,0x60606ff,0x70607ff,0x60606ff,0x50605ff,0x60505ff,0x50505ff,
0x40404ff,0x40404ff,0x40404ff,0x30303ff,0x30303ff,0x30303ff,0x20203ff,0x20202ff,0x20101ff,0x10101ff,0x10101ff,0xff,0x1ff,0xff,0xff,0xff,0x1ff,0xff,0xff,0xff,0xff,0x100ff,
0xff,0xff,0xff,0xff,0xff,0xff,0x1ff,0xff,0xff,0xff,0xff,0xff,0x1ff,0xff,0xff,0xff,0xff,0xff,0xff,0xff,0x10100ff,0xff,
0x1ff,0xff,0xff,0xff,0xff,0xff,0xff,0xff,0xff,0xff,0x100ff,0xff,0xff,0xff,0x10000ff,0xff,0xff,0xff,0xff,0xff,0x1ff,0xff,
0xff,0x100ff,0x100ff,0xff,0xff,0xff,0xff,0xff,0xff,0x10000ff,0xff,0xff,0xff,0x1ff,0xff,0x100ff,0xff,0xff,0xff,0xff,0xff,0xff,
0xff,0xff,0xff,0xff,0xff,0xff,0xff,0xff,0xff,0xff,0xff,0xff,0x100ff,0xff,0xff,0xff,0xff,0xff,0xff,0xff,0xff,0xff,
0xff,0xff,0xff,0xff,0x1ff,0xff,0xff,0xff,0xff,0xff,0xff,0xff,0x10000ff,0xff,0xff,0xff,0xff,0xff,0x10000ff,0xff,0xff,0xff,
0xff,0xff,0xff,0xff,0xff,0xff,0xff,0xff,0xff,0xff,0xff,0x1ff,0xff,0x10000ff,0xff,0xff,0x10000ff,0xff,0xff,0xff,0xff,0xff,
0xff,0xff,0xff,0xff,0xff,0xff,0xff,0xff,0xff,0xff,0xff,0xff,0xff,0x100ff,0xff,0xff,0xff,0x1ff,0xff,0xff,0xff,0xff,
0x100ff,0xff,0xff,0xff,0xff,0x100ff,0xff,0xff,0xff,0xff,0xff,0x1ff,0x10100ff,0x10101ff,0x20201ff,0x20202ff,0x20303ff,0x30203ff,0x30303ff,0x40404ff,0x40404ff,0x40404ff,
0x50505ff,0x50405ff,0x60505ff,0x50506ff,0x50606ff,0x60606ff,0x60606ff,0x60606ff,0x70706ff,0x60707ff,0x80707ff,0x70807ff,0x80808ff,0x80808ff,0x80808ff,0x80808ff,0x90808ff,0x90808ff,0x80808ff,0x80909ff,0x90809ff,0x90909ff,
0x90909ff,0x80909ff,0x90909ff,0x90908ff,0x90909ff,0x90909ff,0x90909ff,0x80908ff,0x90908ff,0x80909ff,0x80908ff,0x80809ff,0x90908ff,0x90809ff,0x90908ff,0x80908ff,0x90808ff,0x80808ff,0x80808ff,0x70808ff,0x70808ff,0x70808ff,
0x70707ff,0x60707ff,0x70707ff,0x60707ff,0x70706ff,0x60606ff,0x60505ff,0x60606ff,0x60605ff,0x50505ff,0x50504ff,0x40405ff,0x40404ff,0x30303ff,0x30304ff,0x20303ff,0x30302ff,0x20202ff,0x10101ff,0x10101ff,0x10101ff,0x10101ff,
0xff,0xff,0xff,0xff,0xff,0xff,0xff,0xff,0x100ff,0xff,0xff,0xff,0xff,0xff,0xff,0xff,0xff,0x100ff,0x1ff,0xff,0xff,0x1ff,
0x100ff,0xff,0xff,0xff,0x10001ff,0xff,0x100ff,0xff,0x10000ff,0xff,0xff,0xff,0xff,0xff,0xff,0xff,0xff,0xff,0xff,0xff,0xff,0xff,
0xff,0xff,0xff,0x100ff,0xff,0xff,0xff,0xff,0xff,0xff,0xff,0xff,0xff,0xff,0xff,0xff,0xff,0xff,0x1ff,0xff,0xff,0xff,
0x1ff,0xff,0xff,0xff,0xff,0xff,0xff,0xff,0xff,0xff,0xff,0xff,0xff,0xff,0xff,0xff,0xff,0xff,0x1ff,0xff,0xff,0xff,
0xff,0xff,0xff,0xff,0x100ff,0xff,0xff,0xff,0xff,0xff,0xff,0xff,0xff,0xff,0xff,0xff,0xff,0xff,0xff,0xff,0xff,0xff,
0xff,0xff,0xff,0xff,0xff,0xff,0xff,0xff,0xff,0xff,0xff,0x1ff,0xff,0x1ff,0x10000ff,0xff,0xff,0x10000ff,0xff,0x100ff,0xff,0xff,
0xff,0xff,0x100ff,0xff,0x1ff,0xff,0xff,0xff,0xff,0xff,0x1ff,0xff,0xff,0xff,0xff,0x10001ff,0xff,0xff,0xff,0xff,0xff,0x1ff,
0x10000ff,0xff,0x101ff,0xff,0xff,0x10000ff,0xff,0xff,0xff,0x100ff,0xff,0xff,0xff,0xff,0xff,0xff,0xff,0xff,0xff,0xff,0x10000ff,0x1ff,
0xff,0xff,0xff,0x100ff,0xff,0xff,0x10000ff,0x10101ff,0x10101ff,0x10101ff,0x20102ff,0x30202ff,0x30302ff,0x30303ff,0x30303ff,0x40304ff,0x40403ff,0x40404ff,0x50404ff,0x50405ff,0x40505ff,0x50505ff,
0x60505ff,0x50505ff,0x60605ff,0x60606ff,0x60606ff,0x70707ff,0x60607ff,0x70606ff,0x70707ff,0x70607ff,0x70607ff,0x70707ff,0x70707ff,0x70707ff,0x70708ff,0x80707ff,0x70707ff,0x70707ff,0x80707ff,0x80807ff,0x80707ff,0x80808ff,
0x80708ff,0x70707ff,0x70807ff,0x70707ff,0x70707ff,0x70707ff,0x70707ff,0x70707ff,0x70607ff,0x60606ff,0x70606ff,0x70606ff,0x60606ff,0x60606ff,0x60506ff,0x60506ff,0x60505ff,0x50505ff,0x50505ff,0x50505ff,0x40404ff,0x40404ff,
0x40404ff,0x30304ff,0x30403ff,0x20303ff,0x20202ff,0x20203ff,0x10202ff,0x10101ff,0x10101ff,0x101ff,0xff,0xff,0xff,0xff,0xff,0x10000ff,0xff,0xff,0x10000ff,0xff,0xff,0x10000ff,
0x1ff,0xff,0xff,0xff,0xff,0xff,0x10000ff,0xff,0xff,0xff,0xff,0xff,0xff,0xff,0xff,0xff,0x1ff,0xff,0xff,0xff,0xff,0xff,
0x10000ff,0xff,0xff,0xff,0xff,0xff,0xff,0xff,0xff,0xff,0xff,0xff,0xff,0xff,0xff,0xff,0xff,0xff,0xff,0xff,0xff,0xff,
0xff,0xff,0x100ff,0xff,0xff,0xff,0xff,0xff,0xff,0xff,0xff,0xff,0xff,0x10100ff,0xff,0xff,0x10000ff,0xff,0xff,0xff,0xff,0xff,
0xff,0xff,0xff,0xff,0xff,0xff,0xff,0xff,0xff,0xff,0xff,0xff,0x10000ff,0xff,0xff,0xff,0xff,0x10000ff,0xff,0xff,0xff,0xff,
0xff,0xff,0xff,0xff,0x100ff,0xff,0xff,0x10000ff,0xff,0x10001ff,0xff,0xff,0x100ff,0xff,0xff,0xff,0xff,0xff,0xff,0xff,0xff,0xff,
0x10000ff,0xff,0x100ff,0xff,0xff,0xff,0xff,0x10000ff,0xff,0xff,0xff,0xff,0xff,0xff,0xff,0xff,0xff,0xff,0xff,0xff,0xff,0xff,
0xff,0xff,0xff,0x10000ff,0xff,0xff,0xff,0xff,0xff,0xff,0x1ff,0xff,0xff,0x100ff,0x1ff,0xff,0xff,0xff,0xff,0xff,0xff,0xff,
0xff,0xff,0xff,0xff,0x100ff,0xff,0xff,0x100ff,0xff,0xff,0xff,0xff,0xff,0xff,0xff,0xff,0xff,0xff,0xff,0x1ff,0xff,0xff,
0xff,0xff,0xff,0x10001ff,0x10101ff,0x20101ff,0x20202ff,0x20202ff,0x30203ff,0x30202ff,0x30303ff,0x30403ff,0x40404ff,0x30304ff,0x40404ff,0x40404ff,0x40404ff,0x50405ff,0x40405ff,0x40505ff,0x50505ff,0x60505ff,
0x50505ff,0x60506ff,0x60505ff,0x60605ff,0x60605ff,0x60605ff,0x60506ff,0x60605ff,0x60606ff,0x60606ff,0x60606ff,0x60606ff,0x60606ff,0x60606ff,0x60606ff,0x60506ff,0x60606ff,0x60606ff,0x60606ff,0x60606ff,0x60505ff,0x50505ff,
0x50506ff,0x50505ff,0x50504ff,0x50405ff,0x50505ff,0x50404ff,0x40404ff,0x40404ff,0x40404ff,0x30304ff,0x30303ff,0x30303ff,0x30303ff,0x30303ff,0x30202ff,0x20202ff,0x20202ff,0x10102ff,0x10101ff,0x10101ff,0x100ff,0xff,
0xff,0xff,0x100ff,0xff,0xff,0xff,0xff,0xff,0x10000ff,0xff,0x10001ff,0xff,0xff,0xff,0xff,0xff,0x1ff,0xff,0xff,0xff,0xff,0xff,
0xff,0x1ff,0xff,0xff,0x1ff,0xff,0xff,0xff,0xff,0xff,0xff,0x10000ff,0xff,0xff,0xff,0x100ff,0xff,0xff,0xff,0xff,0xff,0xff,
0xff,0xff,0xff,0xff,0xff,0xff,0xff,0xff,0xff,0xff,0xff,0xff,0xff,0xff,0xff,0xff,0xff,0x100ff,0xff,0x10000ff,0xff,0xff,
0xff,0xff,0xff,0xff,0xff,0xff,0xff,0xff,0xff,0xff,0xff,0xff,0xff,0x100ff,0x10000ff,0x100ff,0x100ff,0xff,0xff,0xff,0xff,0xff,
0xff,0xff,0xff,0x1ff,0xff,0xff,0xff,0xff,0xff,0xff,0xff,0xff,0xff,0x1ff,0x100ff,0xff,0xff,0xff,0x100ff,0xff,0x10100ff,0x10000ff,
0xff,0x100ff,0xff,0xff,0xff,0x100ff,0xff,0xff,0xff,0xff,0x10000ff,0xff,0xff,0xff,0x100ff,0x1ff,0xff,0xff,0xff,0xff,0xff,0xff,
0xff,0xff,0xff,0x100ff,0xff,0xff,0xff,0xff,0x100ff,0xff,0xff,0xff,0xff,0xff,0x1ff,0x10000ff,0xff,0xff,0xff,0xff,0xff,0x100ff,
0xff,0xff,0xff,0xff,0xff,0xff,0xff,0xff,0xff,0xff,0xff,0xff,0xff,0xff,0xff,0xff,0xff,0xff,0xff,0x1ff,0xff,0xff,
0xff,0xff,0xff,0xff,0xff,0x100ff,0xff,0xff,0xff,0xff,0xff,0x1ff,0x100ff,0xff,0xff,0xff,0xff,0xff,0xff,0xff,0x10001ff,0x101ff,
0x10101ff,0x10101ff,0x10201ff,0x20202ff,0x20202ff,0x20202ff,0x20202ff,0x20302ff,0x30302ff,0x30303ff,0x30403ff,0x30304ff,0x40403ff,0x40304ff,0x40403ff,0x40404ff,0x40404ff,0x40404ff,0x50405ff,0x50404ff,0x40404ff,0x50504ff,
0x40404ff,0x40505ff,0x50404ff,0x40404ff,0x40504ff,0x40404ff,0x40504ff,0x50504ff,0x40404ff,0x40405ff,0x50504ff,0x40404ff,0x40404ff,0x40403ff,0x30403ff,0x30403ff,0x40304ff,0x30303ff,0x30304ff,0x30303ff,0x30303ff,0x30303ff,
0x30302ff,0x20202ff,0x20202ff,0x20202ff,0x10201ff,0x10101ff,0x10101ff,0x10100ff,0x100ff,0xff,0xff,0x10000ff,0xff,0x10000ff,0xff,0xff,0xff,0xff,0xff,0xff,0xff,0xff,
0xff,0xff,0xff,0xff,0xff,0xff,0xff,0xff,0xff,0xff,0xff,0xff,0x10000ff,0x10000ff,0xff,0xff,0xff,0xff,0xff,0x100ff,0xff,0xff,
0x100ff,0xff,0xff,0x100ff,0xff,0xff,0xff,0xff,0xff,0x100ff,0xff,0xff,0xff,0xff,0xff,0x10000ff,0xff,0x10000ff,0xff,0xff,0xff,0xff,
0xff,0x10100ff,0xff,0x10000ff,0xff,0xff,0xff,0xff,0xff,0xff,0x10000ff,0xff,0xff,0xff,0xff,0xff,0x10000ff,0x1ff,0xff,0x1ff,0xff,0xff,
0xff,0x10000ff,0xff,0x100ff,0xff,0xff,0x1ff,0x10000ff,0xff,0xff,0x100ff,0x10000ff,0xff,0x100ff,0xff,0xff,0x10000ff,0xff,0xff,0x100ff,0xff,0x10000ff,
0xff,0xff,0xff,0xff,0xff,0xff,0xff,0xff,0xff,0xff,0x101ff,0xff,0xff,0xff,0xff,0x100ff,0xff,0xff,0xff,0xff,0xff,0xff,
0xff,0xff,0xff,0x100ff,0xff,0xff,0x10000ff,0xff,0xff,0xff,0x10000ff,0xff,0xff,0x101ff,0xff,0xff,0x1ff,0x10100ff,0xff,0xff,0xff,0x1ff,
0x10000ff,0xff,0x1ff,0xff,0x100ff,0xff,0xff,0x1ff,0xff,0xff,0xff,0xff,0xff,0xff,0xff,0xff,0xff,0xff,0x10100ff,0xff,0xff,0xff,
0xff,0xff,0xff,0xff,0xff,0xff,0x100ff,0xff,0xff,0xff,0xff,0xff,0xff,0x1ff,0xff,0xff,0xff,0x100ff,0x1ff,0xff,0x100ff,0xff,
0xff,0x1ff,0xff,0xff,0x1ff,0xff,0xff,0xff,0xff,0xff,0xff,0xff,0x100ff,0xff,0xff,0xff,0xff,0x1ff,0x10100ff,0x101ff,0x10101ff,0x10101ff,
0x10101ff,0x10202ff,0x20202ff,0x20202ff,0x20302ff,0x30202ff,0x30202ff,0x30203ff,0x30203ff,0x30303ff,0x20303ff,0x20303ff,0x30302ff,0x30303ff,0x30303ff,0x30303ff,0x30303ff,0x30303ff,0x30303ff,0x30303ff,0x30303ff,0x30203ff,
0x30302ff,0x30303ff,0x20203ff,0x30202ff,0x20203ff,0x20303ff,0x20302ff,0x20202ff,0x20202ff,0x20102ff,0x20202ff,0x10202ff,0x20101ff,0x10102ff,0x10101ff,0x10001ff,0xff,0x1ff,0xff,0xff,0xff,0xff,
0xff,0xff,0xff,0xff,0xff,0xff,0xff,0x10000ff,0xff,0xff,0x10100ff,0xff,0xff,0xff,0xff,0xff,0xff,0xff,0xff,0x10001ff,0x1ff,0xff,
0xff,0xff,0xff,0xff,0xff,0xff,0x10000ff,0xff,0xff,0xff,0xff,0x10100ff,0xff,0xff,0x1ff,0xff,0x1ff,0xff,0x10001ff,0xff,0x1ff,0x100ff,
0xff,0xff,0xff,0xff,0xff,0x1ff,0xff,0xff,0xff,0xff,0xff,0xff,0xff,0xff,0x10000ff,0xff,0xff,0x1ff,0xff,0xff,0x1ff,0xff,
0xff,0xff,0x10000ff,0xff,0xff,0xff,0xff,0xff,0xff,0xff,0xff,0xff,0x1ff,0x10000ff,0xff,0xff,0xff,0x100ff,0xff,0xff,0x1ff,0xff,
0xff,0xff,0xff,0xff,0xff,0xff,0xff,0xff,0x100ff,0xff,0x1ff,0x10000ff,0xff,0xff,0xff,0xff,0xff,0xff,0x1ff,0xff,0xff,0xff,
0xff,0xff,0xff,0xff,0xff,0xff,0xff,0xff,0x100ff,0xff,0x10000ff,0xff,0xff,0xff,0xff,0xff,0x100ff,0x1ff,0xff,0xff,0xff,0xff,
0xff,0xff,0xff,0xff,0x1ff,0xff,0xff,0xff,0xff,0xff,0xff,0xff,0xff,0xff,0xff,0x1ff,0xff,0xff,0xff,0xff,0x10000ff,0xff,
0xff,0xff,0xff,0xff,0xff,0xff,0xff,0xff,0xff,0xff,0x100ff,0xff,0xff,0xff,0xff,0xff,0x1ff,0xff,0xff,0xff,0xff,0xff,
0x1ff,0xff,0x100ff,0xff,0xff,0xff,0xff,0xff,0xff,0xff,0xff,0xff,0xff,0xff,0x100ff,0xff,0x10000ff,0xff,0xff,0xff,0x10000ff,0x10000ff,
0xff,0xff,0xff,0x1ff,0xff,0xff,0xff,0xff,0x100ff,0xff,0xff,0x1ff,0x1ff,0xff,0xff,0x10000ff,0xff,0x100ff,0x10100ff,0x101ff,0x10101ff,0x10101ff,
0x20101ff,0x10101ff,0x10101ff,0x10102ff,0x10201ff,0x20101ff,0x20102ff,0x20101ff,0x20202ff,0x10101ff,0x20201ff,0x10202ff,0x20101ff,0x10102ff,0x10101ff,0x10201ff,0x10101ff,0x10101ff,0x10102ff,0x10101ff,0x10101ff,0x10101ff,
0x1ff,0x100ff,0x101ff,0x100ff,0xff,0xff,0xff,0xff,0xff,0xff,0xff,0xff,0xff,0x100ff,0xff,0xff,0xff,0xff,0xff,0xff,0xff,0xff,
0xff,0xff,0x1ff,0x10000ff,0xff,0xff,0xff,0xff,0xff,0x10000ff,0xff,0xff,0xff,0x100ff,0xff,0xff,0x1ff,0xff,0xff,0xff,0xff,0x1ff,
0xff,0xff,0x100ff,0xff,0xff,0x1ff,0xff,0x1ff,0xff,0xff,0x10000ff,0xff,0xff,0xff,0x100ff,0xff,0x10000ff,0xff,0xff,0xff,0xff,0xff,
0xff,0xff,0xff,0xff,0xff,0xff,0x100ff,0x1ff,0xff,0xff,0x10000ff,0xff,0xff,0xff,0xff,0xff,0xff,0xff,0xff,0xff,0xff,0x1ff,
0xff,0xff,0x1ff,0x100ff,0x100ff,0xff,0x1ff,0xff,0xff,0xff,0x10000ff,0xff,0x100ff,0xff,0xff,0xff,0xff,0xff,0xff,0xff,0xff,0x100ff,
0xff,0xff,0xff,0x100ff,0xff,0xff,0xff,0x100ff,0xff,0xff,0xff,0xff,0xff,0x100ff,0x1ff,0x1ff,0x1ff,0xff,0xff,0xff,0x100ff,0xff,
0xff,0xff,0x100ff,0xff,0xff,0xff,0xff,0xff,0xff,0xff,0x1ff,0xff,0xff,0x10000ff,0xff,0xff,0xff,0xff,0xff,0xff,0xff,0xff,
0x10000ff,0x100ff,0xff,0xff,0xff,0xff,0xff,0xff,0xff,0xff,0xff,0x1ff,0xff,0xff,0xff,0xff,0xff,0xff,0xff,0xff,0x1ff,0x1ff,
0xff,0xff,0x100ff,0xff,0xff,0xff,0x1ff,0x10000ff,0xff,0xff,0xff,0xff,0x100ff,0xff,0x10000ff,0xff,0xff,0x1ff,0x1ff,0xff,0xff,0xff,
0xff,0xff,0xff,0xff,0x10000ff,0xff,0xff,0xff,0xff,0xff,0xff,0xff,0xff,0xff,0xff,0x100ff,0x100ff,0xff,0xff,0x1ff,0xff,0xff,
0x1ff,0xff,0xff,0xff,0xff,0xff,0x1ff,0xff,0xff,0xff,0xff,0xff,0x100ff,0xff,0xff,0xff,0xff,0xff,0xff,0x1ff,0xff,0xff,
0x100ff,0xff,0x1ff,0xff,0xff,0xff,0xff,0x1ff,0xff,0xff,0x1ff,0xff,0xff,0xff,0x10000ff,0xff,0xff,0x100ff,0xff,0xff,0x1ff,0xff,
0x10000ff,0xff,0xff,0xff,0xff,0xff,0xff,0xff,0xff,0xff,0xff,0xff,0xff,0xff,0xff,0x100ff,0xff,0x10000ff,0xff,0xff,0x10000ff,0xff,
0xff,0xff,0xff,0xff,0xff,0xff,0xff,0xff,0x100ff,0xff,0xff,0xff,0xff,0xff,0xff,0xff,0x1ff,0x10000ff,0xff,0xff,0x10000ff,0x1ff,
0xff,0xff,0x1ff,0xff,0xff,0xff,0xff,0x10000ff,0xff,0x100ff,0x10000ff,0xff,0xff,0xff,0xff,0xff,0xff,0xff,0x10000ff,0xff,0xff,0xff,
0xff,0xff,0x100ff,0x1ff,0xff,0x10000ff,0xff,0xff,0xff,0xff,0xff,0xff,0x10000ff,0x10000ff,0x10000ff,0x100ff,0xff,0xff,0x100ff,0xff,0xff,0xff,
0xff,0xff,0xff,0xff,0xff,0xff,0xff,0xff,0x10000ff,0xff,0x1ff,0xff,0xff,0xff,0xff,0xff,0x10001ff,0x100ff,0xff,0xff
};
namespace mbm
{
    const IMAGE_RESOURCE resource_particle(widthImageFromResource_particle,heightImageFromResource_particle,sizeImageFromResource_particle,nickNameImageFromResource_particle,imageFromResource_particle,alphaImageFromResource_particle);
}

#endif
